relative_path,true_label,true_class,pred_label,pred_class,confidence,top2_margin,correct
waste_type_identification/battery/battery10.jpg,0,Battery,0,Battery,0.92459357,0.91029805,True
waste_type_identification/battery/battery102.jpg,0,Battery,0,Battery,0.91725653,0.90140045,True
waste_type_identification/battery/battery110.jpg,0,Battery,0,Battery,0.93947965,0.9269855,True
waste_type_identification/battery/battery111.jpg,0,Battery,0,Battery,0.9268529,0.9120353,True
waste_type_identification/battery/battery117.jpg,0,Battery,0,Battery,0.9444596,0.9336802,True
waste_type_identification/battery/battery118.jpg,0,Battery,0,Battery,0.9654226,0.95752007,True
waste_type_identification/battery/battery123.jpg,0,Battery,0,Battery,0.93381774,0.91859025,True
waste_type_identification/battery/battery128.jpg,0,Battery,0,Battery,0.94809693,0.93793607,True
waste_type_identification/battery/battery13.jpg,0,Battery,0,Battery,0.8502895,0.8067035,True
waste_type_identification/battery/battery130.jpg,0,Battery,2,Glass,0.6541577,0.48636675,False
waste_type_identification/battery/battery135.jpg,0,Battery,0,Battery,0.87801677,0.83808637,True
waste_type_identification/battery/battery141.jpg,0,Battery,0,Battery,0.9413415,0.92825294,True
waste_type_identification/battery/battery146.jpg,0,Battery,0,Battery,0.9231725,0.9059807,True
waste_type_identification/battery/battery151.jpg,0,Battery,0,Battery,0.9145396,0.89126414,True
waste_type_identification/battery/battery155.jpg,0,Battery,0,Battery,0.86288416,0.8224701,True
waste_type_identification/battery/battery157.jpg,0,Battery,0,Battery,0.9457191,0.9345757,True
waste_type_identification/battery/battery163.jpg,0,Battery,0,Battery,0.5660932,0.36448166,True
waste_type_identification/battery/battery171.jpg,0,Battery,0,Battery,0.94245964,0.928848,True
waste_type_identification/battery/battery176.jpg,0,Battery,0,Battery,0.9161071,0.8973938,True
waste_type_identification/battery/battery178.jpg,0,Battery,0,Battery,0.8859387,0.8546752,True
waste_type_identification/battery/battery181.jpg,0,Battery,0,Battery,0.90649813,0.88190687,True
waste_type_identification/battery/battery185.jpg,0,Battery,0,Battery,0.93861735,0.923038,True
waste_type_identification/battery/battery188.jpg,0,Battery,0,Battery,0.949924,0.93663645,True
waste_type_identification/battery/battery189.jpg,0,Battery,0,Battery,0.8393372,0.7824815,True
waste_type_identification/battery/battery191.jpg,0,Battery,0,Battery,0.90929645,0.8835617,True
waste_type_identification/battery/battery194.jpg,0,Battery,0,Battery,0.5289025,0.24893242,True
waste_type_identification/battery/battery195.jpg,0,Battery,0,Battery,0.9187227,0.9009955,True
waste_type_identification/battery/battery208.jpg,0,Battery,0,Battery,0.9311208,0.9159014,True
waste_type_identification/battery/battery214.jpg,0,Battery,0,Battery,0.93558496,0.9151605,True
waste_type_identification/battery/battery216.jpg,0,Battery,0,Battery,0.9362807,0.9208452,True
waste_type_identification/battery/battery22.jpg,0,Battery,0,Battery,0.89424115,0.865808,True
waste_type_identification/battery/battery223.jpg,0,Battery,0,Battery,0.9221257,0.8987935,True
waste_type_identification/battery/battery24.jpg,0,Battery,0,Battery,0.60923856,0.40765247,True
waste_type_identification/battery/battery242.jpg,0,Battery,0,Battery,0.86158425,0.8352954,True
waste_type_identification/battery/battery243.jpg,0,Battery,5,Papery,0.68858385,0.5355791,False
waste_type_identification/battery/battery244.jpg,0,Battery,0,Battery,0.9365044,0.92475903,True
waste_type_identification/battery/battery249.jpg,0,Battery,0,Battery,0.935816,0.92048645,True
waste_type_identification/battery/battery252.jpg,0,Battery,0,Battery,0.95344007,0.94352585,True
waste_type_identification/battery/battery268.jpg,0,Battery,0,Battery,0.8927105,0.87438047,True
waste_type_identification/battery/battery27.jpg,0,Battery,0,Battery,0.8791,0.84065497,True
waste_type_identification/battery/battery271.jpg,0,Battery,0,Battery,0.9414717,0.9299117,True
waste_type_identification/battery/battery28.jpg,0,Battery,0,Battery,0.84775066,0.78344166,True
waste_type_identification/battery/battery280.jpg,0,Battery,0,Battery,0.9297895,0.91637594,True
waste_type_identification/battery/battery284.jpg,0,Battery,0,Battery,0.90592587,0.8871905,True
waste_type_identification/battery/battery285.jpg,0,Battery,0,Battery,0.9451924,0.9342209,True
waste_type_identification/battery/battery292.jpg,0,Battery,0,Battery,0.90206933,0.8835336,True
waste_type_identification/battery/battery294.jpg,0,Battery,0,Battery,0.95302653,0.94376266,True
waste_type_identification/battery/battery295.jpg,0,Battery,0,Battery,0.92622125,0.91155136,True
waste_type_identification/battery/battery306.jpg,0,Battery,0,Battery,0.9355472,0.9231142,True
waste_type_identification/battery/battery315.jpg,0,Battery,0,Battery,0.9406095,0.9279068,True
waste_type_identification/battery/battery316.jpg,0,Battery,0,Battery,0.9413074,0.9289176,True
waste_type_identification/battery/battery317.jpg,0,Battery,0,Battery,0.9585679,0.94929683,True
waste_type_identification/battery/battery318.jpg,0,Battery,0,Battery,0.9514328,0.94157517,True
waste_type_identification/battery/battery325.jpg,0,Battery,0,Battery,0.9324765,0.9177691,True
waste_type_identification/battery/battery326.jpg,0,Battery,0,Battery,0.94417447,0.9325396,True
waste_type_identification/battery/battery341.jpg,0,Battery,0,Battery,0.9441337,0.933361,True
waste_type_identification/battery/battery342.jpg,0,Battery,0,Battery,0.92669415,0.91046715,True
waste_type_identification/battery/battery345.jpg,0,Battery,0,Battery,0.882931,0.85405844,True
waste_type_identification/battery/battery348.jpg,0,Battery,0,Battery,0.9158132,0.8982024,True
waste_type_identification/battery/battery359.jpg,0,Battery,0,Battery,0.9138973,0.8949203,True
waste_type_identification/battery/battery365.jpg,0,Battery,0,Battery,0.92205083,0.9061813,True
waste_type_identification/battery/battery377.jpg,0,Battery,0,Battery,0.9278137,0.9088016,True
waste_type_identification/battery/battery381.jpg,0,Battery,0,Battery,0.9434712,0.9313293,True
waste_type_identification/battery/battery383.jpg,0,Battery,0,Battery,0.93299186,0.91910017,True
waste_type_identification/battery/battery397.jpg,0,Battery,0,Battery,0.94649005,0.9346004,True
waste_type_identification/battery/battery402.jpg,0,Battery,0,Battery,0.8982657,0.8786966,True
waste_type_identification/battery/battery404.jpg,0,Battery,0,Battery,0.9282974,0.91434044,True
waste_type_identification/battery/battery408.jpg,0,Battery,0,Battery,0.92346436,0.9071431,True
waste_type_identification/battery/battery41.jpg,0,Battery,0,Battery,0.9194693,0.8983196,True
waste_type_identification/battery/battery429.jpg,0,Battery,0,Battery,0.9298174,0.9156614,True
waste_type_identification/battery/battery434.jpg,0,Battery,0,Battery,0.93777424,0.9252068,True
waste_type_identification/battery/battery44.jpg,0,Battery,0,Battery,0.8500009,0.8052066,True
waste_type_identification/battery/battery440.jpg,0,Battery,0,Battery,0.91018075,0.89173394,True
waste_type_identification/battery/battery446.jpg,0,Battery,0,Battery,0.9208208,0.9060393,True
waste_type_identification/battery/battery448.jpg,0,Battery,0,Battery,0.8856708,0.8592869,True
waste_type_identification/battery/battery45.jpg,0,Battery,0,Battery,0.8718146,0.83157486,True
waste_type_identification/battery/battery451.jpg,0,Battery,0,Battery,0.91823655,0.899698,True
waste_type_identification/battery/battery452.jpg,0,Battery,0,Battery,0.95002395,0.9404241,True
waste_type_identification/battery/battery457.jpg,0,Battery,0,Battery,0.9278387,0.91016656,True
waste_type_identification/battery/battery460.jpg,0,Battery,0,Battery,0.9327973,0.9184032,True
waste_type_identification/battery/battery465.jpg,0,Battery,0,Battery,0.94636756,0.9349989,True
waste_type_identification/battery/battery471.jpg,0,Battery,0,Battery,0.9229747,0.9076923,True
waste_type_identification/battery/battery476.jpg,0,Battery,0,Battery,0.9154835,0.8990898,True
waste_type_identification/battery/battery484.jpg,0,Battery,0,Battery,0.9300579,0.9153015,True
waste_type_identification/battery/battery491.jpg,0,Battery,0,Battery,0.939675,0.92649907,True
waste_type_identification/battery/battery508.jpg,0,Battery,0,Battery,0.92177045,0.901903,True
waste_type_identification/battery/battery509.jpg,0,Battery,0,Battery,0.93997693,0.92882776,True
waste_type_identification/battery/battery511.jpg,0,Battery,0,Battery,0.92678744,0.9134891,True
waste_type_identification/battery/battery512.jpg,0,Battery,0,Battery,0.9383308,0.92168695,True
waste_type_identification/battery/battery513.jpg,0,Battery,0,Battery,0.9379712,0.92508596,True
waste_type_identification/battery/battery514.jpg,0,Battery,0,Battery,0.9209469,0.9053387,True
waste_type_identification/battery/battery519.jpg,0,Battery,0,Battery,0.9105747,0.8925478,True
waste_type_identification/battery/battery523.jpg,0,Battery,0,Battery,0.9435778,0.9324106,True
waste_type_identification/battery/battery526.jpg,0,Battery,0,Battery,0.9400523,0.92809933,True
waste_type_identification/battery/battery527.jpg,0,Battery,0,Battery,0.9302455,0.9162679,True
waste_type_identification/battery/battery528.jpg,0,Battery,0,Battery,0.9411447,0.93022007,True
waste_type_identification/battery/battery535.jpg,0,Battery,0,Battery,0.9302421,0.91494626,True
waste_type_identification/battery/battery54.jpg,0,Battery,0,Battery,0.92396986,0.9078428,True
waste_type_identification/battery/battery541.jpg,0,Battery,0,Battery,0.9101377,0.89287573,True
waste_type_identification/battery/battery542.jpg,0,Battery,0,Battery,0.73531246,0.627408,True
waste_type_identification/battery/battery548.jpg,0,Battery,0,Battery,0.9222569,0.9052638,True
waste_type_identification/battery/battery551.jpg,0,Battery,0,Battery,0.9254379,0.91215193,True
waste_type_identification/battery/battery553.jpg,0,Battery,0,Battery,0.8929308,0.8591627,True
waste_type_identification/battery/battery557.jpg,0,Battery,0,Battery,0.95138305,0.94208723,True
waste_type_identification/battery/battery559.jpg,0,Battery,0,Battery,0.8747121,0.8498212,True
waste_type_identification/battery/battery568.jpg,0,Battery,0,Battery,0.94076145,0.92808384,True
waste_type_identification/battery/battery571.jpg,0,Battery,0,Battery,0.96954834,0.9631752,True
waste_type_identification/battery/battery586.jpg,0,Battery,0,Battery,0.9373067,0.9244682,True
waste_type_identification/battery/battery591.jpg,0,Battery,0,Battery,0.9326406,0.9201847,True
waste_type_identification/battery/battery598.jpg,0,Battery,0,Battery,0.9353574,0.922203,True
waste_type_identification/battery/battery6.jpg,0,Battery,0,Battery,0.69315135,0.5855503,True
waste_type_identification/battery/battery60.jpg,0,Battery,0,Battery,0.92528665,0.9049155,True
waste_type_identification/battery/battery603.jpg,0,Battery,0,Battery,0.9241276,0.90498865,True
waste_type_identification/battery/battery604.jpg,0,Battery,0,Battery,0.9359739,0.92114544,True
waste_type_identification/battery/battery605.jpg,0,Battery,0,Battery,0.8503554,0.8016129,True
waste_type_identification/battery/battery606.jpg,0,Battery,0,Battery,0.9383656,0.9268413,True
waste_type_identification/battery/battery607.jpg,0,Battery,0,Battery,0.94641477,0.935119,True
waste_type_identification/battery/battery608.jpg,0,Battery,0,Battery,0.91241735,0.8969886,True
waste_type_identification/battery/battery609.jpg,0,Battery,0,Battery,0.94207966,0.92856884,True
waste_type_identification/battery/battery615.jpg,0,Battery,0,Battery,0.9225951,0.90872043,True
waste_type_identification/battery/battery616.jpg,0,Battery,0,Battery,0.92777944,0.91249615,True
waste_type_identification/battery/battery619.jpg,0,Battery,0,Battery,0.80794704,0.71484065,True
waste_type_identification/battery/battery632.jpg,0,Battery,0,Battery,0.9291708,0.91534233,True
waste_type_identification/battery/battery64.jpg,0,Battery,0,Battery,0.623408,0.5419638,True
waste_type_identification/battery/battery650.jpg,0,Battery,0,Battery,0.89378154,0.8732754,True
waste_type_identification/battery/battery652.jpg,0,Battery,0,Battery,0.9327684,0.9207205,True
waste_type_identification/battery/battery678.jpg,0,Battery,0,Battery,0.9369286,0.92350423,True
waste_type_identification/battery/battery681.jpg,0,Battery,0,Battery,0.9041165,0.88308483,True
waste_type_identification/battery/battery682.jpg,0,Battery,0,Battery,0.6611747,0.488072,True
waste_type_identification/battery/battery689.jpg,0,Battery,0,Battery,0.90627426,0.8842832,True
waste_type_identification/battery/battery695.jpg,0,Battery,0,Battery,0.932419,0.9187816,True
waste_type_identification/battery/battery697.jpg,0,Battery,0,Battery,0.9176057,0.9026744,True
waste_type_identification/battery/battery706.jpg,0,Battery,0,Battery,0.9208657,0.9051137,True
waste_type_identification/battery/battery712.jpg,0,Battery,0,Battery,0.8975269,0.85583735,True
waste_type_identification/battery/battery714.jpg,0,Battery,0,Battery,0.959898,0.94960815,True
waste_type_identification/battery/battery717.jpg,0,Battery,0,Battery,0.93805146,0.92712396,True
waste_type_identification/battery/battery720.jpg,0,Battery,0,Battery,0.9379726,0.9260813,True
waste_type_identification/battery/battery728.jpg,0,Battery,7,Undifferentiated,0.35347843,0.21232891,False
waste_type_identification/battery/battery729.jpg,0,Battery,0,Battery,0.9308961,0.91683966,True
waste_type_identification/battery/battery73.jpg,0,Battery,0,Battery,0.8741479,0.8477306,True
waste_type_identification/battery/battery730.jpg,0,Battery,0,Battery,0.93946224,0.9280978,True
waste_type_identification/battery/battery731.jpg,0,Battery,0,Battery,0.49920008,0.2175602,True
waste_type_identification/battery/battery747.jpg,0,Battery,0,Battery,0.49689794,0.30412984,True
waste_type_identification/battery/battery751.jpg,0,Battery,0,Battery,0.9261375,0.9109752,True
waste_type_identification/battery/battery752.jpg,0,Battery,3,Metal,0.3972902,0.13200805,False
waste_type_identification/battery/battery753.jpg,0,Battery,0,Battery,0.910737,0.8939604,True
waste_type_identification/battery/battery754.jpg,0,Battery,0,Battery,0.94323313,0.9316919,True
waste_type_identification/battery/battery756.jpg,0,Battery,0,Battery,0.9259374,0.9093089,True
waste_type_identification/battery/battery76.jpg,0,Battery,0,Battery,0.8845657,0.86113155,True
waste_type_identification/battery/battery764.jpg,0,Battery,0,Battery,0.9152581,0.89274454,True
waste_type_identification/battery/battery768.jpg,0,Battery,0,Battery,0.9201419,0.9059632,True
waste_type_identification/battery/battery772.jpg,0,Battery,0,Battery,0.929022,0.9153836,True
waste_type_identification/battery/battery773.jpg,0,Battery,0,Battery,0.9331798,0.9160858,True
waste_type_identification/battery/battery787.jpg,0,Battery,0,Battery,0.9562314,0.94504434,True
waste_type_identification/battery/battery79.jpg,0,Battery,0,Battery,0.8534517,0.7997488,True
waste_type_identification/battery/battery791.jpg,0,Battery,0,Battery,0.95132166,0.93933094,True
waste_type_identification/battery/battery792.jpg,0,Battery,0,Battery,0.95463926,0.944994,True
waste_type_identification/battery/battery794.jpg,0,Battery,0,Battery,0.8522849,0.7995806,True
waste_type_identification/battery/battery795.jpg,0,Battery,0,Battery,0.90856284,0.8887359,True
waste_type_identification/battery/battery798.jpg,0,Battery,0,Battery,0.8836286,0.8598028,True
waste_type_identification/battery/battery799.jpg,0,Battery,0,Battery,0.9244816,0.90038687,True
waste_type_identification/battery/battery800.jpg,0,Battery,0,Battery,0.942387,0.9285239,True
waste_type_identification/battery/battery803.jpg,0,Battery,0,Battery,0.937046,0.92410964,True
waste_type_identification/battery/battery811.jpg,0,Battery,0,Battery,0.9182749,0.8962038,True
waste_type_identification/battery/battery82.jpg,0,Battery,0,Battery,0.9232917,0.9055269,True
waste_type_identification/battery/battery820.jpg,0,Battery,0,Battery,0.87775075,0.8405311,True
waste_type_identification/battery/battery824.jpg,0,Battery,0,Battery,0.8834665,0.8516419,True
waste_type_identification/battery/battery828.jpg,0,Battery,0,Battery,0.9193317,0.8908249,True
waste_type_identification/battery/battery830.jpg,0,Battery,0,Battery,0.8908002,0.8684537,True
waste_type_identification/battery/battery833.jpg,0,Battery,0,Battery,0.9426114,0.92890596,True
waste_type_identification/battery/battery836.jpg,0,Battery,0,Battery,0.847549,0.78526914,True
waste_type_identification/battery/battery839.jpg,0,Battery,0,Battery,0.5961973,0.35103852,True
waste_type_identification/battery/battery845.jpg,0,Battery,0,Battery,0.9247394,0.9064119,True
waste_type_identification/battery/battery847.jpg,0,Battery,0,Battery,0.9063565,0.88549924,True
waste_type_identification/battery/battery848.jpg,0,Battery,0,Battery,0.9613618,0.95274717,True
waste_type_identification/battery/battery855.jpg,0,Battery,0,Battery,0.9191726,0.90251964,True
waste_type_identification/battery/battery856.jpg,0,Battery,0,Battery,0.9078101,0.88787556,True
waste_type_identification/battery/battery861.jpg,0,Battery,0,Battery,0.5544332,0.31677786,True
waste_type_identification/battery/battery870.jpg,0,Battery,0,Battery,0.9235051,0.90767956,True
waste_type_identification/battery/battery874.jpg,0,Battery,0,Battery,0.9504301,0.9405075,True
waste_type_identification/battery/battery884.jpg,0,Battery,0,Battery,0.93219125,0.91327226,True
waste_type_identification/battery/battery888.jpg,0,Battery,0,Battery,0.92067736,0.9028564,True
waste_type_identification/battery/battery895.jpg,0,Battery,0,Battery,0.8660704,0.83520037,True
waste_type_identification/battery/battery900.jpg,0,Battery,0,Battery,0.9305162,0.9134444,True
waste_type_identification/battery/battery912.jpg,0,Battery,0,Battery,0.91930765,0.90200746,True
waste_type_identification/battery/battery929.jpg,0,Battery,0,Battery,0.93359774,0.92128986,True
waste_type_identification/battery/battery932.jpg,0,Battery,0,Battery,0.91326016,0.8932853,True
waste_type_identification/battery/battery943.jpg,0,Battery,0,Battery,0.94290024,0.9312632,True
waste_type_identification/battery/battery96.jpg,0,Battery,0,Battery,0.8289411,0.76296496,True
waste_type_identification/clothing/clothes/clothes10.jpg,1,Clothing,1,Clothing,0.79860574,0.7606973,True
waste_type_identification/clothing/clothes/clothes100.jpg,1,Clothing,1,Clothing,0.8155032,0.76615775,True
waste_type_identification/clothing/clothes/clothes1000.jpg,1,Clothing,1,Clothing,0.7909437,0.751867,True
waste_type_identification/clothing/clothes/clothes1006.jpg,1,Clothing,1,Clothing,0.78229886,0.7363966,True
waste_type_identification/clothing/clothes/clothes1007.jpg,1,Clothing,1,Clothing,0.77260464,0.7168417,True
waste_type_identification/clothing/clothes/clothes1008.jpg,1,Clothing,1,Clothing,0.84838074,0.81844234,True
waste_type_identification/clothing/clothes/clothes101.jpg,1,Clothing,1,Clothing,0.83777213,0.807502,True
waste_type_identification/clothing/clothes/clothes1016.jpg,1,Clothing,1,Clothing,0.83226293,0.8029335,True
waste_type_identification/clothing/clothes/clothes1017.jpg,1,Clothing,1,Clothing,0.8471541,0.81529725,True
waste_type_identification/clothing/clothes/clothes1022.jpg,1,Clothing,1,Clothing,0.84500843,0.81731,True
waste_type_identification/clothing/clothes/clothes1023.jpg,1,Clothing,1,Clothing,0.8069883,0.7601411,True
waste_type_identification/clothing/clothes/clothes103.jpg,1,Clothing,1,Clothing,0.7588235,0.7084546,True
waste_type_identification/clothing/clothes/clothes1030.jpg,1,Clothing,1,Clothing,0.7737531,0.7220258,True
waste_type_identification/clothing/clothes/clothes1032.jpg,1,Clothing,1,Clothing,0.81206256,0.77691793,True
waste_type_identification/clothing/clothes/clothes1034.jpg,1,Clothing,1,Clothing,0.85777324,0.8282512,True
waste_type_identification/clothing/clothes/clothes1036.jpg,1,Clothing,1,Clothing,0.8162462,0.77530694,True
waste_type_identification/clothing/clothes/clothes104.jpg,1,Clothing,1,Clothing,0.84806126,0.8168161,True
waste_type_identification/clothing/clothes/clothes1046.jpg,1,Clothing,1,Clothing,0.8414278,0.8079034,True
waste_type_identification/clothing/clothes/clothes1047.jpg,1,Clothing,1,Clothing,0.8061636,0.76538855,True
waste_type_identification/clothing/clothes/clothes1052.jpg,1,Clothing,1,Clothing,0.82369196,0.7825751,True
waste_type_identification/clothing/clothes/clothes1065.jpg,1,Clothing,1,Clothing,0.80730486,0.7713728,True
waste_type_identification/clothing/clothes/clothes1068.jpg,1,Clothing,1,Clothing,0.8278181,0.7859366,True
waste_type_identification/clothing/clothes/clothes1079.jpg,1,Clothing,1,Clothing,0.77347594,0.7197478,True
waste_type_identification/clothing/clothes/clothes1083.jpg,1,Clothing,1,Clothing,0.62477833,0.47961724,True
waste_type_identification/clothing/clothes/clothes1093.jpg,1,Clothing,1,Clothing,0.83209175,0.8021084,True
waste_type_identification/clothing/clothes/clothes1102.jpg,1,Clothing,1,Clothing,0.79427075,0.7516372,True
waste_type_identification/clothing/clothes/clothes1103.jpg,1,Clothing,1,Clothing,0.8348004,0.80623287,True
waste_type_identification/clothing/clothes/clothes1110.jpg,1,Clothing,1,Clothing,0.78633565,0.746424,True
waste_type_identification/clothing/clothes/clothes1111.jpg,1,Clothing,1,Clothing,0.8430201,0.8156141,True
waste_type_identification/clothing/clothes/clothes1113.jpg,1,Clothing,1,Clothing,0.7725779,0.731604,True
waste_type_identification/clothing/clothes/clothes1114.jpg,1,Clothing,1,Clothing,0.7982811,0.7521327,True
waste_type_identification/clothing/clothes/clothes1115.jpg,1,Clothing,1,Clothing,0.8235585,0.7864945,True
waste_type_identification/clothing/clothes/clothes1124.jpg,1,Clothing,1,Clothing,0.8061213,0.76979166,True
waste_type_identification/clothing/clothes/clothes1129.jpg,1,Clothing,1,Clothing,0.8515455,0.8245583,True
waste_type_identification/clothing/clothes/clothes1131.jpg,1,Clothing,1,Clothing,0.838916,0.808187,True
waste_type_identification/clothing/clothes/clothes1136.jpg,1,Clothing,1,Clothing,0.73033834,0.6783771,True
waste_type_identification/clothing/clothes/clothes1140.jpg,1,Clothing,1,Clothing,0.77167743,0.7257204,True
waste_type_identification/clothing/clothes/clothes1146.jpg,1,Clothing,1,Clothing,0.8064612,0.7675853,True
waste_type_identification/clothing/clothes/clothes1147.jpg,1,Clothing,1,Clothing,0.857095,0.82847005,True
waste_type_identification/clothing/clothes/clothes1152.jpg,1,Clothing,1,Clothing,0.7756777,0.7343832,True
waste_type_identification/clothing/clothes/clothes1166.jpg,1,Clothing,1,Clothing,0.82694745,0.7917993,True
waste_type_identification/clothing/clothes/clothes1176.jpg,1,Clothing,1,Clothing,0.8616966,0.82994986,True
waste_type_identification/clothing/clothes/clothes118.jpg,1,Clothing,1,Clothing,0.8150903,0.78169376,True
waste_type_identification/clothing/clothes/clothes1185.jpg,1,Clothing,1,Clothing,0.83987206,0.8055473,True
waste_type_identification/clothing/clothes/clothes1190.jpg,1,Clothing,1,Clothing,0.7953104,0.7022196,True
waste_type_identification/clothing/clothes/clothes1192.jpg,1,Clothing,1,Clothing,0.835932,0.8039205,True
waste_type_identification/clothing/clothes/clothes120.jpg,1,Clothing,1,Clothing,0.8237602,0.79148,True
waste_type_identification/clothing/clothes/clothes121.jpg,1,Clothing,1,Clothing,0.8395614,0.8103793,True
waste_type_identification/clothing/clothes/clothes1210.jpg,1,Clothing,1,Clothing,0.80800027,0.76986915,True
waste_type_identification/clothing/clothes/clothes1218.jpg,1,Clothing,1,Clothing,0.8693452,0.8382599,True
waste_type_identification/clothing/clothes/clothes1223.jpg,1,Clothing,1,Clothing,0.81224597,0.77572906,True
waste_type_identification/clothing/clothes/clothes1232.jpg,1,Clothing,1,Clothing,0.80669713,0.76758265,True
waste_type_identification/clothing/clothes/clothes1240.jpg,1,Clothing,1,Clothing,0.81558037,0.77881426,True
waste_type_identification/clothing/clothes/clothes1242.jpg,1,Clothing,1,Clothing,0.83530366,0.80200654,True
waste_type_identification/clothing/clothes/clothes1244.jpg,1,Clothing,1,Clothing,0.8090207,0.7760887,True
waste_type_identification/clothing/clothes/clothes1246.jpg,1,Clothing,1,Clothing,0.7929117,0.7510051,True
waste_type_identification/clothing/clothes/clothes1248.jpg,1,Clothing,1,Clothing,0.8125416,0.7791012,True
waste_type_identification/clothing/clothes/clothes1251.jpg,1,Clothing,1,Clothing,0.8132239,0.76674443,True
waste_type_identification/clothing/clothes/clothes1254.jpg,1,Clothing,1,Clothing,0.82400924,0.7903911,True
waste_type_identification/clothing/clothes/clothes1255.jpg,1,Clothing,1,Clothing,0.8288789,0.7941447,True
waste_type_identification/clothing/clothes/clothes1263.jpg,1,Clothing,1,Clothing,0.8011336,0.7681013,True
waste_type_identification/clothing/clothes/clothes1270.jpg,1,Clothing,1,Clothing,0.79484093,0.75480163,True
waste_type_identification/clothing/clothes/clothes1274.jpg,1,Clothing,1,Clothing,0.82029456,0.7798988,True
waste_type_identification/clothing/clothes/clothes1278.jpg,1,Clothing,1,Clothing,0.7946139,0.75874966,True
waste_type_identification/clothing/clothes/clothes1279.jpg,1,Clothing,1,Clothing,0.7864718,0.7490784,True
waste_type_identification/clothing/clothes/clothes1283.jpg,1,Clothing,1,Clothing,0.8023445,0.7653599,True
waste_type_identification/clothing/clothes/clothes1284.jpg,1,Clothing,1,Clothing,0.83538926,0.80195695,True
waste_type_identification/clothing/clothes/clothes1287.jpg,1,Clothing,1,Clothing,0.80537957,0.7686662,True
waste_type_identification/clothing/clothes/clothes1293.jpg,1,Clothing,1,Clothing,0.8266216,0.79744506,True
waste_type_identification/clothing/clothes/clothes1295.jpg,1,Clothing,1,Clothing,0.80760425,0.766662,True
waste_type_identification/clothing/clothes/clothes1302.jpg,1,Clothing,1,Clothing,0.8537344,0.82624876,True
waste_type_identification/clothing/clothes/clothes1305.jpg,1,Clothing,1,Clothing,0.807906,0.76829803,True
waste_type_identification/clothing/clothes/clothes1309.jpg,1,Clothing,1,Clothing,0.8380111,0.80683106,True
waste_type_identification/clothing/clothes/clothes1315.jpg,1,Clothing,1,Clothing,0.826047,0.79269946,True
waste_type_identification/clothing/clothes/clothes1324.jpg,1,Clothing,1,Clothing,0.8029846,0.7626946,True
waste_type_identification/clothing/clothes/clothes1333.jpg,1,Clothing,1,Clothing,0.84824014,0.81874615,True
waste_type_identification/clothing/clothes/clothes1335.jpg,1,Clothing,1,Clothing,0.8340178,0.80213886,True
waste_type_identification/clothing/clothes/clothes1336.jpg,1,Clothing,1,Clothing,0.85911655,0.83249205,True
waste_type_identification/clothing/clothes/clothes1345.jpg,1,Clothing,1,Clothing,0.80167204,0.7565249,True
waste_type_identification/clothing/clothes/clothes135.jpg,1,Clothing,1,Clothing,0.78025925,0.7359768,True
waste_type_identification/clothing/clothes/clothes1353.jpg,1,Clothing,1,Clothing,0.8175741,0.78059953,True
waste_type_identification/clothing/clothes/clothes1359.jpg,1,Clothing,1,Clothing,0.8300627,0.8018372,True
waste_type_identification/clothing/clothes/clothes1361.jpg,1,Clothing,1,Clothing,0.812039,0.77472657,True
waste_type_identification/clothing/clothes/clothes1364.jpg,1,Clothing,1,Clothing,0.82087123,0.7884118,True
waste_type_identification/clothing/clothes/clothes1367.jpg,1,Clothing,1,Clothing,0.790872,0.7421664,True
waste_type_identification/clothing/clothes/clothes1374.jpg,1,Clothing,1,Clothing,0.6310638,0.5595445,True
waste_type_identification/clothing/clothes/clothes1376.jpg,1,Clothing,1,Clothing,0.797381,0.7586397,True
waste_type_identification/clothing/clothes/clothes1383.jpg,1,Clothing,1,Clothing,0.78729784,0.7397955,True
waste_type_identification/clothing/clothes/clothes1387.jpg,1,Clothing,1,Clothing,0.8421819,0.8137762,True
waste_type_identification/clothing/clothes/clothes1395.jpg,1,Clothing,1,Clothing,0.79771364,0.7560646,True
waste_type_identification/clothing/clothes/clothes1396.jpg,1,Clothing,1,Clothing,0.7848332,0.7411806,True
waste_type_identification/clothing/clothes/clothes1399.jpg,1,Clothing,1,Clothing,0.7800257,0.72748387,True
waste_type_identification/clothing/clothes/clothes1407.jpg,1,Clothing,1,Clothing,0.8191186,0.78168553,True
waste_type_identification/clothing/clothes/clothes1410.jpg,1,Clothing,1,Clothing,0.82584774,0.7968792,True
waste_type_identification/clothing/clothes/clothes1419.jpg,1,Clothing,1,Clothing,0.85525286,0.82710975,True
waste_type_identification/clothing/clothes/clothes1425.jpg,1,Clothing,1,Clothing,0.8439883,0.8125477,True
waste_type_identification/clothing/clothes/clothes1428.jpg,1,Clothing,1,Clothing,0.8417478,0.81166595,True
waste_type_identification/clothing/clothes/clothes1431.jpg,1,Clothing,1,Clothing,0.8111207,0.774955,True
waste_type_identification/clothing/clothes/clothes1432.jpg,1,Clothing,1,Clothing,0.8190858,0.78438663,True
waste_type_identification/clothing/clothes/clothes1438.jpg,1,Clothing,1,Clothing,0.8309501,0.7976011,True
waste_type_identification/clothing/clothes/clothes1441.jpg,1,Clothing,1,Clothing,0.8007386,0.7670435,True
waste_type_identification/clothing/clothes/clothes1460.jpg,1,Clothing,1,Clothing,0.8317179,0.79760283,True
waste_type_identification/clothing/clothes/clothes1461.jpg,1,Clothing,1,Clothing,0.81129986,0.7766325,True
waste_type_identification/clothing/clothes/clothes1462.jpg,1,Clothing,1,Clothing,0.8374243,0.8064596,True
waste_type_identification/clothing/clothes/clothes1466.jpg,1,Clothing,1,Clothing,0.8445733,0.814767,True
waste_type_identification/clothing/clothes/clothes1467.jpg,1,Clothing,1,Clothing,0.7686822,0.7266639,True
waste_type_identification/clothing/clothes/clothes1471.jpg,1,Clothing,1,Clothing,0.8019139,0.7656626,True
waste_type_identification/clothing/clothes/clothes1472.jpg,1,Clothing,1,Clothing,0.8612978,0.825311,True
waste_type_identification/clothing/clothes/clothes1475.jpg,1,Clothing,1,Clothing,0.6596645,0.57779336,True
waste_type_identification/clothing/clothes/clothes1481.jpg,1,Clothing,1,Clothing,0.83863115,0.8057796,True
waste_type_identification/clothing/clothes/clothes149.jpg,1,Clothing,1,Clothing,0.82677376,0.78970873,True
waste_type_identification/clothing/clothes/clothes1496.jpg,1,Clothing,1,Clothing,0.816203,0.7781225,True
waste_type_identification/clothing/clothes/clothes15.jpg,1,Clothing,1,Clothing,0.7947736,0.74992836,True
waste_type_identification/clothing/clothes/clothes1512.jpg,1,Clothing,1,Clothing,0.81438607,0.75796425,True
waste_type_identification/clothing/clothes/clothes1515.jpg,1,Clothing,1,Clothing,0.78919786,0.7433204,True
waste_type_identification/clothing/clothes/clothes1516.jpg,1,Clothing,1,Clothing,0.82637876,0.79402745,True
waste_type_identification/clothing/clothes/clothes1523.jpg,1,Clothing,1,Clothing,0.7980658,0.7571016,True
waste_type_identification/clothing/clothes/clothes1528.jpg,1,Clothing,1,Clothing,0.78848,0.7415997,True
waste_type_identification/clothing/clothes/clothes153.jpg,1,Clothing,1,Clothing,0.8166074,0.78228545,True
waste_type_identification/clothing/clothes/clothes1530.jpg,1,Clothing,1,Clothing,0.841152,0.8086078,True
waste_type_identification/clothing/clothes/clothes1539.jpg,1,Clothing,1,Clothing,0.8415198,0.8107739,True
waste_type_identification/clothing/clothes/clothes1541.jpg,1,Clothing,1,Clothing,0.8228514,0.78763807,True
waste_type_identification/clothing/clothes/clothes1547.jpg,1,Clothing,1,Clothing,0.8196252,0.7822439,True
waste_type_identification/clothing/clothes/clothes1551.jpg,1,Clothing,1,Clothing,0.8311257,0.797743,True
waste_type_identification/clothing/clothes/clothes1556.jpg,1,Clothing,1,Clothing,0.807972,0.77353066,True
waste_type_identification/clothing/clothes/clothes1564.jpg,1,Clothing,1,Clothing,0.8312064,0.7995197,True
waste_type_identification/clothing/clothes/clothes1565.jpg,1,Clothing,1,Clothing,0.8535418,0.82639897,True
waste_type_identification/clothing/clothes/clothes1566.jpg,1,Clothing,1,Clothing,0.8334686,0.7997916,True
waste_type_identification/clothing/clothes/clothes157.jpg,1,Clothing,1,Clothing,0.8345499,0.8035045,True
waste_type_identification/clothing/clothes/clothes158.jpg,1,Clothing,1,Clothing,0.79454684,0.73935986,True
waste_type_identification/clothing/clothes/clothes1583.jpg,1,Clothing,1,Clothing,0.43766955,0.11916557,True
waste_type_identification/clothing/clothes/clothes1594.jpg,1,Clothing,1,Clothing,0.8301484,0.79845697,True
waste_type_identification/clothing/clothes/clothes1616.jpg,1,Clothing,1,Clothing,0.86288935,0.8327601,True
waste_type_identification/clothing/clothes/clothes1618.jpg,1,Clothing,1,Clothing,0.8312762,0.7886207,True
waste_type_identification/clothing/clothes/clothes1621.jpg,1,Clothing,1,Clothing,0.7135666,0.6187348,True
waste_type_identification/clothing/clothes/clothes1631.jpg,1,Clothing,1,Clothing,0.84028214,0.8026,True
waste_type_identification/clothing/clothes/clothes1632.jpg,1,Clothing,1,Clothing,0.83927774,0.80688876,True
waste_type_identification/clothing/clothes/clothes1637.jpg,1,Clothing,1,Clothing,0.80618685,0.76106024,True
waste_type_identification/clothing/clothes/clothes1640.jpg,1,Clothing,1,Clothing,0.82799125,0.79337764,True
waste_type_identification/clothing/clothes/clothes1641.jpg,1,Clothing,1,Clothing,0.75721675,0.6752984,True
waste_type_identification/clothing/clothes/clothes1642.jpg,1,Clothing,1,Clothing,0.775104,0.7244528,True
waste_type_identification/clothing/clothes/clothes1649.jpg,1,Clothing,1,Clothing,0.7903972,0.7427384,True
waste_type_identification/clothing/clothes/clothes165.jpg,1,Clothing,1,Clothing,0.8402621,0.79364806,True
waste_type_identification/clothing/clothes/clothes1652.jpg,1,Clothing,1,Clothing,0.8234514,0.7857045,True
waste_type_identification/clothing/clothes/clothes1654.jpg,1,Clothing,1,Clothing,0.8232675,0.7900694,True
waste_type_identification/clothing/clothes/clothes1660.jpg,1,Clothing,1,Clothing,0.767201,0.68634754,True
waste_type_identification/clothing/clothes/clothes1663.jpg,1,Clothing,1,Clothing,0.8227365,0.78812003,True
waste_type_identification/clothing/clothes/clothes1673.jpg,1,Clothing,1,Clothing,0.83498746,0.8003464,True
waste_type_identification/clothing/clothes/clothes1674.jpg,1,Clothing,1,Clothing,0.8413609,0.8134816,True
waste_type_identification/clothing/clothes/clothes1678.jpg,1,Clothing,1,Clothing,0.83027005,0.80146414,True
waste_type_identification/clothing/clothes/clothes1685.jpg,1,Clothing,1,Clothing,0.8169244,0.7847852,True
waste_type_identification/clothing/clothes/clothes1690.jpg,1,Clothing,1,Clothing,0.812533,0.77070206,True
waste_type_identification/clothing/clothes/clothes1691.jpg,1,Clothing,1,Clothing,0.82588416,0.79256064,True
waste_type_identification/clothing/clothes/clothes1696.jpg,1,Clothing,1,Clothing,0.7819651,0.74053466,True
waste_type_identification/clothing/clothes/clothes17.jpg,1,Clothing,1,Clothing,0.8571973,0.83224165,True
waste_type_identification/clothing/clothes/clothes1710.jpg,1,Clothing,1,Clothing,0.83081496,0.7942575,True
waste_type_identification/clothing/clothes/clothes1711.jpg,1,Clothing,1,Clothing,0.8234482,0.7927827,True
waste_type_identification/clothing/clothes/clothes1712.jpg,1,Clothing,1,Clothing,0.80337286,0.76821184,True
waste_type_identification/clothing/clothes/clothes1714.jpg,1,Clothing,1,Clothing,0.8024107,0.7582224,True
waste_type_identification/clothing/clothes/clothes1722.jpg,1,Clothing,1,Clothing,0.82363194,0.7713747,True
waste_type_identification/clothing/clothes/clothes1724.jpg,1,Clothing,1,Clothing,0.8220941,0.78805375,True
waste_type_identification/clothing/clothes/clothes1730.jpg,1,Clothing,1,Clothing,0.81836176,0.77078885,True
waste_type_identification/clothing/clothes/clothes1731.jpg,1,Clothing,1,Clothing,0.8262518,0.78985286,True
waste_type_identification/clothing/clothes/clothes1738.jpg,1,Clothing,1,Clothing,0.84569836,0.8014522,True
waste_type_identification/clothing/clothes/clothes1739.jpg,1,Clothing,1,Clothing,0.8132183,0.77757204,True
waste_type_identification/clothing/clothes/clothes1740.jpg,1,Clothing,1,Clothing,0.80090374,0.7544589,True
waste_type_identification/clothing/clothes/clothes1741.jpg,1,Clothing,1,Clothing,0.81496197,0.77762294,True
waste_type_identification/clothing/clothes/clothes1742.jpg,1,Clothing,1,Clothing,0.85271466,0.82180816,True
waste_type_identification/clothing/clothes/clothes1743.jpg,1,Clothing,1,Clothing,0.8082299,0.7714481,True
waste_type_identification/clothing/clothes/clothes1748.jpg,1,Clothing,1,Clothing,0.7693962,0.7269053,True
waste_type_identification/clothing/clothes/clothes1760.jpg,1,Clothing,1,Clothing,0.8303134,0.7946439,True
waste_type_identification/clothing/clothes/clothes1763.jpg,1,Clothing,1,Clothing,0.83068067,0.7949765,True
waste_type_identification/clothing/clothes/clothes1764.jpg,1,Clothing,1,Clothing,0.8302298,0.801206,True
waste_type_identification/clothing/clothes/clothes1784.jpg,1,Clothing,1,Clothing,0.8192637,0.7789805,True
waste_type_identification/clothing/clothes/clothes1795.jpg,1,Clothing,1,Clothing,0.81370145,0.7813636,True
waste_type_identification/clothing/clothes/clothes1796.jpg,1,Clothing,1,Clothing,0.80972564,0.7748068,True
waste_type_identification/clothing/clothes/clothes1797.jpg,1,Clothing,1,Clothing,0.8692113,0.84193647,True
waste_type_identification/clothing/clothes/clothes1800.jpg,1,Clothing,1,Clothing,0.848321,0.81940746,True
waste_type_identification/clothing/clothes/clothes1801.jpg,1,Clothing,5,Papery,0.48929617,0.31397128,False
waste_type_identification/clothing/clothes/clothes1803.jpg,1,Clothing,1,Clothing,0.82263756,0.78426087,True
waste_type_identification/clothing/clothes/clothes1808.jpg,1,Clothing,1,Clothing,0.8088158,0.77466744,True
waste_type_identification/clothing/clothes/clothes181.jpg,1,Clothing,1,Clothing,0.8126201,0.77920675,True
waste_type_identification/clothing/clothes/clothes1810.jpg,1,Clothing,1,Clothing,0.79339445,0.7573667,True
waste_type_identification/clothing/clothes/clothes1814.jpg,1,Clothing,1,Clothing,0.78101665,0.7434665,True
waste_type_identification/clothing/clothes/clothes1820.jpg,1,Clothing,1,Clothing,0.74917865,0.69808346,True
waste_type_identification/clothing/clothes/clothes1821.jpg,1,Clothing,1,Clothing,0.79820937,0.76168376,True
waste_type_identification/clothing/clothes/clothes1823.jpg,1,Clothing,3,Metal,0.5377192,0.32996404,False
waste_type_identification/clothing/clothes/clothes1824.jpg,1,Clothing,1,Clothing,0.85103995,0.8180377,True
waste_type_identification/clothing/clothes/clothes1825.jpg,1,Clothing,1,Clothing,0.8467558,0.8157066,True
waste_type_identification/clothing/clothes/clothes1827.jpg,1,Clothing,1,Clothing,0.8430556,0.80768216,True
waste_type_identification/clothing/clothes/clothes1829.jpg,1,Clothing,1,Clothing,0.81804436,0.78168523,True
waste_type_identification/clothing/clothes/clothes1839.jpg,1,Clothing,1,Clothing,0.81520057,0.78251636,True
waste_type_identification/clothing/clothes/clothes184.jpg,1,Clothing,1,Clothing,0.83702487,0.8014187,True
waste_type_identification/clothing/clothes/clothes1840.jpg,1,Clothing,1,Clothing,0.84321535,0.81541806,True
waste_type_identification/clothing/clothes/clothes1841.jpg,1,Clothing,1,Clothing,0.6362517,0.45938152,True
waste_type_identification/clothing/clothes/clothes1843.jpg,1,Clothing,1,Clothing,0.8293772,0.79916424,True
waste_type_identification/clothing/clothes/clothes1844.jpg,1,Clothing,1,Clothing,0.79920876,0.7604896,True
waste_type_identification/clothing/clothes/clothes1848.jpg,1,Clothing,1,Clothing,0.8738403,0.8520201,True
waste_type_identification/clothing/clothes/clothes1850.jpg,1,Clothing,1,Clothing,0.79586846,0.74465275,True
waste_type_identification/clothing/clothes/clothes1854.jpg,1,Clothing,1,Clothing,0.7758167,0.7345611,True
waste_type_identification/clothing/clothes/clothes1855.jpg,1,Clothing,1,Clothing,0.805993,0.76661706,True
waste_type_identification/clothing/clothes/clothes1858.jpg,1,Clothing,1,Clothing,0.8259837,0.79613805,True
waste_type_identification/clothing/clothes/clothes1859.jpg,1,Clothing,1,Clothing,0.8592995,0.83406603,True
waste_type_identification/clothing/clothes/clothes186.jpg,1,Clothing,1,Clothing,0.8179713,0.7790702,True
waste_type_identification/clothing/clothes/clothes1862.jpg,1,Clothing,1,Clothing,0.79085404,0.7529382,True
waste_type_identification/clothing/clothes/clothes1864.jpg,1,Clothing,1,Clothing,0.8191472,0.78738385,True
waste_type_identification/clothing/clothes/clothes1866.jpg,1,Clothing,1,Clothing,0.81604356,0.780075,True
waste_type_identification/clothing/clothes/clothes1869.jpg,1,Clothing,1,Clothing,0.8534154,0.821963,True
waste_type_identification/clothing/clothes/clothes1870.jpg,1,Clothing,1,Clothing,0.81453407,0.7813858,True
waste_type_identification/clothing/clothes/clothes1876.jpg,1,Clothing,1,Clothing,0.8655403,0.83849865,True
waste_type_identification/clothing/clothes/clothes1884.jpg,1,Clothing,1,Clothing,0.82217115,0.7859687,True
waste_type_identification/clothing/clothes/clothes1885.jpg,1,Clothing,1,Clothing,0.8387918,0.80793667,True
waste_type_identification/clothing/clothes/clothes1887.jpg,1,Clothing,1,Clothing,0.81196433,0.77685905,True
waste_type_identification/clothing/clothes/clothes1888.jpg,1,Clothing,1,Clothing,0.84228885,0.80322284,True
waste_type_identification/clothing/clothes/clothes1889.jpg,1,Clothing,1,Clothing,0.8080801,0.77256095,True
waste_type_identification/clothing/clothes/clothes189.jpg,1,Clothing,1,Clothing,0.8209774,0.7893283,True
waste_type_identification/clothing/clothes/clothes1892.jpg,1,Clothing,1,Clothing,0.78767604,0.7378153,True
waste_type_identification/clothing/clothes/clothes19.jpg,1,Clothing,1,Clothing,0.82908934,0.79546803,True
waste_type_identification/clothing/clothes/clothes1902.jpg,1,Clothing,1,Clothing,0.65654457,0.51567096,True
waste_type_identification/clothing/clothes/clothes1905.jpg,1,Clothing,1,Clothing,0.8346519,0.80766004,True
waste_type_identification/clothing/clothes/clothes1906.jpg,1,Clothing,1,Clothing,0.8055174,0.75446916,True
waste_type_identification/clothing/clothes/clothes1911.jpg,1,Clothing,1,Clothing,0.840619,0.811119,True
waste_type_identification/clothing/clothes/clothes1913.jpg,1,Clothing,1,Clothing,0.8257344,0.79236263,True
waste_type_identification/clothing/clothes/clothes1922.jpg,1,Clothing,1,Clothing,0.7233473,0.6367026,True
waste_type_identification/clothing/clothes/clothes1930.jpg,1,Clothing,1,Clothing,0.8742808,0.84286445,True
waste_type_identification/clothing/clothes/clothes1935.jpg,1,Clothing,1,Clothing,0.8278877,0.7968437,True
waste_type_identification/clothing/clothes/clothes1938.jpg,1,Clothing,1,Clothing,0.7823477,0.7115163,True
waste_type_identification/clothing/clothes/clothes1944.jpg,1,Clothing,1,Clothing,0.8089838,0.7638155,True
waste_type_identification/clothing/clothes/clothes1951.jpg,1,Clothing,1,Clothing,0.85384816,0.82078075,True
waste_type_identification/clothing/clothes/clothes1958.jpg,1,Clothing,1,Clothing,0.842075,0.8125376,True
waste_type_identification/clothing/clothes/clothes1964.jpg,1,Clothing,1,Clothing,0.58280826,0.4608852,True
waste_type_identification/clothing/clothes/clothes1973.jpg,1,Clothing,1,Clothing,0.8142374,0.78104174,True
waste_type_identification/clothing/clothes/clothes1988.jpg,1,Clothing,1,Clothing,0.8059939,0.7714573,True
waste_type_identification/clothing/clothes/clothes199.jpg,1,Clothing,1,Clothing,0.8325785,0.8023413,True
waste_type_identification/clothing/clothes/clothes1996.jpg,1,Clothing,1,Clothing,0.82729673,0.791157,True
waste_type_identification/clothing/clothes/clothes2004.jpg,1,Clothing,1,Clothing,0.82978714,0.7972365,True
waste_type_identification/clothing/clothes/clothes2006.jpg,1,Clothing,1,Clothing,0.8290004,0.7995316,True
waste_type_identification/clothing/clothes/clothes2016.jpg,1,Clothing,1,Clothing,0.84528947,0.8123106,True
waste_type_identification/clothing/clothes/clothes2020.jpg,1,Clothing,1,Clothing,0.8311095,0.79735607,True
waste_type_identification/clothing/clothes/clothes2025.jpg,1,Clothing,1,Clothing,0.87415504,0.852389,True
waste_type_identification/clothing/clothes/clothes2047.jpg,1,Clothing,1,Clothing,0.79307884,0.7507852,True
waste_type_identification/clothing/clothes/clothes2058.jpg,1,Clothing,1,Clothing,0.7782336,0.73599726,True
waste_type_identification/clothing/clothes/clothes2062.jpg,1,Clothing,1,Clothing,0.31295946,0.016948193,True
waste_type_identification/clothing/clothes/clothes2077.jpg,1,Clothing,1,Clothing,0.82301706,0.78825754,True
waste_type_identification/clothing/clothes/clothes2080.jpg,1,Clothing,1,Clothing,0.81624734,0.78036594,True
waste_type_identification/clothing/clothes/clothes2083.jpg,1,Clothing,1,Clothing,0.84577346,0.8152858,True
waste_type_identification/clothing/clothes/clothes2086.jpg,1,Clothing,1,Clothing,0.8297155,0.80000365,True
waste_type_identification/clothing/clothes/clothes2095.jpg,1,Clothing,1,Clothing,0.82502836,0.7914486,True
waste_type_identification/clothing/clothes/clothes2104.jpg,1,Clothing,1,Clothing,0.7838267,0.74208766,True
waste_type_identification/clothing/clothes/clothes2113.jpg,1,Clothing,1,Clothing,0.82202524,0.78597665,True
waste_type_identification/clothing/clothes/clothes2114.jpg,1,Clothing,1,Clothing,0.8044942,0.7536149,True
waste_type_identification/clothing/clothes/clothes2117.jpg,1,Clothing,1,Clothing,0.83627784,0.8023147,True
waste_type_identification/clothing/clothes/clothes2119.jpg,1,Clothing,1,Clothing,0.8138865,0.7793536,True
waste_type_identification/clothing/clothes/clothes2120.jpg,1,Clothing,1,Clothing,0.8439177,0.8079397,True
waste_type_identification/clothing/clothes/clothes2121.jpg,1,Clothing,1,Clothing,0.75910175,0.70831734,True
waste_type_identification/clothing/clothes/clothes2122.jpg,1,Clothing,1,Clothing,0.7950663,0.75440574,True
waste_type_identification/clothing/clothes/clothes2123.jpg,1,Clothing,1,Clothing,0.7882446,0.7395777,True
waste_type_identification/clothing/clothes/clothes2125.jpg,1,Clothing,1,Clothing,0.8294774,0.79670894,True
waste_type_identification/clothing/clothes/clothes2127.jpg,1,Clothing,1,Clothing,0.8066925,0.7659707,True
waste_type_identification/clothing/clothes/clothes2134.jpg,1,Clothing,1,Clothing,0.8170078,0.7830112,True
waste_type_identification/clothing/clothes/clothes2137.jpg,1,Clothing,1,Clothing,0.8464201,0.81483287,True
waste_type_identification/clothing/clothes/clothes2138.jpg,1,Clothing,1,Clothing,0.68389153,0.5836697,True
waste_type_identification/clothing/clothes/clothes2140.jpg,1,Clothing,1,Clothing,0.8161072,0.7784215,True
waste_type_identification/clothing/clothes/clothes2144.jpg,1,Clothing,1,Clothing,0.8278731,0.7942551,True
waste_type_identification/clothing/clothes/clothes2145.jpg,1,Clothing,1,Clothing,0.7902078,0.7471693,True
waste_type_identification/clothing/clothes/clothes215.jpg,1,Clothing,1,Clothing,0.82691365,0.78897375,True
waste_type_identification/clothing/clothes/clothes2150.jpg,1,Clothing,1,Clothing,0.7931246,0.7505023,True
waste_type_identification/clothing/clothes/clothes2155.jpg,1,Clothing,1,Clothing,0.8198639,0.7866885,True
waste_type_identification/clothing/clothes/clothes2156.jpg,1,Clothing,1,Clothing,0.8234197,0.7921089,True
waste_type_identification/clothing/clothes/clothes216.jpg,1,Clothing,1,Clothing,0.8177289,0.785058,True
waste_type_identification/clothing/clothes/clothes2169.jpg,1,Clothing,1,Clothing,0.8149748,0.779466,True
waste_type_identification/clothing/clothes/clothes217.jpg,1,Clothing,1,Clothing,0.79896206,0.75915825,True
waste_type_identification/clothing/clothes/clothes2172.jpg,1,Clothing,1,Clothing,0.7804069,0.73283565,True
waste_type_identification/clothing/clothes/clothes2175.jpg,1,Clothing,1,Clothing,0.81553453,0.7779027,True
waste_type_identification/clothing/clothes/clothes2176.jpg,1,Clothing,1,Clothing,0.77844626,0.73203194,True
waste_type_identification/clothing/clothes/clothes2179.jpg,1,Clothing,1,Clothing,0.83196795,0.8028851,True
waste_type_identification/clothing/clothes/clothes218.jpg,1,Clothing,1,Clothing,0.8594255,0.8338123,True
waste_type_identification/clothing/clothes/clothes2181.jpg,1,Clothing,1,Clothing,0.84268117,0.80980265,True
waste_type_identification/clothing/clothes/clothes2183.jpg,1,Clothing,1,Clothing,0.8481993,0.81724244,True
waste_type_identification/clothing/clothes/clothes2185.jpg,1,Clothing,1,Clothing,0.74400306,0.69550085,True
waste_type_identification/clothing/clothes/clothes2190.jpg,1,Clothing,1,Clothing,0.8095096,0.77043223,True
waste_type_identification/clothing/clothes/clothes2193.jpg,1,Clothing,1,Clothing,0.84348947,0.8142481,True
waste_type_identification/clothing/clothes/clothes2198.jpg,1,Clothing,1,Clothing,0.78283924,0.7332964,True
waste_type_identification/clothing/clothes/clothes2199.jpg,1,Clothing,1,Clothing,0.8078743,0.7748759,True
waste_type_identification/clothing/clothes/clothes2205.jpg,1,Clothing,1,Clothing,0.77096117,0.72631216,True
waste_type_identification/clothing/clothes/clothes2206.jpg,1,Clothing,1,Clothing,0.81719524,0.7841859,True
waste_type_identification/clothing/clothes/clothes2207.jpg,1,Clothing,1,Clothing,0.8255674,0.7787055,True
waste_type_identification/clothing/clothes/clothes2210.jpg,1,Clothing,1,Clothing,0.816629,0.78136605,True
waste_type_identification/clothing/clothes/clothes2218.jpg,1,Clothing,1,Clothing,0.80460185,0.76851726,True
waste_type_identification/clothing/clothes/clothes2226.jpg,1,Clothing,1,Clothing,0.6123731,0.5339049,True
waste_type_identification/clothing/clothes/clothes2229.jpg,1,Clothing,1,Clothing,0.81884754,0.78381157,True
waste_type_identification/clothing/clothes/clothes2240.jpg,1,Clothing,1,Clothing,0.84568787,0.815223,True
waste_type_identification/clothing/clothes/clothes2246.jpg,1,Clothing,1,Clothing,0.7999852,0.7535264,True
waste_type_identification/clothing/clothes/clothes2247.jpg,1,Clothing,1,Clothing,0.8476208,0.8177088,True
waste_type_identification/clothing/clothes/clothes2248.jpg,1,Clothing,1,Clothing,0.69888806,0.58581495,True
waste_type_identification/clothing/clothes/clothes2249.jpg,1,Clothing,1,Clothing,0.8115009,0.7765336,True
waste_type_identification/clothing/clothes/clothes225.jpg,1,Clothing,1,Clothing,0.8493312,0.8226316,True
waste_type_identification/clothing/clothes/clothes2253.jpg,1,Clothing,1,Clothing,0.7736003,0.728819,True
waste_type_identification/clothing/clothes/clothes2266.jpg,1,Clothing,1,Clothing,0.86345166,0.8370354,True
waste_type_identification/clothing/clothes/clothes2267.jpg,1,Clothing,1,Clothing,0.8104084,0.7698152,True
waste_type_identification/clothing/clothes/clothes2275.jpg,1,Clothing,1,Clothing,0.82615644,0.7922252,True
waste_type_identification/clothing/clothes/clothes2290.jpg,1,Clothing,1,Clothing,0.8178295,0.7819399,True
waste_type_identification/clothing/clothes/clothes2294.jpg,1,Clothing,1,Clothing,0.81353116,0.7803521,True
waste_type_identification/clothing/clothes/clothes2295.jpg,1,Clothing,1,Clothing,0.8061018,0.75961,True
waste_type_identification/clothing/clothes/clothes2296.jpg,1,Clothing,1,Clothing,0.82867587,0.79414696,True
waste_type_identification/clothing/clothes/clothes2306.jpg,1,Clothing,1,Clothing,0.81109893,0.7791622,True
waste_type_identification/clothing/clothes/clothes2310.jpg,1,Clothing,1,Clothing,0.8187063,0.750931,True
waste_type_identification/clothing/clothes/clothes2314.jpg,1,Clothing,1,Clothing,0.80305946,0.76550037,True
waste_type_identification/clothing/clothes/clothes2315.jpg,1,Clothing,1,Clothing,0.8108848,0.7721313,True
waste_type_identification/clothing/clothes/clothes2318.jpg,1,Clothing,1,Clothing,0.7346033,0.64292747,True
waste_type_identification/clothing/clothes/clothes2326.jpg,1,Clothing,1,Clothing,0.72078043,0.6395896,True
waste_type_identification/clothing/clothes/clothes2331.jpg,1,Clothing,1,Clothing,0.88065827,0.85743666,True
waste_type_identification/clothing/clothes/clothes2349.jpg,1,Clothing,1,Clothing,0.75687414,0.71464235,True
waste_type_identification/clothing/clothes/clothes2365.jpg,1,Clothing,1,Clothing,0.81120527,0.77212936,True
waste_type_identification/clothing/clothes/clothes2368.jpg,1,Clothing,1,Clothing,0.82698995,0.78709495,True
waste_type_identification/clothing/clothes/clothes2370.jpg,1,Clothing,1,Clothing,0.8295136,0.7948567,True
waste_type_identification/clothing/clothes/clothes2371.jpg,1,Clothing,1,Clothing,0.82362443,0.78795546,True
waste_type_identification/clothing/clothes/clothes2390.jpg,1,Clothing,1,Clothing,0.830492,0.7921863,True
waste_type_identification/clothing/clothes/clothes2391.jpg,1,Clothing,1,Clothing,0.7268565,0.681122,True
waste_type_identification/clothing/clothes/clothes2399.jpg,1,Clothing,1,Clothing,0.8282987,0.79731804,True
waste_type_identification/clothing/clothes/clothes2402.jpg,1,Clothing,1,Clothing,0.7877951,0.7434507,True
waste_type_identification/clothing/clothes/clothes2409.jpg,1,Clothing,1,Clothing,0.82576597,0.78718,True
waste_type_identification/clothing/clothes/clothes2411.jpg,1,Clothing,1,Clothing,0.8584632,0.82979053,True
waste_type_identification/clothing/clothes/clothes2414.jpg,1,Clothing,1,Clothing,0.8496166,0.8216758,True
waste_type_identification/clothing/clothes/clothes2415.jpg,1,Clothing,1,Clothing,0.83175164,0.8024654,True
waste_type_identification/clothing/clothes/clothes2417.jpg,1,Clothing,1,Clothing,0.8186194,0.78487295,True
waste_type_identification/clothing/clothes/clothes2418.jpg,1,Clothing,1,Clothing,0.81418025,0.7748012,True
waste_type_identification/clothing/clothes/clothes242.jpg,1,Clothing,1,Clothing,0.83002436,0.79358333,True
waste_type_identification/clothing/clothes/clothes2424.jpg,1,Clothing,1,Clothing,0.8112139,0.778187,True
waste_type_identification/clothing/clothes/clothes2430.jpg,1,Clothing,1,Clothing,0.84006315,0.8079746,True
waste_type_identification/clothing/clothes/clothes2435.jpg,1,Clothing,1,Clothing,0.80447185,0.76275945,True
waste_type_identification/clothing/clothes/clothes2442.jpg,1,Clothing,5,Papery,0.52317005,0.36363763,False
waste_type_identification/clothing/clothes/clothes2445.jpg,1,Clothing,1,Clothing,0.84025645,0.8100439,True
waste_type_identification/clothing/clothes/clothes2456.jpg,1,Clothing,1,Clothing,0.8473603,0.8187814,True
waste_type_identification/clothing/clothes/clothes2459.jpg,1,Clothing,1,Clothing,0.8411893,0.8146919,True
waste_type_identification/clothing/clothes/clothes2460.jpg,1,Clothing,1,Clothing,0.5026157,0.29600054,True
waste_type_identification/clothing/clothes/clothes2461.jpg,1,Clothing,1,Clothing,0.77436274,0.7333067,True
waste_type_identification/clothing/clothes/clothes2471.jpg,1,Clothing,1,Clothing,0.78050685,0.7438063,True
waste_type_identification/clothing/clothes/clothes2472.jpg,1,Clothing,1,Clothing,0.8043093,0.76806855,True
waste_type_identification/clothing/clothes/clothes2474.jpg,1,Clothing,1,Clothing,0.83209604,0.7992749,True
waste_type_identification/clothing/clothes/clothes2475.jpg,1,Clothing,1,Clothing,0.8612941,0.83397305,True
waste_type_identification/clothing/clothes/clothes248.jpg,1,Clothing,1,Clothing,0.8159267,0.77622235,True
waste_type_identification/clothing/clothes/clothes2480.jpg,1,Clothing,1,Clothing,0.8227949,0.788282,True
waste_type_identification/clothing/clothes/clothes2489.jpg,1,Clothing,1,Clothing,0.80347973,0.7648014,True
waste_type_identification/clothing/clothes/clothes2493.jpg,1,Clothing,1,Clothing,0.8322855,0.80164564,True
waste_type_identification/clothing/clothes/clothes25.jpg,1,Clothing,1,Clothing,0.8595715,0.8323038,True
waste_type_identification/clothing/clothes/clothes2504.jpg,1,Clothing,2,Glass,0.31607607,0.010063291,False
waste_type_identification/clothing/clothes/clothes2511.jpg,1,Clothing,1,Clothing,0.82267725,0.7809365,True
waste_type_identification/clothing/clothes/clothes2512.jpg,1,Clothing,1,Clothing,0.820138,0.7696723,True
waste_type_identification/clothing/clothes/clothes252.jpg,1,Clothing,1,Clothing,0.8198079,0.78415436,True
waste_type_identification/clothing/clothes/clothes2521.jpg,1,Clothing,1,Clothing,0.830938,0.79554147,True
waste_type_identification/clothing/clothes/clothes2532.jpg,1,Clothing,1,Clothing,0.8010496,0.7625567,True
waste_type_identification/clothing/clothes/clothes2536.jpg,1,Clothing,1,Clothing,0.8219911,0.7690568,True
waste_type_identification/clothing/clothes/clothes2537.jpg,1,Clothing,1,Clothing,0.81336665,0.77784324,True
waste_type_identification/clothing/clothes/clothes2539.jpg,1,Clothing,1,Clothing,0.81371963,0.76781523,True
waste_type_identification/clothing/clothes/clothes254.jpg,1,Clothing,1,Clothing,0.8011961,0.7627089,True
waste_type_identification/clothing/clothes/clothes2540.jpg,1,Clothing,1,Clothing,0.82265425,0.78256327,True
waste_type_identification/clothing/clothes/clothes2543.jpg,1,Clothing,1,Clothing,0.7891937,0.7382393,True
waste_type_identification/clothing/clothes/clothes2550.jpg,1,Clothing,1,Clothing,0.8112563,0.77785873,True
waste_type_identification/clothing/clothes/clothes2567.jpg,1,Clothing,1,Clothing,0.8218042,0.78924984,True
waste_type_identification/clothing/clothes/clothes2574.jpg,1,Clothing,1,Clothing,0.8316886,0.79521304,True
waste_type_identification/clothing/clothes/clothes2582.jpg,1,Clothing,1,Clothing,0.81354094,0.7759455,True
waste_type_identification/clothing/clothes/clothes2585.jpg,1,Clothing,1,Clothing,0.80582494,0.7720459,True
waste_type_identification/clothing/clothes/clothes2586.jpg,1,Clothing,1,Clothing,0.8345521,0.79396886,True
waste_type_identification/clothing/clothes/clothes2593.jpg,1,Clothing,1,Clothing,0.81299794,0.770477,True
waste_type_identification/clothing/clothes/clothes2605.jpg,1,Clothing,1,Clothing,0.80659413,0.76886123,True
waste_type_identification/clothing/clothes/clothes2611.jpg,1,Clothing,1,Clothing,0.79372376,0.75571734,True
waste_type_identification/clothing/clothes/clothes2615.jpg,1,Clothing,1,Clothing,0.819963,0.7825843,True
waste_type_identification/clothing/clothes/clothes2616.jpg,1,Clothing,1,Clothing,0.86066335,0.8302264,True
waste_type_identification/clothing/clothes/clothes2617.jpg,1,Clothing,1,Clothing,0.7844663,0.7437301,True
waste_type_identification/clothing/clothes/clothes2618.jpg,1,Clothing,1,Clothing,0.8373775,0.80428594,True
waste_type_identification/clothing/clothes/clothes2622.jpg,1,Clothing,1,Clothing,0.8102808,0.76204634,True
waste_type_identification/clothing/clothes/clothes2627.jpg,1,Clothing,1,Clothing,0.81498206,0.78126717,True
waste_type_identification/clothing/clothes/clothes2628.jpg,1,Clothing,1,Clothing,0.8051291,0.7705208,True
waste_type_identification/clothing/clothes/clothes264.jpg,1,Clothing,1,Clothing,0.8062189,0.76876783,True
waste_type_identification/clothing/clothes/clothes2644.jpg,1,Clothing,1,Clothing,0.81777847,0.7795026,True
waste_type_identification/clothing/clothes/clothes265.jpg,1,Clothing,1,Clothing,0.78532803,0.74941427,True
waste_type_identification/clothing/clothes/clothes2653.jpg,1,Clothing,1,Clothing,0.8276341,0.79005605,True
waste_type_identification/clothing/clothes/clothes266.jpg,1,Clothing,1,Clothing,0.7897881,0.7475795,True
waste_type_identification/clothing/clothes/clothes2668.jpg,1,Clothing,1,Clothing,0.82166594,0.7904364,True
waste_type_identification/clothing/clothes/clothes2669.jpg,1,Clothing,1,Clothing,0.8306739,0.7982339,True
waste_type_identification/clothing/clothes/clothes2670.jpg,1,Clothing,1,Clothing,0.8117713,0.76497465,True
waste_type_identification/clothing/clothes/clothes2676.jpg,1,Clothing,1,Clothing,0.5514176,0.4093448,True
waste_type_identification/clothing/clothes/clothes2678.jpg,1,Clothing,1,Clothing,0.7917392,0.75391996,True
waste_type_identification/clothing/clothes/clothes2680.jpg,1,Clothing,1,Clothing,0.81124216,0.78023374,True
waste_type_identification/clothing/clothes/clothes2687.jpg,1,Clothing,1,Clothing,0.8273294,0.7838769,True
waste_type_identification/clothing/clothes/clothes2698.jpg,1,Clothing,1,Clothing,0.826923,0.7959087,True
waste_type_identification/clothing/clothes/clothes2704.jpg,1,Clothing,1,Clothing,0.82512605,0.78867227,True
waste_type_identification/clothing/clothes/clothes271.jpg,1,Clothing,1,Clothing,0.8310926,0.7962398,True
waste_type_identification/clothing/clothes/clothes2716.jpg,1,Clothing,1,Clothing,0.84215015,0.80305505,True
waste_type_identification/clothing/clothes/clothes2720.jpg,1,Clothing,1,Clothing,0.82014996,0.784797,True
waste_type_identification/clothing/clothes/clothes2721.jpg,1,Clothing,1,Clothing,0.81677264,0.7853716,True
waste_type_identification/clothing/clothes/clothes2724.jpg,1,Clothing,1,Clothing,0.7923926,0.75548816,True
waste_type_identification/clothing/clothes/clothes2727.jpg,1,Clothing,1,Clothing,0.7820792,0.74100435,True
waste_type_identification/clothing/clothes/clothes2731.jpg,1,Clothing,2,Glass,0.30230233,0.052778617,False
waste_type_identification/clothing/clothes/clothes2733.jpg,1,Clothing,1,Clothing,0.8158683,0.77692324,True
waste_type_identification/clothing/clothes/clothes2739.jpg,1,Clothing,1,Clothing,0.80771476,0.76300466,True
waste_type_identification/clothing/clothes/clothes2744.jpg,1,Clothing,1,Clothing,0.82961833,0.7981626,True
waste_type_identification/clothing/clothes/clothes2751.jpg,1,Clothing,1,Clothing,0.7857834,0.7168342,True
waste_type_identification/clothing/clothes/clothes2753.jpg,1,Clothing,1,Clothing,0.8623851,0.83498394,True
waste_type_identification/clothing/clothes/clothes2759.jpg,1,Clothing,1,Clothing,0.79602855,0.7545256,True
waste_type_identification/clothing/clothes/clothes2771.jpg,1,Clothing,1,Clothing,0.836084,0.8028151,True
waste_type_identification/clothing/clothes/clothes2772.jpg,1,Clothing,1,Clothing,0.83244497,0.79962116,True
waste_type_identification/clothing/clothes/clothes2779.jpg,1,Clothing,1,Clothing,0.8446228,0.8162955,True
waste_type_identification/clothing/clothes/clothes2781.jpg,1,Clothing,1,Clothing,0.5196056,0.31859678,True
waste_type_identification/clothing/clothes/clothes2786.jpg,1,Clothing,1,Clothing,0.83647394,0.8058624,True
waste_type_identification/clothing/clothes/clothes279.jpg,1,Clothing,1,Clothing,0.8186937,0.786119,True
waste_type_identification/clothing/clothes/clothes2790.jpg,1,Clothing,1,Clothing,0.7212858,0.6164034,True
waste_type_identification/clothing/clothes/clothes2793.jpg,1,Clothing,1,Clothing,0.84868294,0.8185409,True
waste_type_identification/clothing/clothes/clothes2794.jpg,1,Clothing,1,Clothing,0.8332501,0.80099535,True
waste_type_identification/clothing/clothes/clothes2796.jpg,1,Clothing,1,Clothing,0.8051641,0.76239693,True
waste_type_identification/clothing/clothes/clothes2797.jpg,1,Clothing,1,Clothing,0.79706645,0.7611035,True
waste_type_identification/clothing/clothes/clothes281.jpg,1,Clothing,1,Clothing,0.8362391,0.8049126,True
waste_type_identification/clothing/clothes/clothes2810.jpg,1,Clothing,1,Clothing,0.7888912,0.74798197,True
waste_type_identification/clothing/clothes/clothes2822.jpg,1,Clothing,1,Clothing,0.78423154,0.7363248,True
waste_type_identification/clothing/clothes/clothes2826.jpg,1,Clothing,1,Clothing,0.85000265,0.8234234,True
waste_type_identification/clothing/clothes/clothes2828.jpg,1,Clothing,1,Clothing,0.803095,0.7612036,True
waste_type_identification/clothing/clothes/clothes2829.jpg,1,Clothing,1,Clothing,0.7934188,0.748232,True
waste_type_identification/clothing/clothes/clothes2830.jpg,1,Clothing,1,Clothing,0.7922219,0.7543888,True
waste_type_identification/clothing/clothes/clothes2833.jpg,1,Clothing,1,Clothing,0.78005135,0.738257,True
waste_type_identification/clothing/clothes/clothes2834.jpg,1,Clothing,1,Clothing,0.83180195,0.790657,True
waste_type_identification/clothing/clothes/clothes2835.jpg,1,Clothing,1,Clothing,0.8176327,0.77855635,True
waste_type_identification/clothing/clothes/clothes2836.jpg,1,Clothing,1,Clothing,0.78922945,0.7512622,True
waste_type_identification/clothing/clothes/clothes2838.jpg,1,Clothing,1,Clothing,0.837546,0.8005387,True
waste_type_identification/clothing/clothes/clothes2840.jpg,1,Clothing,1,Clothing,0.8106624,0.7640314,True
waste_type_identification/clothing/clothes/clothes2842.jpg,1,Clothing,1,Clothing,0.8200786,0.7845638,True
waste_type_identification/clothing/clothes/clothes2844.jpg,1,Clothing,1,Clothing,0.8166891,0.78487986,True
waste_type_identification/clothing/clothes/clothes2845.jpg,1,Clothing,1,Clothing,0.8465467,0.8153671,True
waste_type_identification/clothing/clothes/clothes2848.jpg,1,Clothing,1,Clothing,0.7744732,0.72866976,True
waste_type_identification/clothing/clothes/clothes285.jpg,1,Clothing,1,Clothing,0.85127693,0.80502546,True
waste_type_identification/clothing/clothes/clothes2851.jpg,1,Clothing,1,Clothing,0.8364687,0.7997372,True
waste_type_identification/clothing/clothes/clothes2853.jpg,1,Clothing,1,Clothing,0.82995325,0.78703034,True
waste_type_identification/clothing/clothes/clothes2857.jpg,1,Clothing,1,Clothing,0.83616394,0.8074937,True
waste_type_identification/clothing/clothes/clothes2858.jpg,1,Clothing,1,Clothing,0.80064154,0.7569677,True
waste_type_identification/clothing/clothes/clothes2863.jpg,1,Clothing,1,Clothing,0.8457327,0.8091047,True
waste_type_identification/clothing/clothes/clothes2866.jpg,1,Clothing,1,Clothing,0.82631135,0.79153365,True
waste_type_identification/clothing/clothes/clothes2868.jpg,1,Clothing,1,Clothing,0.8452837,0.8153039,True
waste_type_identification/clothing/clothes/clothes2870.jpg,1,Clothing,1,Clothing,0.7754896,0.73346627,True
waste_type_identification/clothing/clothes/clothes2872.jpg,1,Clothing,1,Clothing,0.81285834,0.7820616,True
waste_type_identification/clothing/clothes/clothes2875.jpg,1,Clothing,1,Clothing,0.7459194,0.69915426,True
waste_type_identification/clothing/clothes/clothes288.jpg,1,Clothing,1,Clothing,0.8324159,0.8010591,True
waste_type_identification/clothing/clothes/clothes2895.jpg,1,Clothing,1,Clothing,0.82656765,0.7891016,True
waste_type_identification/clothing/clothes/clothes2897.jpg,1,Clothing,1,Clothing,0.77238965,0.6965789,True
waste_type_identification/clothing/clothes/clothes2898.jpg,1,Clothing,1,Clothing,0.85205126,0.81838363,True
waste_type_identification/clothing/clothes/clothes2900.jpg,1,Clothing,1,Clothing,0.84944004,0.81833714,True
waste_type_identification/clothing/clothes/clothes2903.jpg,1,Clothing,1,Clothing,0.8175333,0.77809685,True
waste_type_identification/clothing/clothes/clothes2907.jpg,1,Clothing,1,Clothing,0.7965734,0.7635026,True
waste_type_identification/clothing/clothes/clothes2909.jpg,1,Clothing,1,Clothing,0.8049488,0.741594,True
waste_type_identification/clothing/clothes/clothes2915.jpg,1,Clothing,1,Clothing,0.83627385,0.8038642,True
waste_type_identification/clothing/clothes/clothes292.jpg,1,Clothing,1,Clothing,0.82339555,0.78728294,True
waste_type_identification/clothing/clothes/clothes2921.jpg,1,Clothing,1,Clothing,0.85052764,0.8212643,True
waste_type_identification/clothing/clothes/clothes2922.jpg,1,Clothing,1,Clothing,0.8026278,0.7565613,True
waste_type_identification/clothing/clothes/clothes2924.jpg,1,Clothing,1,Clothing,0.8555785,0.82955486,True
waste_type_identification/clothing/clothes/clothes2928.jpg,1,Clothing,1,Clothing,0.80535454,0.7576347,True
waste_type_identification/clothing/clothes/clothes2931.jpg,1,Clothing,1,Clothing,0.7995942,0.7630962,True
waste_type_identification/clothing/clothes/clothes2935.jpg,1,Clothing,1,Clothing,0.8137598,0.7802764,True
waste_type_identification/clothing/clothes/clothes2944.jpg,1,Clothing,1,Clothing,0.8006264,0.76282287,True
waste_type_identification/clothing/clothes/clothes2945.jpg,1,Clothing,1,Clothing,0.89583904,0.8571008,True
waste_type_identification/clothing/clothes/clothes2951.jpg,1,Clothing,1,Clothing,0.7949057,0.74990284,True
waste_type_identification/clothing/clothes/clothes2957.jpg,1,Clothing,1,Clothing,0.8259659,0.78499603,True
waste_type_identification/clothing/clothes/clothes2969.jpg,1,Clothing,1,Clothing,0.77566344,0.72955614,True
waste_type_identification/clothing/clothes/clothes2970.jpg,1,Clothing,1,Clothing,0.8115147,0.76980513,True
waste_type_identification/clothing/clothes/clothes2972.jpg,1,Clothing,1,Clothing,0.80409724,0.7566923,True
waste_type_identification/clothing/clothes/clothes2978.jpg,1,Clothing,1,Clothing,0.7944214,0.75667953,True
waste_type_identification/clothing/clothes/clothes2982.jpg,1,Clothing,1,Clothing,0.82445,0.79624087,True
waste_type_identification/clothing/clothes/clothes2983.jpg,1,Clothing,1,Clothing,0.80288774,0.76066667,True
waste_type_identification/clothing/clothes/clothes2990.jpg,1,Clothing,1,Clothing,0.80899566,0.7672747,True
waste_type_identification/clothing/clothes/clothes2997.jpg,1,Clothing,1,Clothing,0.82104516,0.78777313,True
waste_type_identification/clothing/clothes/clothes3009.jpg,1,Clothing,1,Clothing,0.7293102,0.61373854,True
waste_type_identification/clothing/clothes/clothes3015.jpg,1,Clothing,1,Clothing,0.8063803,0.76859075,True
waste_type_identification/clothing/clothes/clothes3017.jpg,1,Clothing,1,Clothing,0.7864289,0.74718106,True
waste_type_identification/clothing/clothes/clothes3026.jpg,1,Clothing,1,Clothing,0.81597847,0.7796346,True
waste_type_identification/clothing/clothes/clothes3028.jpg,1,Clothing,1,Clothing,0.8189956,0.78246415,True
waste_type_identification/clothing/clothes/clothes3034.jpg,1,Clothing,1,Clothing,0.8273876,0.7951205,True
waste_type_identification/clothing/clothes/clothes3037.jpg,1,Clothing,1,Clothing,0.80788654,0.7732809,True
waste_type_identification/clothing/clothes/clothes3041.jpg,1,Clothing,1,Clothing,0.8334096,0.8060846,True
waste_type_identification/clothing/clothes/clothes3049.jpg,1,Clothing,1,Clothing,0.7568288,0.7120317,True
waste_type_identification/clothing/clothes/clothes3059.jpg,1,Clothing,1,Clothing,0.7898328,0.7489481,True
waste_type_identification/clothing/clothes/clothes3089.jpg,1,Clothing,1,Clothing,0.78565985,0.74074763,True
waste_type_identification/clothing/clothes/clothes3098.jpg,1,Clothing,1,Clothing,0.8106315,0.7776976,True
waste_type_identification/clothing/clothes/clothes310.jpg,1,Clothing,1,Clothing,0.8397288,0.8014182,True
waste_type_identification/clothing/clothes/clothes3100.jpg,1,Clothing,1,Clothing,0.83912057,0.8056025,True
waste_type_identification/clothing/clothes/clothes3104.jpg,1,Clothing,1,Clothing,0.88126886,0.85667086,True
waste_type_identification/clothing/clothes/clothes3107.jpg,1,Clothing,1,Clothing,0.84959346,0.8191899,True
waste_type_identification/clothing/clothes/clothes3112.jpg,1,Clothing,1,Clothing,0.82433146,0.79148895,True
waste_type_identification/clothing/clothes/clothes3115.jpg,1,Clothing,1,Clothing,0.80576557,0.7634175,True
waste_type_identification/clothing/clothes/clothes3116.jpg,1,Clothing,1,Clothing,0.8028583,0.76529384,True
waste_type_identification/clothing/clothes/clothes3119.jpg,1,Clothing,1,Clothing,0.84337175,0.8120417,True
waste_type_identification/clothing/clothes/clothes3121.jpg,1,Clothing,1,Clothing,0.8459761,0.81762606,True
waste_type_identification/clothing/clothes/clothes3122.jpg,1,Clothing,1,Clothing,0.835635,0.8006108,True
waste_type_identification/clothing/clothes/clothes3127.jpg,1,Clothing,1,Clothing,0.8391509,0.8082958,True
waste_type_identification/clothing/clothes/clothes3132.jpg,1,Clothing,1,Clothing,0.72243327,0.6620087,True
waste_type_identification/clothing/clothes/clothes3137.jpg,1,Clothing,1,Clothing,0.7863218,0.7474107,True
waste_type_identification/clothing/clothes/clothes3141.jpg,1,Clothing,1,Clothing,0.8242733,0.79341525,True
waste_type_identification/clothing/clothes/clothes3142.jpg,1,Clothing,1,Clothing,0.8368354,0.807811,True
waste_type_identification/clothing/clothes/clothes3143.jpg,1,Clothing,1,Clothing,0.789472,0.75057334,True
waste_type_identification/clothing/clothes/clothes315.jpg,1,Clothing,1,Clothing,0.8588675,0.8301949,True
waste_type_identification/clothing/clothes/clothes3155.jpg,1,Clothing,1,Clothing,0.82235014,0.7889401,True
waste_type_identification/clothing/clothes/clothes3161.jpg,1,Clothing,1,Clothing,0.8575834,0.8207843,True
waste_type_identification/clothing/clothes/clothes3166.jpg,1,Clothing,1,Clothing,0.8477565,0.81683666,True
waste_type_identification/clothing/clothes/clothes3169.jpg,1,Clothing,1,Clothing,0.8566926,0.8304469,True
waste_type_identification/clothing/clothes/clothes3176.jpg,1,Clothing,1,Clothing,0.82843685,0.7814686,True
waste_type_identification/clothing/clothes/clothes3178.jpg,1,Clothing,1,Clothing,0.763828,0.7198694,True
waste_type_identification/clothing/clothes/clothes3180.jpg,1,Clothing,1,Clothing,0.7819392,0.7344234,True
waste_type_identification/clothing/clothes/clothes3181.jpg,1,Clothing,1,Clothing,0.8059691,0.76562226,True
waste_type_identification/clothing/clothes/clothes3184.jpg,1,Clothing,1,Clothing,0.8234417,0.75914323,True
waste_type_identification/clothing/clothes/clothes3186.jpg,1,Clothing,1,Clothing,0.8073722,0.77381605,True
waste_type_identification/clothing/clothes/clothes3189.jpg,1,Clothing,1,Clothing,0.82167125,0.7921764,True
waste_type_identification/clothing/clothes/clothes3198.jpg,1,Clothing,1,Clothing,0.82160634,0.7772349,True
waste_type_identification/clothing/clothes/clothes3201.jpg,1,Clothing,1,Clothing,0.83721715,0.80221105,True
waste_type_identification/clothing/clothes/clothes3202.jpg,1,Clothing,1,Clothing,0.8508046,0.8222626,True
waste_type_identification/clothing/clothes/clothes3213.jpg,1,Clothing,1,Clothing,0.80738723,0.7740796,True
waste_type_identification/clothing/clothes/clothes3218.jpg,1,Clothing,1,Clothing,0.7596662,0.70884943,True
waste_type_identification/clothing/clothes/clothes3220.jpg,1,Clothing,1,Clothing,0.82919437,0.7897487,True
waste_type_identification/clothing/clothes/clothes3225.jpg,1,Clothing,1,Clothing,0.81874025,0.77277046,True
waste_type_identification/clothing/clothes/clothes3232.jpg,1,Clothing,1,Clothing,0.7317842,0.64721817,True
waste_type_identification/clothing/clothes/clothes324.jpg,1,Clothing,1,Clothing,0.81036127,0.77708113,True
waste_type_identification/clothing/clothes/clothes325.jpg,1,Clothing,1,Clothing,0.8471548,0.8143269,True
waste_type_identification/clothing/clothes/clothes3254.jpg,1,Clothing,1,Clothing,0.81691486,0.78637934,True
waste_type_identification/clothing/clothes/clothes3255.jpg,1,Clothing,1,Clothing,0.8046373,0.7694284,True
waste_type_identification/clothing/clothes/clothes3261.jpg,1,Clothing,1,Clothing,0.7895672,0.74873126,True
waste_type_identification/clothing/clothes/clothes3278.jpg,1,Clothing,1,Clothing,0.79598504,0.75757337,True
waste_type_identification/clothing/clothes/clothes3283.jpg,1,Clothing,1,Clothing,0.82707,0.78799,True
waste_type_identification/clothing/clothes/clothes3286.jpg,1,Clothing,1,Clothing,0.77779263,0.739437,True
waste_type_identification/clothing/clothes/clothes329.jpg,1,Clothing,1,Clothing,0.8262027,0.7956837,True
waste_type_identification/clothing/clothes/clothes3295.jpg,1,Clothing,1,Clothing,0.7840733,0.73535895,True
waste_type_identification/clothing/clothes/clothes3297.jpg,1,Clothing,1,Clothing,0.8142528,0.7808668,True
waste_type_identification/clothing/clothes/clothes3302.jpg,1,Clothing,1,Clothing,0.8467618,0.8209401,True
waste_type_identification/clothing/clothes/clothes3314.jpg,1,Clothing,1,Clothing,0.8300843,0.7901863,True
waste_type_identification/clothing/clothes/clothes3336.jpg,1,Clothing,1,Clothing,0.8072672,0.7737954,True
waste_type_identification/clothing/clothes/clothes3338.jpg,1,Clothing,1,Clothing,0.75871557,0.71466744,True
waste_type_identification/clothing/clothes/clothes3342.jpg,1,Clothing,1,Clothing,0.8042371,0.7550998,True
waste_type_identification/clothing/clothes/clothes3358.jpg,1,Clothing,1,Clothing,0.8211372,0.78261757,True
waste_type_identification/clothing/clothes/clothes3360.jpg,1,Clothing,1,Clothing,0.7824225,0.71599257,True
waste_type_identification/clothing/clothes/clothes3361.jpg,1,Clothing,1,Clothing,0.8367342,0.8062483,True
waste_type_identification/clothing/clothes/clothes3362.jpg,1,Clothing,1,Clothing,0.8095415,0.7767841,True
waste_type_identification/clothing/clothes/clothes3367.jpg,1,Clothing,1,Clothing,0.84283787,0.8116177,True
waste_type_identification/clothing/clothes/clothes3368.jpg,1,Clothing,1,Clothing,0.80625397,0.7738418,True
waste_type_identification/clothing/clothes/clothes3370.jpg,1,Clothing,1,Clothing,0.8283125,0.79141814,True
waste_type_identification/clothing/clothes/clothes3371.jpg,1,Clothing,1,Clothing,0.82282144,0.78389454,True
waste_type_identification/clothing/clothes/clothes3372.jpg,1,Clothing,1,Clothing,0.84015995,0.81244534,True
waste_type_identification/clothing/clothes/clothes3374.jpg,1,Clothing,1,Clothing,0.76811564,0.6962829,True
waste_type_identification/clothing/clothes/clothes338.jpg,1,Clothing,1,Clothing,0.8156187,0.7815446,True
waste_type_identification/clothing/clothes/clothes3390.jpg,1,Clothing,1,Clothing,0.8229461,0.7934321,True
waste_type_identification/clothing/clothes/clothes34.jpg,1,Clothing,1,Clothing,0.8384801,0.8082461,True
waste_type_identification/clothing/clothes/clothes3405.jpg,1,Clothing,1,Clothing,0.75773406,0.7111527,True
waste_type_identification/clothing/clothes/clothes341.jpg,1,Clothing,1,Clothing,0.7931657,0.7562616,True
waste_type_identification/clothing/clothes/clothes3411.jpg,1,Clothing,1,Clothing,0.8254047,0.7933159,True
waste_type_identification/clothing/clothes/clothes3412.jpg,1,Clothing,1,Clothing,0.8429481,0.8011316,True
waste_type_identification/clothing/clothes/clothes3436.jpg,1,Clothing,1,Clothing,0.7943268,0.75530076,True
waste_type_identification/clothing/clothes/clothes3439.jpg,1,Clothing,1,Clothing,0.8351695,0.8048469,True
waste_type_identification/clothing/clothes/clothes344.jpg,1,Clothing,1,Clothing,0.8609626,0.83504975,True
waste_type_identification/clothing/clothes/clothes3440.jpg,1,Clothing,1,Clothing,0.82628065,0.7950244,True
waste_type_identification/clothing/clothes/clothes3444.jpg,1,Clothing,1,Clothing,0.79710186,0.7571475,True
waste_type_identification/clothing/clothes/clothes3446.jpg,1,Clothing,1,Clothing,0.830015,0.79060656,True
waste_type_identification/clothing/clothes/clothes3447.jpg,1,Clothing,1,Clothing,0.84588945,0.81346345,True
waste_type_identification/clothing/clothes/clothes3456.jpg,1,Clothing,1,Clothing,0.81901914,0.7822499,True
waste_type_identification/clothing/clothes/clothes346.jpg,1,Clothing,1,Clothing,0.8370758,0.80454385,True
waste_type_identification/clothing/clothes/clothes3461.jpg,1,Clothing,1,Clothing,0.83165056,0.7906579,True
waste_type_identification/clothing/clothes/clothes3462.jpg,1,Clothing,1,Clothing,0.82981014,0.7969185,True
waste_type_identification/clothing/clothes/clothes3465.jpg,1,Clothing,1,Clothing,0.83654517,0.77973425,True
waste_type_identification/clothing/clothes/clothes347.jpg,1,Clothing,1,Clothing,0.8130086,0.7717666,True
waste_type_identification/clothing/clothes/clothes3476.jpg,1,Clothing,1,Clothing,0.8085342,0.734034,True
waste_type_identification/clothing/clothes/clothes3484.jpg,1,Clothing,1,Clothing,0.8008541,0.7643393,True
waste_type_identification/clothing/clothes/clothes3485.jpg,1,Clothing,1,Clothing,0.8413195,0.80681217,True
waste_type_identification/clothing/clothes/clothes3490.jpg,1,Clothing,1,Clothing,0.79749995,0.76205903,True
waste_type_identification/clothing/clothes/clothes3491.jpg,1,Clothing,1,Clothing,0.7983867,0.7585586,True
waste_type_identification/clothing/clothes/clothes3494.jpg,1,Clothing,1,Clothing,0.776449,0.7305386,True
waste_type_identification/clothing/clothes/clothes350.jpg,1,Clothing,1,Clothing,0.8373595,0.8062754,True
waste_type_identification/clothing/clothes/clothes3512.jpg,1,Clothing,1,Clothing,0.80517006,0.76909494,True
waste_type_identification/clothing/clothes/clothes3519.jpg,1,Clothing,1,Clothing,0.8043037,0.7699921,True
waste_type_identification/clothing/clothes/clothes3524.jpg,1,Clothing,1,Clothing,0.7706713,0.7144332,True
waste_type_identification/clothing/clothes/clothes3526.jpg,1,Clothing,1,Clothing,0.84336114,0.8145435,True
waste_type_identification/clothing/clothes/clothes3540.jpg,1,Clothing,1,Clothing,0.83700734,0.80292434,True
waste_type_identification/clothing/clothes/clothes3546.jpg,1,Clothing,1,Clothing,0.8449319,0.8076224,True
waste_type_identification/clothing/clothes/clothes3548.jpg,1,Clothing,1,Clothing,0.77398354,0.73742723,True
waste_type_identification/clothing/clothes/clothes3559.jpg,1,Clothing,1,Clothing,0.83034116,0.7905317,True
waste_type_identification/clothing/clothes/clothes3562.jpg,1,Clothing,1,Clothing,0.8153772,0.77662176,True
waste_type_identification/clothing/clothes/clothes3566.jpg,1,Clothing,1,Clothing,0.81847817,0.78527343,True
waste_type_identification/clothing/clothes/clothes3567.jpg,1,Clothing,1,Clothing,0.84918296,0.8232792,True
waste_type_identification/clothing/clothes/clothes3568.jpg,1,Clothing,1,Clothing,0.82208097,0.7889852,True
waste_type_identification/clothing/clothes/clothes3574.jpg,1,Clothing,1,Clothing,0.84751683,0.81687504,True
waste_type_identification/clothing/clothes/clothes3576.jpg,1,Clothing,1,Clothing,0.80183095,0.76590514,True
waste_type_identification/clothing/clothes/clothes3579.jpg,1,Clothing,1,Clothing,0.7978515,0.75790685,True
waste_type_identification/clothing/clothes/clothes3584.jpg,1,Clothing,1,Clothing,0.8426618,0.81293285,True
waste_type_identification/clothing/clothes/clothes3587.jpg,1,Clothing,1,Clothing,0.8131385,0.78010887,True
waste_type_identification/clothing/clothes/clothes36.jpg,1,Clothing,1,Clothing,0.8514983,0.8111602,True
waste_type_identification/clothing/clothes/clothes3600.jpg,1,Clothing,1,Clothing,0.83852303,0.809441,True
waste_type_identification/clothing/clothes/clothes3605.jpg,1,Clothing,1,Clothing,0.8167359,0.78215915,True
waste_type_identification/clothing/clothes/clothes3607.jpg,1,Clothing,1,Clothing,0.78951955,0.7309714,True
waste_type_identification/clothing/clothes/clothes361.jpg,1,Clothing,1,Clothing,0.784415,0.7454825,True
waste_type_identification/clothing/clothes/clothes362.jpg,1,Clothing,1,Clothing,0.81773657,0.7865765,True
waste_type_identification/clothing/clothes/clothes3621.jpg,1,Clothing,1,Clothing,0.8544275,0.82461447,True
waste_type_identification/clothing/clothes/clothes3626.jpg,1,Clothing,1,Clothing,0.78332555,0.7270101,True
waste_type_identification/clothing/clothes/clothes3627.jpg,1,Clothing,1,Clothing,0.82283545,0.79088306,True
waste_type_identification/clothing/clothes/clothes3634.jpg,1,Clothing,1,Clothing,0.8228213,0.78529656,True
waste_type_identification/clothing/clothes/clothes3636.jpg,1,Clothing,1,Clothing,0.8196379,0.78183806,True
waste_type_identification/clothing/clothes/clothes3640.jpg,1,Clothing,1,Clothing,0.82704186,0.789876,True
waste_type_identification/clothing/clothes/clothes3641.jpg,1,Clothing,1,Clothing,0.8268081,0.79555607,True
waste_type_identification/clothing/clothes/clothes3643.jpg,1,Clothing,1,Clothing,0.84701777,0.81673986,True
waste_type_identification/clothing/clothes/clothes3650.jpg,1,Clothing,1,Clothing,0.785753,0.73589617,True
waste_type_identification/clothing/clothes/clothes3657.jpg,1,Clothing,1,Clothing,0.84671116,0.81868684,True
waste_type_identification/clothing/clothes/clothes366.jpg,1,Clothing,1,Clothing,0.83776885,0.80646217,True
waste_type_identification/clothing/clothes/clothes3661.jpg,1,Clothing,1,Clothing,0.8552708,0.8306095,True
waste_type_identification/clothing/clothes/clothes3668.jpg,1,Clothing,1,Clothing,0.7842882,0.73112637,True
waste_type_identification/clothing/clothes/clothes3671.jpg,1,Clothing,1,Clothing,0.8307523,0.80034333,True
waste_type_identification/clothing/clothes/clothes3673.jpg,1,Clothing,1,Clothing,0.845405,0.81418574,True
waste_type_identification/clothing/clothes/clothes3680.jpg,1,Clothing,1,Clothing,0.81582797,0.7784416,True
waste_type_identification/clothing/clothes/clothes3684.jpg,1,Clothing,1,Clothing,0.7642874,0.6743357,True
waste_type_identification/clothing/clothes/clothes369.jpg,1,Clothing,1,Clothing,0.7811839,0.7365776,True
waste_type_identification/clothing/clothes/clothes3694.jpg,1,Clothing,1,Clothing,0.7660088,0.7033789,True
waste_type_identification/clothing/clothes/clothes3702.jpg,1,Clothing,1,Clothing,0.8616179,0.833587,True
waste_type_identification/clothing/clothes/clothes3703.jpg,1,Clothing,1,Clothing,0.81127876,0.7695478,True
waste_type_identification/clothing/clothes/clothes3712.jpg,1,Clothing,1,Clothing,0.45236537,0.15304244,True
waste_type_identification/clothing/clothes/clothes3717.jpg,1,Clothing,1,Clothing,0.84795064,0.818666,True
waste_type_identification/clothing/clothes/clothes3719.jpg,1,Clothing,1,Clothing,0.8426108,0.8141381,True
waste_type_identification/clothing/clothes/clothes3724.jpg,1,Clothing,1,Clothing,0.81665313,0.7857681,True
waste_type_identification/clothing/clothes/clothes3726.jpg,1,Clothing,1,Clothing,0.82972485,0.79562426,True
waste_type_identification/clothing/clothes/clothes3735.jpg,1,Clothing,1,Clothing,0.8063637,0.7700365,True
waste_type_identification/clothing/clothes/clothes3736.jpg,1,Clothing,1,Clothing,0.7971448,0.75707144,True
waste_type_identification/clothing/clothes/clothes3737.jpg,1,Clothing,1,Clothing,0.7963752,0.75381607,True
waste_type_identification/clothing/clothes/clothes3746.jpg,1,Clothing,1,Clothing,0.82161164,0.7895989,True
waste_type_identification/clothing/clothes/clothes3748.jpg,1,Clothing,1,Clothing,0.8032524,0.7621509,True
waste_type_identification/clothing/clothes/clothes375.jpg,1,Clothing,1,Clothing,0.80917484,0.7676493,True
waste_type_identification/clothing/clothes/clothes3750.jpg,1,Clothing,1,Clothing,0.8003069,0.76447666,True
waste_type_identification/clothing/clothes/clothes376.jpg,1,Clothing,1,Clothing,0.82550144,0.788657,True
waste_type_identification/clothing/clothes/clothes3760.jpg,1,Clothing,1,Clothing,0.7946715,0.75697464,True
waste_type_identification/clothing/clothes/clothes3764.jpg,1,Clothing,1,Clothing,0.80793,0.7714752,True
waste_type_identification/clothing/clothes/clothes3770.jpg,1,Clothing,1,Clothing,0.8434392,0.8115237,True
waste_type_identification/clothing/clothes/clothes3772.jpg,1,Clothing,1,Clothing,0.8327206,0.8028556,True
waste_type_identification/clothing/clothes/clothes3783.jpg,1,Clothing,1,Clothing,0.80185163,0.7666728,True
waste_type_identification/clothing/clothes/clothes3787.jpg,1,Clothing,1,Clothing,0.8115284,0.77978414,True
waste_type_identification/clothing/clothes/clothes3793.jpg,1,Clothing,1,Clothing,0.81560576,0.7731392,True
waste_type_identification/clothing/clothes/clothes3799.jpg,1,Clothing,1,Clothing,0.8332373,0.8004128,True
waste_type_identification/clothing/clothes/clothes38.jpg,1,Clothing,1,Clothing,0.8039865,0.76357114,True
waste_type_identification/clothing/clothes/clothes3802.jpg,1,Clothing,1,Clothing,0.80210406,0.7615315,True
waste_type_identification/clothing/clothes/clothes3804.jpg,1,Clothing,1,Clothing,0.81468177,0.76867664,True
waste_type_identification/clothing/clothes/clothes3807.jpg,1,Clothing,1,Clothing,0.7523151,0.68420756,True
waste_type_identification/clothing/clothes/clothes3810.jpg,1,Clothing,1,Clothing,0.83229166,0.7953511,True
waste_type_identification/clothing/clothes/clothes3829.jpg,1,Clothing,1,Clothing,0.8338626,0.8033535,True
waste_type_identification/clothing/clothes/clothes3831.jpg,1,Clothing,1,Clothing,0.79360855,0.7568555,True
waste_type_identification/clothing/clothes/clothes3836.jpg,1,Clothing,1,Clothing,0.79488117,0.757796,True
waste_type_identification/clothing/clothes/clothes3839.jpg,1,Clothing,1,Clothing,0.82368505,0.792291,True
waste_type_identification/clothing/clothes/clothes384.jpg,1,Clothing,1,Clothing,0.815458,0.7768957,True
waste_type_identification/clothing/clothes/clothes3840.jpg,1,Clothing,1,Clothing,0.7878843,0.7497873,True
waste_type_identification/clothing/clothes/clothes3843.jpg,1,Clothing,1,Clothing,0.47538605,0.13284728,True
waste_type_identification/clothing/clothes/clothes3852.jpg,1,Clothing,1,Clothing,0.61484295,0.4809407,True
waste_type_identification/clothing/clothes/clothes3855.jpg,1,Clothing,1,Clothing,0.8632005,0.8355178,True
waste_type_identification/clothing/clothes/clothes3856.jpg,1,Clothing,1,Clothing,0.79188716,0.75140864,True
waste_type_identification/clothing/clothes/clothes3859.jpg,1,Clothing,1,Clothing,0.82305986,0.7911249,True
waste_type_identification/clothing/clothes/clothes386.jpg,1,Clothing,1,Clothing,0.7929977,0.75039524,True
waste_type_identification/clothing/clothes/clothes3860.jpg,1,Clothing,1,Clothing,0.6197488,0.4779396,True
waste_type_identification/clothing/clothes/clothes3861.jpg,1,Clothing,1,Clothing,0.8129514,0.7797568,True
waste_type_identification/clothing/clothes/clothes3867.jpg,1,Clothing,1,Clothing,0.7678372,0.676709,True
waste_type_identification/clothing/clothes/clothes3869.jpg,1,Clothing,1,Clothing,0.8030037,0.7637058,True
waste_type_identification/clothing/clothes/clothes3870.jpg,1,Clothing,1,Clothing,0.7981423,0.7607287,True
waste_type_identification/clothing/clothes/clothes3871.jpg,1,Clothing,1,Clothing,0.7997715,0.75200546,True
waste_type_identification/clothing/clothes/clothes3872.jpg,1,Clothing,1,Clothing,0.80921614,0.77345777,True
waste_type_identification/clothing/clothes/clothes3880.jpg,1,Clothing,1,Clothing,0.8204113,0.7868526,True
waste_type_identification/clothing/clothes/clothes3884.jpg,1,Clothing,1,Clothing,0.8001197,0.7475684,True
waste_type_identification/clothing/clothes/clothes3890.jpg,1,Clothing,1,Clothing,0.8044125,0.76305467,True
waste_type_identification/clothing/clothes/clothes3894.jpg,1,Clothing,1,Clothing,0.8494018,0.82278323,True
waste_type_identification/clothing/clothes/clothes390.jpg,1,Clothing,1,Clothing,0.8242489,0.79349834,True
waste_type_identification/clothing/clothes/clothes3900.jpg,1,Clothing,1,Clothing,0.8374044,0.80390084,True
waste_type_identification/clothing/clothes/clothes3901.jpg,1,Clothing,1,Clothing,0.8143313,0.7757751,True
waste_type_identification/clothing/clothes/clothes3904.jpg,1,Clothing,1,Clothing,0.8549428,0.82184017,True
waste_type_identification/clothing/clothes/clothes3906.jpg,1,Clothing,1,Clothing,0.8343701,0.8066031,True
waste_type_identification/clothing/clothes/clothes3908.jpg,1,Clothing,1,Clothing,0.84447914,0.80570257,True
waste_type_identification/clothing/clothes/clothes3909.jpg,1,Clothing,1,Clothing,0.80128676,0.76016283,True
waste_type_identification/clothing/clothes/clothes3914.jpg,1,Clothing,1,Clothing,0.80448955,0.76421267,True
waste_type_identification/clothing/clothes/clothes3916.jpg,1,Clothing,1,Clothing,0.7879973,0.7430718,True
waste_type_identification/clothing/clothes/clothes3923.jpg,1,Clothing,1,Clothing,0.7216263,0.6681228,True
waste_type_identification/clothing/clothes/clothes3945.jpg,1,Clothing,1,Clothing,0.79632896,0.76104933,True
waste_type_identification/clothing/clothes/clothes3951.jpg,1,Clothing,1,Clothing,0.8178632,0.7868842,True
waste_type_identification/clothing/clothes/clothes3952.jpg,1,Clothing,1,Clothing,0.76552916,0.71750873,True
waste_type_identification/clothing/clothes/clothes3961.jpg,1,Clothing,1,Clothing,0.8151222,0.7843762,True
waste_type_identification/clothing/clothes/clothes3963.jpg,1,Clothing,1,Clothing,0.8249672,0.7918252,True
waste_type_identification/clothing/clothes/clothes3964.jpg,1,Clothing,1,Clothing,0.8005668,0.7418101,True
waste_type_identification/clothing/clothes/clothes397.jpg,1,Clothing,1,Clothing,0.8294413,0.79357284,True
waste_type_identification/clothing/clothes/clothes3979.jpg,1,Clothing,1,Clothing,0.8029262,0.7594075,True
waste_type_identification/clothing/clothes/clothes3992.jpg,1,Clothing,1,Clothing,0.82286394,0.78655833,True
waste_type_identification/clothing/clothes/clothes3996.jpg,1,Clothing,1,Clothing,0.79827094,0.763482,True
waste_type_identification/clothing/clothes/clothes400.jpg,1,Clothing,1,Clothing,0.8083609,0.7665832,True
waste_type_identification/clothing/clothes/clothes4002.jpg,1,Clothing,1,Clothing,0.8183642,0.77913696,True
waste_type_identification/clothing/clothes/clothes4006.jpg,1,Clothing,1,Clothing,0.82317966,0.78967196,True
waste_type_identification/clothing/clothes/clothes4008.jpg,1,Clothing,1,Clothing,0.82076645,0.79013836,True
waste_type_identification/clothing/clothes/clothes4014.jpg,1,Clothing,1,Clothing,0.7918113,0.7342672,True
waste_type_identification/clothing/clothes/clothes4019.jpg,1,Clothing,1,Clothing,0.8504512,0.82157177,True
waste_type_identification/clothing/clothes/clothes4021.jpg,1,Clothing,1,Clothing,0.8847578,0.85794044,True
waste_type_identification/clothing/clothes/clothes4025.jpg,1,Clothing,1,Clothing,0.8495232,0.8186501,True
waste_type_identification/clothing/clothes/clothes4026.jpg,1,Clothing,1,Clothing,0.7700562,0.7315454,True
waste_type_identification/clothing/clothes/clothes4029.jpg,1,Clothing,1,Clothing,0.83371735,0.80213344,True
waste_type_identification/clothing/clothes/clothes403.jpg,1,Clothing,1,Clothing,0.8323699,0.8027019,True
waste_type_identification/clothing/clothes/clothes4030.jpg,1,Clothing,1,Clothing,0.825801,0.7946064,True
waste_type_identification/clothing/clothes/clothes4032.jpg,1,Clothing,1,Clothing,0.79596204,0.7563017,True
waste_type_identification/clothing/clothes/clothes4035.jpg,1,Clothing,1,Clothing,0.81878835,0.78382707,True
waste_type_identification/clothing/clothes/clothes4037.jpg,1,Clothing,1,Clothing,0.8043813,0.7667524,True
waste_type_identification/clothing/clothes/clothes4040.jpg,1,Clothing,1,Clothing,0.7459835,0.6996102,True
waste_type_identification/clothing/clothes/clothes4045.jpg,1,Clothing,1,Clothing,0.8308848,0.7921568,True
waste_type_identification/clothing/clothes/clothes4047.jpg,1,Clothing,1,Clothing,0.84272385,0.80185854,True
waste_type_identification/clothing/clothes/clothes4049.jpg,1,Clothing,1,Clothing,0.79809326,0.7611155,True
waste_type_identification/clothing/clothes/clothes4050.jpg,1,Clothing,1,Clothing,0.8510838,0.82423234,True
waste_type_identification/clothing/clothes/clothes406.jpg,1,Clothing,1,Clothing,0.792224,0.743868,True
waste_type_identification/clothing/clothes/clothes4072.jpg,1,Clothing,1,Clothing,0.8357797,0.7952355,True
waste_type_identification/clothing/clothes/clothes4073.jpg,1,Clothing,1,Clothing,0.83570725,0.8027921,True
waste_type_identification/clothing/clothes/clothes4074.jpg,1,Clothing,1,Clothing,0.8198224,0.78865576,True
waste_type_identification/clothing/clothes/clothes4083.jpg,1,Clothing,1,Clothing,0.8028381,0.75476754,True
waste_type_identification/clothing/clothes/clothes4086.jpg,1,Clothing,1,Clothing,0.82376516,0.79048544,True
waste_type_identification/clothing/clothes/clothes4088.jpg,1,Clothing,1,Clothing,0.8001392,0.7560912,True
waste_type_identification/clothing/clothes/clothes4102.jpg,1,Clothing,1,Clothing,0.79499924,0.7561912,True
waste_type_identification/clothing/clothes/clothes4104.jpg,1,Clothing,1,Clothing,0.7966444,0.75958884,True
waste_type_identification/clothing/clothes/clothes4105.jpg,1,Clothing,1,Clothing,0.84636384,0.8122767,True
waste_type_identification/clothing/clothes/clothes4106.jpg,1,Clothing,1,Clothing,0.77973294,0.73911184,True
waste_type_identification/clothing/clothes/clothes4113.jpg,1,Clothing,1,Clothing,0.848688,0.82187784,True
waste_type_identification/clothing/clothes/clothes4114.jpg,1,Clothing,1,Clothing,0.81089985,0.773901,True
waste_type_identification/clothing/clothes/clothes4118.jpg,1,Clothing,1,Clothing,0.79356813,0.75227666,True
waste_type_identification/clothing/clothes/clothes4123.jpg,1,Clothing,1,Clothing,0.80238783,0.7633209,True
waste_type_identification/clothing/clothes/clothes4127.jpg,1,Clothing,1,Clothing,0.80291945,0.7616924,True
waste_type_identification/clothing/clothes/clothes4135.jpg,1,Clothing,1,Clothing,0.81451434,0.77747685,True
waste_type_identification/clothing/clothes/clothes414.jpg,1,Clothing,1,Clothing,0.8109574,0.77235866,True
waste_type_identification/clothing/clothes/clothes4144.jpg,1,Clothing,1,Clothing,0.82190394,0.7886504,True
waste_type_identification/clothing/clothes/clothes4145.jpg,1,Clothing,1,Clothing,0.8246618,0.7935485,True
waste_type_identification/clothing/clothes/clothes4149.jpg,1,Clothing,1,Clothing,0.8588183,0.8248762,True
waste_type_identification/clothing/clothes/clothes4150.jpg,1,Clothing,1,Clothing,0.8008185,0.73972464,True
waste_type_identification/clothing/clothes/clothes4151.jpg,1,Clothing,1,Clothing,0.84502673,0.81422204,True
waste_type_identification/clothing/clothes/clothes4155.jpg,1,Clothing,1,Clothing,0.79386765,0.7578179,True
waste_type_identification/clothing/clothes/clothes4156.jpg,1,Clothing,1,Clothing,0.8070486,0.7635372,True
waste_type_identification/clothing/clothes/clothes4159.jpg,1,Clothing,1,Clothing,0.82490516,0.79107106,True
waste_type_identification/clothing/clothes/clothes4168.jpg,1,Clothing,1,Clothing,0.79642797,0.75806284,True
waste_type_identification/clothing/clothes/clothes4172.jpg,1,Clothing,1,Clothing,0.834822,0.80272436,True
waste_type_identification/clothing/clothes/clothes4176.jpg,1,Clothing,1,Clothing,0.7215665,0.57923293,True
waste_type_identification/clothing/clothes/clothes4177.jpg,1,Clothing,1,Clothing,0.8404742,0.80632395,True
waste_type_identification/clothing/clothes/clothes4179.jpg,1,Clothing,1,Clothing,0.8483964,0.8111649,True
waste_type_identification/clothing/clothes/clothes4193.jpg,1,Clothing,1,Clothing,0.7915814,0.7486977,True
waste_type_identification/clothing/clothes/clothes4197.jpg,1,Clothing,1,Clothing,0.7892017,0.74825066,True
waste_type_identification/clothing/clothes/clothes4203.jpg,1,Clothing,1,Clothing,0.8075081,0.77353114,True
waste_type_identification/clothing/clothes/clothes4206.jpg,1,Clothing,1,Clothing,0.82308084,0.78891087,True
waste_type_identification/clothing/clothes/clothes4208.jpg,1,Clothing,1,Clothing,0.81904966,0.7867063,True
waste_type_identification/clothing/clothes/clothes421.jpg,1,Clothing,1,Clothing,0.83713764,0.8045211,True
waste_type_identification/clothing/clothes/clothes4210.jpg,1,Clothing,1,Clothing,0.83699983,0.8068215,True
waste_type_identification/clothing/clothes/clothes4213.jpg,1,Clothing,1,Clothing,0.8008672,0.76028454,True
waste_type_identification/clothing/clothes/clothes4218.jpg,1,Clothing,1,Clothing,0.7522505,0.66409886,True
waste_type_identification/clothing/clothes/clothes4227.jpg,1,Clothing,1,Clothing,0.8499868,0.8179565,True
waste_type_identification/clothing/clothes/clothes4230.jpg,1,Clothing,1,Clothing,0.86931175,0.83995754,True
waste_type_identification/clothing/clothes/clothes4233.jpg,1,Clothing,1,Clothing,0.8113473,0.7479314,True
waste_type_identification/clothing/clothes/clothes4234.jpg,1,Clothing,1,Clothing,0.73120433,0.66581124,True
waste_type_identification/clothing/clothes/clothes4236.jpg,1,Clothing,1,Clothing,0.83264834,0.7997496,True
waste_type_identification/clothing/clothes/clothes4237.jpg,1,Clothing,1,Clothing,0.81544083,0.7667367,True
waste_type_identification/clothing/clothes/clothes4239.jpg,1,Clothing,1,Clothing,0.8446519,0.8046688,True
waste_type_identification/clothing/clothes/clothes4247.jpg,1,Clothing,1,Clothing,0.82430667,0.79065037,True
waste_type_identification/clothing/clothes/clothes4248.jpg,1,Clothing,1,Clothing,0.81418955,0.77908576,True
waste_type_identification/clothing/clothes/clothes426.jpg,1,Clothing,1,Clothing,0.8026799,0.7606176,True
waste_type_identification/clothing/clothes/clothes4265.jpg,1,Clothing,1,Clothing,0.8124952,0.77371067,True
waste_type_identification/clothing/clothes/clothes4269.jpg,1,Clothing,1,Clothing,0.80381763,0.7639378,True
waste_type_identification/clothing/clothes/clothes4270.jpg,1,Clothing,1,Clothing,0.7946504,0.7514464,True
waste_type_identification/clothing/clothes/clothes4273.jpg,1,Clothing,1,Clothing,0.7971619,0.7551188,True
waste_type_identification/clothing/clothes/clothes4275.jpg,1,Clothing,1,Clothing,0.8342757,0.7975987,True
waste_type_identification/clothing/clothes/clothes4277.jpg,1,Clothing,1,Clothing,0.8380628,0.8029052,True
waste_type_identification/clothing/clothes/clothes4278.jpg,1,Clothing,1,Clothing,0.59082824,0.41047344,True
waste_type_identification/clothing/clothes/clothes4288.jpg,1,Clothing,1,Clothing,0.8188124,0.7872261,True
waste_type_identification/clothing/clothes/clothes4296.jpg,1,Clothing,1,Clothing,0.84692734,0.8173505,True
waste_type_identification/clothing/clothes/clothes4298.jpg,1,Clothing,1,Clothing,0.81058925,0.77510935,True
waste_type_identification/clothing/clothes/clothes4304.jpg,1,Clothing,1,Clothing,0.73138595,0.68286705,True
waste_type_identification/clothing/clothes/clothes4306.jpg,1,Clothing,1,Clothing,0.83303636,0.7977684,True
waste_type_identification/clothing/clothes/clothes4307.jpg,1,Clothing,1,Clothing,0.8363818,0.8049628,True
waste_type_identification/clothing/clothes/clothes4308.jpg,1,Clothing,1,Clothing,0.8408632,0.80671287,True
waste_type_identification/clothing/clothes/clothes4311.jpg,1,Clothing,1,Clothing,0.81528145,0.7827708,True
waste_type_identification/clothing/clothes/clothes4313.jpg,1,Clothing,1,Clothing,0.7823209,0.7128171,True
waste_type_identification/clothing/clothes/clothes4317.jpg,1,Clothing,1,Clothing,0.78913414,0.73535603,True
waste_type_identification/clothing/clothes/clothes4324.jpg,1,Clothing,1,Clothing,0.8125153,0.7756985,True
waste_type_identification/clothing/clothes/clothes433.jpg,1,Clothing,1,Clothing,0.8200303,0.7845831,True
waste_type_identification/clothing/clothes/clothes4330.jpg,1,Clothing,1,Clothing,0.7697276,0.66340846,True
waste_type_identification/clothing/clothes/clothes434.jpg,1,Clothing,1,Clothing,0.81261116,0.7719207,True
waste_type_identification/clothing/clothes/clothes4340.jpg,1,Clothing,1,Clothing,0.82678187,0.7936248,True
waste_type_identification/clothing/clothes/clothes4341.jpg,1,Clothing,1,Clothing,0.822231,0.78969675,True
waste_type_identification/clothing/clothes/clothes4346.jpg,1,Clothing,1,Clothing,0.7876305,0.73910606,True
waste_type_identification/clothing/clothes/clothes4352.jpg,1,Clothing,1,Clothing,0.83339876,0.8032433,True
waste_type_identification/clothing/clothes/clothes4355.jpg,1,Clothing,1,Clothing,0.801102,0.75854284,True
waste_type_identification/clothing/clothes/clothes4363.jpg,1,Clothing,1,Clothing,0.8013379,0.7661671,True
waste_type_identification/clothing/clothes/clothes4366.jpg,1,Clothing,1,Clothing,0.37850466,0.03985852,True
waste_type_identification/clothing/clothes/clothes4369.jpg,1,Clothing,1,Clothing,0.828975,0.78969646,True
waste_type_identification/clothing/clothes/clothes4371.jpg,1,Clothing,1,Clothing,0.8141258,0.7663274,True
waste_type_identification/clothing/clothes/clothes438.jpg,1,Clothing,1,Clothing,0.83082783,0.80321443,True
waste_type_identification/clothing/clothes/clothes4383.jpg,1,Clothing,1,Clothing,0.77722895,0.7344439,True
waste_type_identification/clothing/clothes/clothes4385.jpg,1,Clothing,1,Clothing,0.82468104,0.7892246,True
waste_type_identification/clothing/clothes/clothes4398.jpg,1,Clothing,1,Clothing,0.79279625,0.75100285,True
waste_type_identification/clothing/clothes/clothes44.jpg,1,Clothing,1,Clothing,0.81342226,0.7715893,True
waste_type_identification/clothing/clothes/clothes4408.jpg,1,Clothing,1,Clothing,0.872506,0.84785223,True
waste_type_identification/clothing/clothes/clothes4416.jpg,1,Clothing,1,Clothing,0.8022123,0.74663377,True
waste_type_identification/clothing/clothes/clothes4417.jpg,1,Clothing,1,Clothing,0.81401354,0.7784888,True
waste_type_identification/clothing/clothes/clothes4422.jpg,1,Clothing,1,Clothing,0.85013133,0.81853545,True
waste_type_identification/clothing/clothes/clothes4428.jpg,1,Clothing,1,Clothing,0.878684,0.85351527,True
waste_type_identification/clothing/clothes/clothes4429.jpg,1,Clothing,1,Clothing,0.81431496,0.7801743,True
waste_type_identification/clothing/clothes/clothes4431.jpg,1,Clothing,1,Clothing,0.78709424,0.7430387,True
waste_type_identification/clothing/clothes/clothes4444.jpg,1,Clothing,1,Clothing,0.83410805,0.7977602,True
waste_type_identification/clothing/clothes/clothes446.jpg,1,Clothing,1,Clothing,0.84132683,0.8091474,True
waste_type_identification/clothing/clothes/clothes4462.jpg,1,Clothing,1,Clothing,0.8347996,0.80392003,True
waste_type_identification/clothing/clothes/clothes4464.jpg,1,Clothing,1,Clothing,0.8639903,0.8324021,True
waste_type_identification/clothing/clothes/clothes4467.jpg,1,Clothing,1,Clothing,0.8473547,0.8169338,True
waste_type_identification/clothing/clothes/clothes4468.jpg,1,Clothing,1,Clothing,0.8081244,0.76763016,True
waste_type_identification/clothing/clothes/clothes4473.jpg,1,Clothing,1,Clothing,0.82473683,0.7911107,True
waste_type_identification/clothing/clothes/clothes4478.jpg,1,Clothing,1,Clothing,0.7907977,0.7475326,True
waste_type_identification/clothing/clothes/clothes4480.jpg,1,Clothing,1,Clothing,0.82137924,0.7880396,True
waste_type_identification/clothing/clothes/clothes4485.jpg,1,Clothing,1,Clothing,0.7491185,0.64121133,True
waste_type_identification/clothing/clothes/clothes4488.jpg,1,Clothing,1,Clothing,0.8060212,0.77297723,True
waste_type_identification/clothing/clothes/clothes4499.jpg,1,Clothing,1,Clothing,0.8209111,0.78470397,True
waste_type_identification/clothing/clothes/clothes4503.jpg,1,Clothing,1,Clothing,0.8030429,0.7672878,True
waste_type_identification/clothing/clothes/clothes4508.jpg,1,Clothing,1,Clothing,0.8403932,0.8131031,True
waste_type_identification/clothing/clothes/clothes4510.jpg,1,Clothing,1,Clothing,0.8350654,0.80275655,True
waste_type_identification/clothing/clothes/clothes4514.jpg,1,Clothing,1,Clothing,0.76860636,0.69069856,True
waste_type_identification/clothing/clothes/clothes4519.jpg,1,Clothing,1,Clothing,0.82600844,0.78348756,True
waste_type_identification/clothing/clothes/clothes4527.jpg,1,Clothing,1,Clothing,0.84106994,0.80750924,True
waste_type_identification/clothing/clothes/clothes453.jpg,1,Clothing,1,Clothing,0.7728287,0.7152071,True
waste_type_identification/clothing/clothes/clothes4530.jpg,1,Clothing,1,Clothing,0.8188539,0.7867305,True
waste_type_identification/clothing/clothes/clothes4534.jpg,1,Clothing,1,Clothing,0.78012633,0.72341555,True
waste_type_identification/clothing/clothes/clothes4536.jpg,1,Clothing,1,Clothing,0.80911875,0.7684838,True
waste_type_identification/clothing/clothes/clothes4556.jpg,1,Clothing,1,Clothing,0.8208226,0.78738797,True
waste_type_identification/clothing/clothes/clothes4557.jpg,1,Clothing,1,Clothing,0.7832069,0.7156026,True
waste_type_identification/clothing/clothes/clothes4560.jpg,1,Clothing,1,Clothing,0.79363114,0.7378579,True
waste_type_identification/clothing/clothes/clothes4562.jpg,1,Clothing,1,Clothing,0.8367081,0.8065129,True
waste_type_identification/clothing/clothes/clothes4566.jpg,1,Clothing,1,Clothing,0.8426978,0.81040895,True
waste_type_identification/clothing/clothes/clothes4568.jpg,1,Clothing,1,Clothing,0.79824436,0.76191664,True
waste_type_identification/clothing/clothes/clothes4574.jpg,1,Clothing,1,Clothing,0.7792374,0.72076917,True
waste_type_identification/clothing/clothes/clothes4578.jpg,1,Clothing,1,Clothing,0.8287987,0.7965362,True
waste_type_identification/clothing/clothes/clothes4584.jpg,1,Clothing,1,Clothing,0.8112675,0.77488095,True
waste_type_identification/clothing/clothes/clothes4587.jpg,1,Clothing,1,Clothing,0.8409,0.812049,True
waste_type_identification/clothing/clothes/clothes4590.jpg,1,Clothing,1,Clothing,0.8377254,0.80612093,True
waste_type_identification/clothing/clothes/clothes4593.jpg,1,Clothing,1,Clothing,0.80011815,0.7490506,True
waste_type_identification/clothing/clothes/clothes4598.jpg,1,Clothing,1,Clothing,0.8258176,0.79468244,True
waste_type_identification/clothing/clothes/clothes4599.jpg,1,Clothing,1,Clothing,0.8250643,0.7918162,True
waste_type_identification/clothing/clothes/clothes4603.jpg,1,Clothing,1,Clothing,0.81706977,0.78404665,True
waste_type_identification/clothing/clothes/clothes4606.jpg,1,Clothing,1,Clothing,0.8213439,0.78638875,True
waste_type_identification/clothing/clothes/clothes4607.jpg,1,Clothing,1,Clothing,0.8246728,0.79319286,True
waste_type_identification/clothing/clothes/clothes4613.jpg,1,Clothing,1,Clothing,0.87164587,0.84171134,True
waste_type_identification/clothing/clothes/clothes4615.jpg,1,Clothing,1,Clothing,0.8189922,0.7865992,True
waste_type_identification/clothing/clothes/clothes4618.jpg,1,Clothing,1,Clothing,0.8315359,0.80365634,True
waste_type_identification/clothing/clothes/clothes462.jpg,1,Clothing,1,Clothing,0.5279573,0.4214309,True
waste_type_identification/clothing/clothes/clothes4622.jpg,1,Clothing,1,Clothing,0.7870796,0.7485549,True
waste_type_identification/clothing/clothes/clothes4623.jpg,1,Clothing,1,Clothing,0.875263,0.85057026,True
waste_type_identification/clothing/clothes/clothes4629.jpg,1,Clothing,1,Clothing,0.80124307,0.75957775,True
waste_type_identification/clothing/clothes/clothes4631.jpg,1,Clothing,1,Clothing,0.8030726,0.7581467,True
waste_type_identification/clothing/clothes/clothes4639.jpg,1,Clothing,1,Clothing,0.8094321,0.7681113,True
waste_type_identification/clothing/clothes/clothes4643.jpg,1,Clothing,1,Clothing,0.8263363,0.7935733,True
waste_type_identification/clothing/clothes/clothes4646.jpg,1,Clothing,1,Clothing,0.84278584,0.8148809,True
waste_type_identification/clothing/clothes/clothes4655.jpg,1,Clothing,1,Clothing,0.82970655,0.7973587,True
waste_type_identification/clothing/clothes/clothes4657.jpg,1,Clothing,1,Clothing,0.8262846,0.7911094,True
waste_type_identification/clothing/clothes/clothes4658.jpg,1,Clothing,1,Clothing,0.80482185,0.7707992,True
waste_type_identification/clothing/clothes/clothes4660.jpg,1,Clothing,1,Clothing,0.77194697,0.7329671,True
waste_type_identification/clothing/clothes/clothes4661.jpg,1,Clothing,1,Clothing,0.82352567,0.79259866,True
waste_type_identification/clothing/clothes/clothes468.jpg,1,Clothing,1,Clothing,0.8357433,0.8087839,True
waste_type_identification/clothing/clothes/clothes4680.jpg,1,Clothing,1,Clothing,0.8135047,0.77376753,True
waste_type_identification/clothing/clothes/clothes4687.jpg,1,Clothing,1,Clothing,0.7833282,0.7440825,True
waste_type_identification/clothing/clothes/clothes4695.jpg,1,Clothing,1,Clothing,0.78900856,0.7432029,True
waste_type_identification/clothing/clothes/clothes4696.jpg,1,Clothing,1,Clothing,0.8544773,0.8276209,True
waste_type_identification/clothing/clothes/clothes4698.jpg,1,Clothing,1,Clothing,0.7891607,0.75278777,True
waste_type_identification/clothing/clothes/clothes47.jpg,1,Clothing,1,Clothing,0.79588974,0.7553569,True
waste_type_identification/clothing/clothes/clothes4701.jpg,1,Clothing,1,Clothing,0.81658375,0.7717098,True
waste_type_identification/clothing/clothes/clothes4703.jpg,1,Clothing,1,Clothing,0.83792543,0.8048306,True
waste_type_identification/clothing/clothes/clothes4707.jpg,1,Clothing,1,Clothing,0.78326386,0.74136126,True
waste_type_identification/clothing/clothes/clothes4710.jpg,1,Clothing,1,Clothing,0.76392984,0.71559757,True
waste_type_identification/clothing/clothes/clothes4716.jpg,1,Clothing,1,Clothing,0.8339682,0.8060697,True
waste_type_identification/clothing/clothes/clothes4719.jpg,1,Clothing,1,Clothing,0.79545957,0.7325145,True
waste_type_identification/clothing/clothes/clothes4720.jpg,1,Clothing,1,Clothing,0.82899565,0.78955746,True
waste_type_identification/clothing/clothes/clothes473.jpg,1,Clothing,1,Clothing,0.8278143,0.79261297,True
waste_type_identification/clothing/clothes/clothes4730.jpg,1,Clothing,1,Clothing,0.7956158,0.7579531,True
waste_type_identification/clothing/clothes/clothes4734.jpg,1,Clothing,1,Clothing,0.81983143,0.7859368,True
waste_type_identification/clothing/clothes/clothes4741.jpg,1,Clothing,1,Clothing,0.8124113,0.77761227,True
waste_type_identification/clothing/clothes/clothes475.jpg,1,Clothing,1,Clothing,0.8402021,0.80816305,True
waste_type_identification/clothing/clothes/clothes4752.jpg,1,Clothing,1,Clothing,0.6812003,0.6086214,True
waste_type_identification/clothing/clothes/clothes4759.jpg,1,Clothing,1,Clothing,0.8228408,0.7817384,True
waste_type_identification/clothing/clothes/clothes4760.jpg,1,Clothing,1,Clothing,0.8141186,0.7821956,True
waste_type_identification/clothing/clothes/clothes4762.jpg,1,Clothing,1,Clothing,0.83668417,0.80823976,True
waste_type_identification/clothing/clothes/clothes4773.jpg,1,Clothing,1,Clothing,0.8042106,0.7668512,True
waste_type_identification/clothing/clothes/clothes4777.jpg,1,Clothing,1,Clothing,0.8197736,0.7798352,True
waste_type_identification/clothing/clothes/clothes4782.jpg,1,Clothing,1,Clothing,0.8206143,0.78278553,True
waste_type_identification/clothing/clothes/clothes4785.jpg,1,Clothing,1,Clothing,0.820791,0.77355236,True
waste_type_identification/clothing/clothes/clothes4787.jpg,1,Clothing,1,Clothing,0.819149,0.78172046,True
waste_type_identification/clothing/clothes/clothes4790.jpg,1,Clothing,1,Clothing,0.8017799,0.7610703,True
waste_type_identification/clothing/clothes/clothes480.jpg,1,Clothing,1,Clothing,0.8193777,0.7829846,True
waste_type_identification/clothing/clothes/clothes4801.jpg,1,Clothing,1,Clothing,0.8178744,0.7799041,True
waste_type_identification/clothing/clothes/clothes4802.jpg,1,Clothing,1,Clothing,0.8082437,0.75754464,True
waste_type_identification/clothing/clothes/clothes4803.jpg,1,Clothing,1,Clothing,0.78538173,0.7446974,True
waste_type_identification/clothing/clothes/clothes4808.jpg,1,Clothing,1,Clothing,0.8400835,0.8071258,True
waste_type_identification/clothing/clothes/clothes481.jpg,1,Clothing,1,Clothing,0.86084986,0.82875335,True
waste_type_identification/clothing/clothes/clothes4813.jpg,1,Clothing,1,Clothing,0.8357357,0.8039025,True
waste_type_identification/clothing/clothes/clothes4817.jpg,1,Clothing,1,Clothing,0.79532176,0.7426323,True
waste_type_identification/clothing/clothes/clothes4818.jpg,1,Clothing,1,Clothing,0.8349949,0.8015809,True
waste_type_identification/clothing/clothes/clothes4829.jpg,1,Clothing,1,Clothing,0.83935785,0.80907226,True
waste_type_identification/clothing/clothes/clothes4836.jpg,1,Clothing,1,Clothing,0.7731974,0.72156215,True
waste_type_identification/clothing/clothes/clothes4838.jpg,1,Clothing,1,Clothing,0.7890307,0.7530496,True
waste_type_identification/clothing/clothes/clothes4849.jpg,1,Clothing,1,Clothing,0.8080913,0.7747633,True
waste_type_identification/clothing/clothes/clothes485.jpg,1,Clothing,1,Clothing,0.7581581,0.7065704,True
waste_type_identification/clothing/clothes/clothes4852.jpg,1,Clothing,1,Clothing,0.7614899,0.6573193,True
waste_type_identification/clothing/clothes/clothes4857.jpg,1,Clothing,1,Clothing,0.82398987,0.7916529,True
waste_type_identification/clothing/clothes/clothes486.jpg,1,Clothing,1,Clothing,0.8203148,0.77931136,True
waste_type_identification/clothing/clothes/clothes4863.jpg,1,Clothing,1,Clothing,0.85060734,0.820883,True
waste_type_identification/clothing/clothes/clothes488.jpg,1,Clothing,1,Clothing,0.8220615,0.78792495,True
waste_type_identification/clothing/clothes/clothes4880.jpg,1,Clothing,1,Clothing,0.79974645,0.75936216,True
waste_type_identification/clothing/clothes/clothes4889.jpg,1,Clothing,1,Clothing,0.8059621,0.7728478,True
waste_type_identification/clothing/clothes/clothes4902.jpg,1,Clothing,1,Clothing,0.7462323,0.6502499,True
waste_type_identification/clothing/clothes/clothes491.jpg,1,Clothing,1,Clothing,0.87616473,0.85297054,True
waste_type_identification/clothing/clothes/clothes4910.jpg,1,Clothing,1,Clothing,0.81882155,0.78336066,True
waste_type_identification/clothing/clothes/clothes492.jpg,1,Clothing,1,Clothing,0.836045,0.80423695,True
waste_type_identification/clothing/clothes/clothes4921.jpg,1,Clothing,1,Clothing,0.8339578,0.80342704,True
waste_type_identification/clothing/clothes/clothes4924.jpg,1,Clothing,1,Clothing,0.81317127,0.7785038,True
waste_type_identification/clothing/clothes/clothes4941.jpg,1,Clothing,1,Clothing,0.835686,0.8040149,True
waste_type_identification/clothing/clothes/clothes4949.jpg,1,Clothing,1,Clothing,0.85498077,0.8284153,True
waste_type_identification/clothing/clothes/clothes4950.jpg,1,Clothing,1,Clothing,0.81728864,0.78527474,True
waste_type_identification/clothing/clothes/clothes4956.jpg,1,Clothing,1,Clothing,0.55622274,0.33236963,True
waste_type_identification/clothing/clothes/clothes4959.jpg,1,Clothing,1,Clothing,0.82496303,0.7742494,True
waste_type_identification/clothing/clothes/clothes496.jpg,1,Clothing,1,Clothing,0.8445043,0.8142852,True
waste_type_identification/clothing/clothes/clothes4962.jpg,1,Clothing,1,Clothing,0.80256313,0.76575595,True
waste_type_identification/clothing/clothes/clothes4967.jpg,1,Clothing,1,Clothing,0.8396462,0.81032526,True
waste_type_identification/clothing/clothes/clothes4971.jpg,1,Clothing,1,Clothing,0.83425105,0.7992495,True
waste_type_identification/clothing/clothes/clothes4973.jpg,1,Clothing,1,Clothing,0.81990474,0.78902286,True
waste_type_identification/clothing/clothes/clothes4977.jpg,1,Clothing,1,Clothing,0.80768496,0.7698116,True
waste_type_identification/clothing/clothes/clothes498.jpg,1,Clothing,1,Clothing,0.86291367,0.83697134,True
waste_type_identification/clothing/clothes/clothes4982.jpg,1,Clothing,1,Clothing,0.8065762,0.77255875,True
waste_type_identification/clothing/clothes/clothes4986.jpg,1,Clothing,1,Clothing,0.8465918,0.81789756,True
waste_type_identification/clothing/clothes/clothes4987.jpg,1,Clothing,1,Clothing,0.8946169,0.8718335,True
waste_type_identification/clothing/clothes/clothes4988.jpg,1,Clothing,1,Clothing,0.8537933,0.8212235,True
waste_type_identification/clothing/clothes/clothes499.jpg,1,Clothing,1,Clothing,0.82503265,0.79604816,True
waste_type_identification/clothing/clothes/clothes4991.jpg,1,Clothing,1,Clothing,0.82352513,0.78639525,True
waste_type_identification/clothing/clothes/clothes4996.jpg,1,Clothing,1,Clothing,0.7983528,0.7503481,True
waste_type_identification/clothing/clothes/clothes5.jpg,1,Clothing,1,Clothing,0.80919677,0.7751775,True
waste_type_identification/clothing/clothes/clothes50.jpg,1,Clothing,1,Clothing,0.8562649,0.82667035,True
waste_type_identification/clothing/clothes/clothes5004.jpg,1,Clothing,1,Clothing,0.80067945,0.7621014,True
waste_type_identification/clothing/clothes/clothes5008.jpg,1,Clothing,1,Clothing,0.79344094,0.75339925,True
waste_type_identification/clothing/clothes/clothes5011.jpg,1,Clothing,1,Clothing,0.7814034,0.71626276,True
waste_type_identification/clothing/clothes/clothes5012.jpg,1,Clothing,1,Clothing,0.81916976,0.78456146,True
waste_type_identification/clothing/clothes/clothes5021.jpg,1,Clothing,1,Clothing,0.8404842,0.81377125,True
waste_type_identification/clothing/clothes/clothes5024.jpg,1,Clothing,1,Clothing,0.7902859,0.7494457,True
waste_type_identification/clothing/clothes/clothes5027.jpg,1,Clothing,1,Clothing,0.6347618,0.537986,True
waste_type_identification/clothing/clothes/clothes5034.jpg,1,Clothing,1,Clothing,0.7983754,0.76324064,True
waste_type_identification/clothing/clothes/clothes5040.jpg,1,Clothing,1,Clothing,0.8160925,0.7824817,True
waste_type_identification/clothing/clothes/clothes5043.jpg,1,Clothing,1,Clothing,0.7895332,0.7304722,True
waste_type_identification/clothing/clothes/clothes5046.jpg,1,Clothing,1,Clothing,0.8038527,0.76198715,True
waste_type_identification/clothing/clothes/clothes505.jpg,1,Clothing,1,Clothing,0.8655421,0.8414671,True
waste_type_identification/clothing/clothes/clothes5068.jpg,1,Clothing,1,Clothing,0.82152313,0.7911496,True
waste_type_identification/clothing/clothes/clothes5070.jpg,1,Clothing,1,Clothing,0.8185664,0.77187324,True
waste_type_identification/clothing/clothes/clothes5085.jpg,1,Clothing,1,Clothing,0.8240589,0.79280657,True
waste_type_identification/clothing/clothes/clothes5088.jpg,1,Clothing,1,Clothing,0.8127115,0.77317804,True
waste_type_identification/clothing/clothes/clothes5091.jpg,1,Clothing,1,Clothing,0.7772659,0.70198727,True
waste_type_identification/clothing/clothes/clothes5093.jpg,1,Clothing,1,Clothing,0.8107691,0.7707114,True
waste_type_identification/clothing/clothes/clothes5099.jpg,1,Clothing,1,Clothing,0.8202493,0.78652936,True
waste_type_identification/clothing/clothes/clothes5107.jpg,1,Clothing,1,Clothing,0.7369398,0.64007705,True
waste_type_identification/clothing/clothes/clothes5108.jpg,1,Clothing,1,Clothing,0.7834999,0.73968726,True
waste_type_identification/clothing/clothes/clothes5110.jpg,1,Clothing,1,Clothing,0.82034326,0.7895432,True
waste_type_identification/clothing/clothes/clothes5113.jpg,1,Clothing,1,Clothing,0.8622699,0.8385104,True
waste_type_identification/clothing/clothes/clothes5114.jpg,1,Clothing,1,Clothing,0.8140209,0.7779206,True
waste_type_identification/clothing/clothes/clothes512.jpg,1,Clothing,1,Clothing,0.8100513,0.7702397,True
waste_type_identification/clothing/clothes/clothes5125.jpg,1,Clothing,1,Clothing,0.801263,0.76309127,True
waste_type_identification/clothing/clothes/clothes5129.jpg,1,Clothing,1,Clothing,0.85420126,0.82796407,True
waste_type_identification/clothing/clothes/clothes5137.jpg,1,Clothing,1,Clothing,0.7923576,0.7534663,True
waste_type_identification/clothing/clothes/clothes5138.jpg,1,Clothing,1,Clothing,0.8109519,0.77280605,True
waste_type_identification/clothing/clothes/clothes5149.jpg,1,Clothing,1,Clothing,0.8087947,0.7748716,True
waste_type_identification/clothing/clothes/clothes515.jpg,1,Clothing,1,Clothing,0.8258977,0.78976077,True
waste_type_identification/clothing/clothes/clothes5153.jpg,1,Clothing,1,Clothing,0.86346996,0.82699805,True
waste_type_identification/clothing/clothes/clothes5163.jpg,1,Clothing,1,Clothing,0.83483404,0.8002801,True
waste_type_identification/clothing/clothes/clothes5179.jpg,1,Clothing,1,Clothing,0.7784747,0.74052083,True
waste_type_identification/clothing/clothes/clothes5182.jpg,1,Clothing,1,Clothing,0.81277025,0.77850044,True
waste_type_identification/clothing/clothes/clothes5188.jpg,1,Clothing,1,Clothing,0.83620244,0.80434823,True
waste_type_identification/clothing/clothes/clothes5195.jpg,1,Clothing,1,Clothing,0.8132554,0.78165543,True
waste_type_identification/clothing/clothes/clothes5198.jpg,1,Clothing,1,Clothing,0.80653185,0.76429385,True
waste_type_identification/clothing/clothes/clothes5201.jpg,1,Clothing,1,Clothing,0.77120876,0.6900694,True
waste_type_identification/clothing/clothes/clothes5206.jpg,1,Clothing,1,Clothing,0.767984,0.71239436,True
waste_type_identification/clothing/clothes/clothes5207.jpg,1,Clothing,1,Clothing,0.8155697,0.7813411,True
waste_type_identification/clothing/clothes/clothes5211.jpg,1,Clothing,1,Clothing,0.83972085,0.8104351,True
waste_type_identification/clothing/clothes/clothes5213.jpg,1,Clothing,1,Clothing,0.8440574,0.8145781,True
waste_type_identification/clothing/clothes/clothes5218.jpg,1,Clothing,1,Clothing,0.84684163,0.81653935,True
waste_type_identification/clothing/clothes/clothes5230.jpg,1,Clothing,1,Clothing,0.8298604,0.7929261,True
waste_type_identification/clothing/clothes/clothes5231.jpg,1,Clothing,1,Clothing,0.8299396,0.79767084,True
waste_type_identification/clothing/clothes/clothes5239.jpg,1,Clothing,1,Clothing,0.7901636,0.7518365,True
waste_type_identification/clothing/clothes/clothes5258.jpg,1,Clothing,1,Clothing,0.7979199,0.7627409,True
waste_type_identification/clothing/clothes/clothes5273.jpg,1,Clothing,1,Clothing,0.81774426,0.78777766,True
waste_type_identification/clothing/clothes/clothes5280.jpg,1,Clothing,1,Clothing,0.8289678,0.8004203,True
waste_type_identification/clothing/clothes/clothes5282.jpg,1,Clothing,1,Clothing,0.8473575,0.81389266,True
waste_type_identification/clothing/clothes/clothes5283.jpg,1,Clothing,1,Clothing,0.82293874,0.7851585,True
waste_type_identification/clothing/clothes/clothes5290.jpg,1,Clothing,1,Clothing,0.83693206,0.80745757,True
waste_type_identification/clothing/clothes/clothes5292.jpg,1,Clothing,1,Clothing,0.82081455,0.7897908,True
waste_type_identification/clothing/clothes/clothes5300.jpg,1,Clothing,1,Clothing,0.7832615,0.74501264,True
waste_type_identification/clothing/clothes/clothes5303.jpg,1,Clothing,1,Clothing,0.8180859,0.78528726,True
waste_type_identification/clothing/clothes/clothes5305.jpg,1,Clothing,1,Clothing,0.7468327,0.6461915,True
waste_type_identification/clothing/clothes/clothes5308.jpg,1,Clothing,1,Clothing,0.8103487,0.77264005,True
waste_type_identification/clothing/clothes/clothes531.jpg,1,Clothing,1,Clothing,0.81549144,0.7792182,True
waste_type_identification/clothing/clothes/clothes5311.jpg,1,Clothing,1,Clothing,0.7655879,0.7219135,True
waste_type_identification/clothing/clothes/clothes5314.jpg,1,Clothing,1,Clothing,0.8440276,0.81330526,True
waste_type_identification/clothing/clothes/clothes5316.jpg,1,Clothing,1,Clothing,0.834081,0.79900146,True
waste_type_identification/clothing/clothes/clothes5318.jpg,1,Clothing,1,Clothing,0.8295326,0.8011077,True
waste_type_identification/clothing/clothes/clothes5320.jpg,1,Clothing,1,Clothing,0.82933784,0.7899976,True
waste_type_identification/clothing/clothes/clothes5323.jpg,1,Clothing,1,Clothing,0.79791003,0.75820905,True
waste_type_identification/clothing/clothes/clothes5324.jpg,1,Clothing,1,Clothing,0.83965915,0.807354,True
waste_type_identification/clothing/clothes/clothes5325.jpg,1,Clothing,1,Clothing,0.852824,0.8281801,True
waste_type_identification/clothing/clothes/clothes536.jpg,1,Clothing,1,Clothing,0.85742563,0.8179416,True
waste_type_identification/clothing/clothes/clothes54.jpg,1,Clothing,1,Clothing,0.8345593,0.8029377,True
waste_type_identification/clothing/clothes/clothes544.jpg,1,Clothing,1,Clothing,0.7588693,0.7196343,True
waste_type_identification/clothing/clothes/clothes546.jpg,1,Clothing,1,Clothing,0.81131864,0.77589446,True
waste_type_identification/clothing/clothes/clothes55.jpg,1,Clothing,1,Clothing,0.81640947,0.77740604,True
waste_type_identification/clothing/clothes/clothes554.jpg,1,Clothing,1,Clothing,0.78777647,0.73583215,True
waste_type_identification/clothing/clothes/clothes556.jpg,1,Clothing,1,Clothing,0.70407224,0.60446525,True
waste_type_identification/clothing/clothes/clothes563.jpg,1,Clothing,1,Clothing,0.8114957,0.7811964,True
waste_type_identification/clothing/clothes/clothes565.jpg,1,Clothing,1,Clothing,0.82546395,0.7906869,True
waste_type_identification/clothing/clothes/clothes571.jpg,1,Clothing,1,Clothing,0.8092166,0.7668646,True
waste_type_identification/clothing/clothes/clothes574.jpg,1,Clothing,1,Clothing,0.8265204,0.78572243,True
waste_type_identification/clothing/clothes/clothes575.jpg,1,Clothing,1,Clothing,0.80495405,0.7645874,True
waste_type_identification/clothing/clothes/clothes579.jpg,1,Clothing,1,Clothing,0.8335531,0.80381936,True
waste_type_identification/clothing/clothes/clothes587.jpg,1,Clothing,1,Clothing,0.8109798,0.7762184,True
waste_type_identification/clothing/clothes/clothes592.jpg,1,Clothing,1,Clothing,0.8711436,0.849533,True
waste_type_identification/clothing/clothes/clothes595.jpg,1,Clothing,1,Clothing,0.79800636,0.7472108,True
waste_type_identification/clothing/clothes/clothes60.jpg,1,Clothing,1,Clothing,0.82446504,0.7964411,True
waste_type_identification/clothing/clothes/clothes601.jpg,1,Clothing,1,Clothing,0.85212517,0.82310325,True
waste_type_identification/clothing/clothes/clothes606.jpg,1,Clothing,1,Clothing,0.8438846,0.8137707,True
waste_type_identification/clothing/clothes/clothes611.jpg,1,Clothing,1,Clothing,0.8155565,0.7750256,True
waste_type_identification/clothing/clothes/clothes62.jpg,1,Clothing,1,Clothing,0.85067266,0.8204026,True
waste_type_identification/clothing/clothes/clothes624.jpg,1,Clothing,1,Clothing,0.8347089,0.8057079,True
waste_type_identification/clothing/clothes/clothes625.jpg,1,Clothing,1,Clothing,0.614157,0.5119388,True
waste_type_identification/clothing/clothes/clothes630.jpg,1,Clothing,1,Clothing,0.8434286,0.81497186,True
waste_type_identification/clothing/clothes/clothes64.jpg,1,Clothing,1,Clothing,0.78800255,0.75386566,True
waste_type_identification/clothing/clothes/clothes646.jpg,1,Clothing,1,Clothing,0.82754457,0.7869126,True
waste_type_identification/clothing/clothes/clothes656.jpg,1,Clothing,1,Clothing,0.75682455,0.6732412,True
waste_type_identification/clothing/clothes/clothes665.jpg,1,Clothing,1,Clothing,0.77193105,0.7241688,True
waste_type_identification/clothing/clothes/clothes668.jpg,1,Clothing,1,Clothing,0.81763166,0.7882143,True
waste_type_identification/clothing/clothes/clothes674.jpg,1,Clothing,1,Clothing,0.8416057,0.8084924,True
waste_type_identification/clothing/clothes/clothes679.jpg,1,Clothing,1,Clothing,0.85589194,0.8258983,True
waste_type_identification/clothing/clothes/clothes680.jpg,1,Clothing,1,Clothing,0.80366504,0.7702167,True
waste_type_identification/clothing/clothes/clothes694.jpg,1,Clothing,1,Clothing,0.7898968,0.74508786,True
waste_type_identification/clothing/clothes/clothes706.jpg,1,Clothing,1,Clothing,0.80943006,0.7727066,True
waste_type_identification/clothing/clothes/clothes710.jpg,1,Clothing,1,Clothing,0.8470614,0.81464905,True
waste_type_identification/clothing/clothes/clothes715.jpg,1,Clothing,1,Clothing,0.8328215,0.80150676,True
waste_type_identification/clothing/clothes/clothes720.jpg,1,Clothing,1,Clothing,0.79204035,0.75067014,True
waste_type_identification/clothing/clothes/clothes732.jpg,1,Clothing,1,Clothing,0.814163,0.7733361,True
waste_type_identification/clothing/clothes/clothes734.jpg,1,Clothing,1,Clothing,0.80615026,0.7708722,True
waste_type_identification/clothing/clothes/clothes735.jpg,1,Clothing,1,Clothing,0.8187687,0.7856155,True
waste_type_identification/clothing/clothes/clothes737.jpg,1,Clothing,1,Clothing,0.82064706,0.7551019,True
waste_type_identification/clothing/clothes/clothes744.jpg,1,Clothing,1,Clothing,0.79549766,0.7588622,True
waste_type_identification/clothing/clothes/clothes745.jpg,1,Clothing,1,Clothing,0.8312969,0.80303067,True
waste_type_identification/clothing/clothes/clothes749.jpg,1,Clothing,1,Clothing,0.79256046,0.75733626,True
waste_type_identification/clothing/clothes/clothes754.jpg,1,Clothing,1,Clothing,0.83559054,0.7980979,True
waste_type_identification/clothing/clothes/clothes766.jpg,1,Clothing,1,Clothing,0.8067541,0.7732582,True
waste_type_identification/clothing/clothes/clothes768.jpg,1,Clothing,1,Clothing,0.8079717,0.77089584,True
waste_type_identification/clothing/clothes/clothes769.jpg,1,Clothing,1,Clothing,0.81407857,0.7813146,True
waste_type_identification/clothing/clothes/clothes778.jpg,1,Clothing,1,Clothing,0.84256524,0.81287116,True
waste_type_identification/clothing/clothes/clothes781.jpg,1,Clothing,1,Clothing,0.80656296,0.7701308,True
waste_type_identification/clothing/clothes/clothes782.jpg,1,Clothing,1,Clothing,0.81146836,0.7782291,True
waste_type_identification/clothing/clothes/clothes783.jpg,1,Clothing,1,Clothing,0.8583527,0.8291362,True
waste_type_identification/clothing/clothes/clothes787.jpg,1,Clothing,1,Clothing,0.8141023,0.780483,True
waste_type_identification/clothing/clothes/clothes791.jpg,1,Clothing,1,Clothing,0.79922354,0.75073344,True
waste_type_identification/clothing/clothes/clothes795.jpg,1,Clothing,1,Clothing,0.84259516,0.811704,True
waste_type_identification/clothing/clothes/clothes800.jpg,1,Clothing,1,Clothing,0.86810166,0.84043014,True
waste_type_identification/clothing/clothes/clothes804.jpg,1,Clothing,1,Clothing,0.78044116,0.7412957,True
waste_type_identification/clothing/clothes/clothes82.jpg,1,Clothing,1,Clothing,0.76962006,0.7246488,True
waste_type_identification/clothing/clothes/clothes828.jpg,1,Clothing,1,Clothing,0.80282074,0.76882577,True
waste_type_identification/clothing/clothes/clothes829.jpg,1,Clothing,1,Clothing,0.7793291,0.73658156,True
waste_type_identification/clothing/clothes/clothes831.jpg,1,Clothing,1,Clothing,0.8514658,0.82251686,True
waste_type_identification/clothing/clothes/clothes834.jpg,1,Clothing,1,Clothing,0.80976844,0.7750631,True
waste_type_identification/clothing/clothes/clothes841.jpg,1,Clothing,1,Clothing,0.8039168,0.7692332,True
waste_type_identification/clothing/clothes/clothes849.jpg,1,Clothing,1,Clothing,0.8073433,0.7641086,True
waste_type_identification/clothing/clothes/clothes861.jpg,1,Clothing,1,Clothing,0.8361504,0.80626684,True
waste_type_identification/clothing/clothes/clothes867.jpg,1,Clothing,1,Clothing,0.7968311,0.75843215,True
waste_type_identification/clothing/clothes/clothes868.jpg,1,Clothing,1,Clothing,0.7886754,0.7422687,True
waste_type_identification/clothing/clothes/clothes87.jpg,1,Clothing,1,Clothing,0.85545045,0.81645924,True
waste_type_identification/clothing/clothes/clothes870.jpg,1,Clothing,1,Clothing,0.77108634,0.7138505,True
waste_type_identification/clothing/clothes/clothes871.jpg,1,Clothing,1,Clothing,0.83103365,0.80278355,True
waste_type_identification/clothing/clothes/clothes876.jpg,1,Clothing,1,Clothing,0.80902976,0.7774633,True
waste_type_identification/clothing/clothes/clothes89.jpg,1,Clothing,1,Clothing,0.8768904,0.8458758,True
waste_type_identification/clothing/clothes/clothes891.jpg,1,Clothing,1,Clothing,0.81283253,0.7446623,True
waste_type_identification/clothing/clothes/clothes893.jpg,1,Clothing,1,Clothing,0.8276488,0.79379815,True
waste_type_identification/clothing/clothes/clothes894.jpg,1,Clothing,1,Clothing,0.78948957,0.7477756,True
waste_type_identification/clothing/clothes/clothes901.jpg,1,Clothing,1,Clothing,0.8465799,0.81912136,True
waste_type_identification/clothing/clothes/clothes915.jpg,1,Clothing,1,Clothing,0.37056774,0.07155049,True
waste_type_identification/clothing/clothes/clothes916.jpg,1,Clothing,1,Clothing,0.8078181,0.76696384,True
waste_type_identification/clothing/clothes/clothes92.jpg,1,Clothing,1,Clothing,0.83137023,0.8001879,True
waste_type_identification/clothing/clothes/clothes920.jpg,1,Clothing,1,Clothing,0.82168704,0.7887269,True
waste_type_identification/clothing/clothes/clothes925.jpg,1,Clothing,1,Clothing,0.82651126,0.79272515,True
waste_type_identification/clothing/clothes/clothes933.jpg,1,Clothing,1,Clothing,0.79976815,0.76432645,True
waste_type_identification/clothing/clothes/clothes937.jpg,1,Clothing,1,Clothing,0.84668136,0.8192079,True
waste_type_identification/clothing/clothes/clothes954.jpg,1,Clothing,1,Clothing,0.81669164,0.77808475,True
waste_type_identification/clothing/clothes/clothes959.jpg,1,Clothing,1,Clothing,0.8412436,0.8139742,True
waste_type_identification/clothing/clothes/clothes965.jpg,1,Clothing,1,Clothing,0.83304167,0.7988092,True
waste_type_identification/clothing/clothes/clothes967.jpg,1,Clothing,1,Clothing,0.7999759,0.7648679,True
waste_type_identification/clothing/clothes/clothes968.jpg,1,Clothing,1,Clothing,0.8134242,0.77193034,True
waste_type_identification/clothing/clothes/clothes969.jpg,1,Clothing,1,Clothing,0.6959941,0.62614524,True
waste_type_identification/clothing/clothes/clothes972.jpg,1,Clothing,1,Clothing,0.8369057,0.79970604,True
waste_type_identification/clothing/clothes/clothes974.jpg,1,Clothing,1,Clothing,0.83688945,0.80006075,True
waste_type_identification/clothing/clothes/clothes975.jpg,1,Clothing,1,Clothing,0.8207168,0.7892035,True
waste_type_identification/clothing/clothes/clothes976.jpg,1,Clothing,1,Clothing,0.7711693,0.7271506,True
waste_type_identification/clothing/clothes/clothes990.jpg,1,Clothing,1,Clothing,0.78584033,0.73778,True
waste_type_identification/clothing/clothes/clothes994.jpg,1,Clothing,1,Clothing,0.7851825,0.7198953,True
waste_type_identification/clothing/shoes/shoes10.jpg,1,Clothing,1,Clothing,0.7884208,0.7448555,True
waste_type_identification/clothing/shoes/shoes1013.jpg,1,Clothing,1,Clothing,0.76050574,0.6931836,True
waste_type_identification/clothing/shoes/shoes1014.jpg,1,Clothing,1,Clothing,0.8441057,0.80135953,True
waste_type_identification/clothing/shoes/shoes1017.jpg,1,Clothing,1,Clothing,0.90070355,0.87955,True
waste_type_identification/clothing/shoes/shoes1022.jpg,1,Clothing,7,Undifferentiated,0.7461003,0.6622451,False
waste_type_identification/clothing/shoes/shoes1025.jpg,1,Clothing,1,Clothing,0.7313064,0.6542191,True
waste_type_identification/clothing/shoes/shoes1039.jpg,1,Clothing,1,Clothing,0.8468334,0.8151524,True
waste_type_identification/clothing/shoes/shoes1041.jpg,1,Clothing,1,Clothing,0.81826115,0.75864017,True
waste_type_identification/clothing/shoes/shoes1050.jpg,1,Clothing,1,Clothing,0.8380431,0.8089795,True
waste_type_identification/clothing/shoes/shoes1054.jpg,1,Clothing,1,Clothing,0.45530933,0.31036466,True
waste_type_identification/clothing/shoes/shoes1057.jpg,1,Clothing,1,Clothing,0.48348796,0.20441392,True
waste_type_identification/clothing/shoes/shoes1059.jpg,1,Clothing,1,Clothing,0.87160987,0.8423876,True
waste_type_identification/clothing/shoes/shoes106.jpg,1,Clothing,1,Clothing,0.7815815,0.7388543,True
waste_type_identification/clothing/shoes/shoes1065.jpg,1,Clothing,1,Clothing,0.8556329,0.82439035,True
waste_type_identification/clothing/shoes/shoes1071.jpg,1,Clothing,1,Clothing,0.831482,0.7884801,True
waste_type_identification/clothing/shoes/shoes1073.jpg,1,Clothing,1,Clothing,0.8727761,0.8190439,True
waste_type_identification/clothing/shoes/shoes1078.jpg,1,Clothing,1,Clothing,0.84720314,0.8175927,True
waste_type_identification/clothing/shoes/shoes108.jpg,1,Clothing,1,Clothing,0.6385537,0.42880616,True
waste_type_identification/clothing/shoes/shoes1084.jpg,1,Clothing,1,Clothing,0.85044944,0.8080467,True
waste_type_identification/clothing/shoes/shoes1085.jpg,1,Clothing,1,Clothing,0.8156762,0.7647124,True
waste_type_identification/clothing/shoes/shoes1088.jpg,1,Clothing,1,Clothing,0.8665012,0.8410445,True
waste_type_identification/clothing/shoes/shoes1092.jpg,1,Clothing,1,Clothing,0.86494076,0.8272752,True
waste_type_identification/clothing/shoes/shoes11.jpg,1,Clothing,1,Clothing,0.86715657,0.8339652,True
waste_type_identification/clothing/shoes/shoes1100.jpg,1,Clothing,1,Clothing,0.7875631,0.7097668,True
waste_type_identification/clothing/shoes/shoes1103.jpg,1,Clothing,1,Clothing,0.8483808,0.8143742,True
waste_type_identification/clothing/shoes/shoes1104.jpg,1,Clothing,1,Clothing,0.8327925,0.7830031,True
waste_type_identification/clothing/shoes/shoes1106.jpg,1,Clothing,1,Clothing,0.8549236,0.8242197,True
waste_type_identification/clothing/shoes/shoes1110.jpg,1,Clothing,1,Clothing,0.84321433,0.80063426,True
waste_type_identification/clothing/shoes/shoes1111.jpg,1,Clothing,1,Clothing,0.8307817,0.7883139,True
waste_type_identification/clothing/shoes/shoes1113.jpg,1,Clothing,1,Clothing,0.75823146,0.6934534,True
waste_type_identification/clothing/shoes/shoes1115.jpg,1,Clothing,1,Clothing,0.7906808,0.71319693,True
waste_type_identification/clothing/shoes/shoes1122.jpg,1,Clothing,1,Clothing,0.8711744,0.8431483,True
waste_type_identification/clothing/shoes/shoes1127.jpg,1,Clothing,1,Clothing,0.84008974,0.80731255,True
waste_type_identification/clothing/shoes/shoes1133.jpg,1,Clothing,1,Clothing,0.89506125,0.87209046,True
waste_type_identification/clothing/shoes/shoes1135.jpg,1,Clothing,1,Clothing,0.8668793,0.8245097,True
waste_type_identification/clothing/shoes/shoes1137.jpg,1,Clothing,1,Clothing,0.43310174,0.1672264,True
waste_type_identification/clothing/shoes/shoes1139.jpg,1,Clothing,1,Clothing,0.84034306,0.7997061,True
waste_type_identification/clothing/shoes/shoes1147.jpg,1,Clothing,1,Clothing,0.8534988,0.806501,True
waste_type_identification/clothing/shoes/shoes1151.jpg,1,Clothing,1,Clothing,0.6904364,0.60786784,True
waste_type_identification/clothing/shoes/shoes1153.jpg,1,Clothing,1,Clothing,0.7944729,0.7380085,True
waste_type_identification/clothing/shoes/shoes1161.jpg,1,Clothing,1,Clothing,0.8411855,0.7934056,True
waste_type_identification/clothing/shoes/shoes1166.jpg,1,Clothing,1,Clothing,0.777408,0.7280094,True
waste_type_identification/clothing/shoes/shoes118.jpg,1,Clothing,1,Clothing,0.84329265,0.8022514,True
waste_type_identification/clothing/shoes/shoes1182.jpg,1,Clothing,1,Clothing,0.8728678,0.84364897,True
waste_type_identification/clothing/shoes/shoes1191.jpg,1,Clothing,1,Clothing,0.3777325,0.13952124,True
waste_type_identification/clothing/shoes/shoes1195.jpg,1,Clothing,1,Clothing,0.8525737,0.80997205,True
waste_type_identification/clothing/shoes/shoes1197.jpg,1,Clothing,1,Clothing,0.81788754,0.76494974,True
waste_type_identification/clothing/shoes/shoes1204.jpg,1,Clothing,1,Clothing,0.8309254,0.78773224,True
waste_type_identification/clothing/shoes/shoes121.jpg,1,Clothing,1,Clothing,0.77587533,0.7242576,True
waste_type_identification/clothing/shoes/shoes1216.jpg,1,Clothing,1,Clothing,0.8754389,0.8407043,True
waste_type_identification/clothing/shoes/shoes1217.jpg,1,Clothing,1,Clothing,0.89474887,0.8734945,True
waste_type_identification/clothing/shoes/shoes1218.jpg,1,Clothing,1,Clothing,0.8161059,0.7459589,True
waste_type_identification/clothing/shoes/shoes123.jpg,1,Clothing,1,Clothing,0.87577254,0.8506311,True
waste_type_identification/clothing/shoes/shoes1235.jpg,1,Clothing,1,Clothing,0.79901993,0.7574407,True
waste_type_identification/clothing/shoes/shoes1239.jpg,1,Clothing,1,Clothing,0.92872167,0.91576326,True
waste_type_identification/clothing/shoes/shoes125.jpg,1,Clothing,1,Clothing,0.8300228,0.8011204,True
waste_type_identification/clothing/shoes/shoes1260.jpg,1,Clothing,1,Clothing,0.8192745,0.76788944,True
waste_type_identification/clothing/shoes/shoes1263.jpg,1,Clothing,1,Clothing,0.8307776,0.7908209,True
waste_type_identification/clothing/shoes/shoes127.jpg,1,Clothing,1,Clothing,0.85508937,0.81155026,True
waste_type_identification/clothing/shoes/shoes1274.jpg,1,Clothing,1,Clothing,0.7937277,0.7318085,True
waste_type_identification/clothing/shoes/shoes1282.jpg,1,Clothing,1,Clothing,0.8681882,0.8386333,True
waste_type_identification/clothing/shoes/shoes1286.jpg,1,Clothing,1,Clothing,0.89547193,0.8735079,True
waste_type_identification/clothing/shoes/shoes1296.jpg,1,Clothing,1,Clothing,0.87199205,0.840656,True
waste_type_identification/clothing/shoes/shoes1298.jpg,1,Clothing,1,Clothing,0.8635031,0.8281913,True
waste_type_identification/clothing/shoes/shoes1299.jpg,1,Clothing,1,Clothing,0.7146922,0.6178899,True
waste_type_identification/clothing/shoes/shoes1306.jpg,1,Clothing,1,Clothing,0.8538283,0.81458664,True
waste_type_identification/clothing/shoes/shoes1327.jpg,1,Clothing,1,Clothing,0.8238222,0.7910466,True
waste_type_identification/clothing/shoes/shoes1331.jpg,1,Clothing,1,Clothing,0.90549606,0.87518173,True
waste_type_identification/clothing/shoes/shoes1335.jpg,1,Clothing,1,Clothing,0.8632369,0.8332245,True
waste_type_identification/clothing/shoes/shoes1339.jpg,1,Clothing,1,Clothing,0.8589232,0.8243672,True
waste_type_identification/clothing/shoes/shoes134.jpg,1,Clothing,1,Clothing,0.8750076,0.8210766,True
waste_type_identification/clothing/shoes/shoes1352.jpg,1,Clothing,1,Clothing,0.84524614,0.8130036,True
waste_type_identification/clothing/shoes/shoes1355.jpg,1,Clothing,1,Clothing,0.6530978,0.5190658,True
waste_type_identification/clothing/shoes/shoes1358.jpg,1,Clothing,1,Clothing,0.7290959,0.65721714,True
waste_type_identification/clothing/shoes/shoes1359.jpg,1,Clothing,1,Clothing,0.8789676,0.8554158,True
waste_type_identification/clothing/shoes/shoes1360.jpg,1,Clothing,1,Clothing,0.7925248,0.7532755,True
waste_type_identification/clothing/shoes/shoes1365.jpg,1,Clothing,1,Clothing,0.8410103,0.8097291,True
waste_type_identification/clothing/shoes/shoes1374.jpg,1,Clothing,1,Clothing,0.85007405,0.82038647,True
waste_type_identification/clothing/shoes/shoes1383.jpg,1,Clothing,1,Clothing,0.88765293,0.86089754,True
waste_type_identification/clothing/shoes/shoes1385.jpg,1,Clothing,1,Clothing,0.8831852,0.85670173,True
waste_type_identification/clothing/shoes/shoes1388.jpg,1,Clothing,1,Clothing,0.8839705,0.8598837,True
waste_type_identification/clothing/shoes/shoes1390.jpg,1,Clothing,1,Clothing,0.86976,0.8465291,True
waste_type_identification/clothing/shoes/shoes1394.jpg,1,Clothing,1,Clothing,0.8521076,0.81996983,True
waste_type_identification/clothing/shoes/shoes1395.jpg,1,Clothing,1,Clothing,0.8624511,0.8358824,True
waste_type_identification/clothing/shoes/shoes1397.jpg,1,Clothing,1,Clothing,0.7249999,0.67502207,True
waste_type_identification/clothing/shoes/shoes1401.jpg,1,Clothing,1,Clothing,0.84255725,0.7905997,True
waste_type_identification/clothing/shoes/shoes1404.jpg,1,Clothing,1,Clothing,0.8754055,0.8526073,True
waste_type_identification/clothing/shoes/shoes1407.jpg,1,Clothing,1,Clothing,0.88860077,0.86722773,True
waste_type_identification/clothing/shoes/shoes1415.jpg,1,Clothing,1,Clothing,0.81346256,0.77640253,True
waste_type_identification/clothing/shoes/shoes1418.jpg,1,Clothing,1,Clothing,0.77124316,0.703837,True
waste_type_identification/clothing/shoes/shoes1422.jpg,1,Clothing,1,Clothing,0.83592147,0.78600097,True
waste_type_identification/clothing/shoes/shoes1423.jpg,1,Clothing,1,Clothing,0.8534815,0.8287069,True
waste_type_identification/clothing/shoes/shoes1428.jpg,1,Clothing,1,Clothing,0.86503273,0.82455707,True
waste_type_identification/clothing/shoes/shoes1430.jpg,1,Clothing,1,Clothing,0.8246882,0.7591094,True
waste_type_identification/clothing/shoes/shoes1431.jpg,1,Clothing,1,Clothing,0.8818374,0.8593659,True
waste_type_identification/clothing/shoes/shoes1456.jpg,1,Clothing,1,Clothing,0.85400313,0.8219113,True
waste_type_identification/clothing/shoes/shoes1466.jpg,1,Clothing,1,Clothing,0.7642193,0.6840515,True
waste_type_identification/clothing/shoes/shoes1472.jpg,1,Clothing,1,Clothing,0.9055596,0.88851976,True
waste_type_identification/clothing/shoes/shoes1474.jpg,1,Clothing,1,Clothing,0.8445636,0.8090178,True
waste_type_identification/clothing/shoes/shoes148.jpg,1,Clothing,1,Clothing,0.91961855,0.8976628,True
waste_type_identification/clothing/shoes/shoes1484.jpg,1,Clothing,1,Clothing,0.83414596,0.7999174,True
waste_type_identification/clothing/shoes/shoes1488.jpg,1,Clothing,1,Clothing,0.8718313,0.84249765,True
waste_type_identification/clothing/shoes/shoes1491.jpg,1,Clothing,1,Clothing,0.84193164,0.8042517,True
waste_type_identification/clothing/shoes/shoes1496.jpg,1,Clothing,1,Clothing,0.8473143,0.8102816,True
waste_type_identification/clothing/shoes/shoes1503.jpg,1,Clothing,1,Clothing,0.8957537,0.8736831,True
waste_type_identification/clothing/shoes/shoes1511.jpg,1,Clothing,1,Clothing,0.6139109,0.44249406,True
waste_type_identification/clothing/shoes/shoes1513.jpg,1,Clothing,1,Clothing,0.8733612,0.84939486,True
waste_type_identification/clothing/shoes/shoes1525.jpg,1,Clothing,1,Clothing,0.8067102,0.7564769,True
waste_type_identification/clothing/shoes/shoes1528.jpg,1,Clothing,1,Clothing,0.66041374,0.5285795,True
waste_type_identification/clothing/shoes/shoes1535.jpg,1,Clothing,1,Clothing,0.8271979,0.7808168,True
waste_type_identification/clothing/shoes/shoes1537.jpg,1,Clothing,1,Clothing,0.5287368,0.27400064,True
waste_type_identification/clothing/shoes/shoes1553.jpg,1,Clothing,1,Clothing,0.88012236,0.85005474,True
waste_type_identification/clothing/shoes/shoes1555.jpg,1,Clothing,1,Clothing,0.90320027,0.88430476,True
waste_type_identification/clothing/shoes/shoes1559.jpg,1,Clothing,1,Clothing,0.72300196,0.6422227,True
waste_type_identification/clothing/shoes/shoes1562.jpg,1,Clothing,1,Clothing,0.84802747,0.80377966,True
waste_type_identification/clothing/shoes/shoes1565.jpg,1,Clothing,1,Clothing,0.83720523,0.8063154,True
waste_type_identification/clothing/shoes/shoes157.jpg,1,Clothing,1,Clothing,0.8363771,0.809028,True
waste_type_identification/clothing/shoes/shoes1571.jpg,1,Clothing,1,Clothing,0.8586604,0.8285304,True
waste_type_identification/clothing/shoes/shoes1576.jpg,1,Clothing,1,Clothing,0.78117704,0.68787944,True
waste_type_identification/clothing/shoes/shoes1584.jpg,1,Clothing,1,Clothing,0.8627825,0.8285353,True
waste_type_identification/clothing/shoes/shoes1588.jpg,1,Clothing,1,Clothing,0.8606414,0.8353464,True
waste_type_identification/clothing/shoes/shoes1592.jpg,1,Clothing,1,Clothing,0.852597,0.8111932,True
waste_type_identification/clothing/shoes/shoes1593.jpg,1,Clothing,1,Clothing,0.88710356,0.8631271,True
waste_type_identification/clothing/shoes/shoes1594.jpg,1,Clothing,1,Clothing,0.84043175,0.8094606,True
waste_type_identification/clothing/shoes/shoes1602.jpg,1,Clothing,1,Clothing,0.82864606,0.7791483,True
waste_type_identification/clothing/shoes/shoes1612.jpg,1,Clothing,1,Clothing,0.8060566,0.74166614,True
waste_type_identification/clothing/shoes/shoes1615.jpg,1,Clothing,1,Clothing,0.8180098,0.75563633,True
waste_type_identification/clothing/shoes/shoes1620.jpg,1,Clothing,1,Clothing,0.8769416,0.84506756,True
waste_type_identification/clothing/shoes/shoes1628.jpg,1,Clothing,1,Clothing,0.8215162,0.73356,True
waste_type_identification/clothing/shoes/shoes1631.jpg,1,Clothing,7,Undifferentiated,0.7129061,0.54489666,False
waste_type_identification/clothing/shoes/shoes1633.jpg,1,Clothing,1,Clothing,0.8599032,0.8299717,True
waste_type_identification/clothing/shoes/shoes1638.jpg,1,Clothing,1,Clothing,0.8167602,0.743245,True
waste_type_identification/clothing/shoes/shoes1640.jpg,1,Clothing,1,Clothing,0.8082372,0.7560042,True
waste_type_identification/clothing/shoes/shoes1641.jpg,1,Clothing,1,Clothing,0.80890244,0.7565606,True
waste_type_identification/clothing/shoes/shoes1649.jpg,1,Clothing,1,Clothing,0.8530947,0.8215127,True
waste_type_identification/clothing/shoes/shoes1650.jpg,1,Clothing,1,Clothing,0.919378,0.89544713,True
waste_type_identification/clothing/shoes/shoes1653.jpg,1,Clothing,1,Clothing,0.81547105,0.7769984,True
waste_type_identification/clothing/shoes/shoes166.jpg,1,Clothing,1,Clothing,0.7997516,0.7625642,True
waste_type_identification/clothing/shoes/shoes1671.jpg,1,Clothing,1,Clothing,0.7988487,0.74728584,True
waste_type_identification/clothing/shoes/shoes1676.jpg,1,Clothing,1,Clothing,0.87864876,0.8533212,True
waste_type_identification/clothing/shoes/shoes1677.jpg,1,Clothing,1,Clothing,0.82871926,0.7691446,True
waste_type_identification/clothing/shoes/shoes168.jpg,1,Clothing,1,Clothing,0.8792545,0.85435766,True
waste_type_identification/clothing/shoes/shoes1680.jpg,1,Clothing,1,Clothing,0.8470674,0.8031369,True
waste_type_identification/clothing/shoes/shoes1686.jpg,1,Clothing,1,Clothing,0.730167,0.6758917,True
waste_type_identification/clothing/shoes/shoes1687.jpg,1,Clothing,1,Clothing,0.801589,0.7454501,True
waste_type_identification/clothing/shoes/shoes1688.jpg,1,Clothing,1,Clothing,0.821218,0.7776685,True
waste_type_identification/clothing/shoes/shoes1691.jpg,1,Clothing,1,Clothing,0.76189715,0.6999564,True
waste_type_identification/clothing/shoes/shoes1693.jpg,1,Clothing,1,Clothing,0.85033804,0.81287813,True
waste_type_identification/clothing/shoes/shoes1694.jpg,1,Clothing,1,Clothing,0.8466646,0.80237454,True
waste_type_identification/clothing/shoes/shoes1696.jpg,1,Clothing,1,Clothing,0.7948412,0.7507271,True
waste_type_identification/clothing/shoes/shoes1699.jpg,1,Clothing,1,Clothing,0.84683657,0.8035475,True
waste_type_identification/clothing/shoes/shoes17.jpg,1,Clothing,1,Clothing,0.82771355,0.78666943,True
waste_type_identification/clothing/shoes/shoes170.jpg,1,Clothing,1,Clothing,0.94500756,0.9294155,True
waste_type_identification/clothing/shoes/shoes1711.jpg,1,Clothing,1,Clothing,0.9106402,0.8884884,True
waste_type_identification/clothing/shoes/shoes1716.jpg,1,Clothing,1,Clothing,0.6160761,0.5018892,True
waste_type_identification/clothing/shoes/shoes1724.jpg,1,Clothing,1,Clothing,0.9113614,0.8942363,True
waste_type_identification/clothing/shoes/shoes1729.jpg,1,Clothing,1,Clothing,0.8783292,0.85341686,True
waste_type_identification/clothing/shoes/shoes1731.jpg,1,Clothing,1,Clothing,0.8066382,0.7451246,True
waste_type_identification/clothing/shoes/shoes1734.jpg,1,Clothing,1,Clothing,0.78659725,0.7246243,True
waste_type_identification/clothing/shoes/shoes174.jpg,1,Clothing,1,Clothing,0.76597154,0.69114316,True
waste_type_identification/clothing/shoes/shoes1741.jpg,1,Clothing,1,Clothing,0.8848857,0.8611691,True
waste_type_identification/clothing/shoes/shoes1745.jpg,1,Clothing,1,Clothing,0.88495195,0.8450134,True
waste_type_identification/clothing/shoes/shoes1749.jpg,1,Clothing,1,Clothing,0.81465983,0.77374893,True
waste_type_identification/clothing/shoes/shoes1754.jpg,1,Clothing,1,Clothing,0.8789534,0.8476946,True
waste_type_identification/clothing/shoes/shoes1756.jpg,1,Clothing,1,Clothing,0.8200634,0.76588815,True
waste_type_identification/clothing/shoes/shoes1771.jpg,1,Clothing,1,Clothing,0.826781,0.7885927,True
waste_type_identification/clothing/shoes/shoes1773.jpg,1,Clothing,1,Clothing,0.84048295,0.79886574,True
waste_type_identification/clothing/shoes/shoes1778.jpg,1,Clothing,1,Clothing,0.869513,0.843034,True
waste_type_identification/clothing/shoes/shoes1789.jpg,1,Clothing,1,Clothing,0.8709262,0.84222585,True
waste_type_identification/clothing/shoes/shoes1798.jpg,1,Clothing,1,Clothing,0.8544902,0.82795024,True
waste_type_identification/clothing/shoes/shoes1805.jpg,1,Clothing,1,Clothing,0.8435878,0.81425405,True
waste_type_identification/clothing/shoes/shoes1806.jpg,1,Clothing,1,Clothing,0.81372344,0.7724438,True
waste_type_identification/clothing/shoes/shoes1813.jpg,1,Clothing,1,Clothing,0.83266187,0.80046636,True
waste_type_identification/clothing/shoes/shoes1816.jpg,1,Clothing,1,Clothing,0.8169291,0.7726809,True
waste_type_identification/clothing/shoes/shoes1818.jpg,1,Clothing,1,Clothing,0.8847755,0.8571532,True
waste_type_identification/clothing/shoes/shoes1835.jpg,1,Clothing,1,Clothing,0.8114529,0.73839056,True
waste_type_identification/clothing/shoes/shoes184.jpg,1,Clothing,1,Clothing,0.80038756,0.7593907,True
waste_type_identification/clothing/shoes/shoes1852.jpg,1,Clothing,1,Clothing,0.8185196,0.7786403,True
waste_type_identification/clothing/shoes/shoes1855.jpg,1,Clothing,1,Clothing,0.76799655,0.7123591,True
waste_type_identification/clothing/shoes/shoes1860.jpg,1,Clothing,1,Clothing,0.75237525,0.69640064,True
waste_type_identification/clothing/shoes/shoes1861.jpg,1,Clothing,1,Clothing,0.8056682,0.7404239,True
waste_type_identification/clothing/shoes/shoes1863.jpg,1,Clothing,1,Clothing,0.8752336,0.84976244,True
waste_type_identification/clothing/shoes/shoes1873.jpg,1,Clothing,1,Clothing,0.72363275,0.64657664,True
waste_type_identification/clothing/shoes/shoes1881.jpg,1,Clothing,1,Clothing,0.80091006,0.7577535,True
waste_type_identification/clothing/shoes/shoes1891.jpg,1,Clothing,1,Clothing,0.8200303,0.77041954,True
waste_type_identification/clothing/shoes/shoes1895.jpg,1,Clothing,1,Clothing,0.79370093,0.73316264,True
waste_type_identification/clothing/shoes/shoes1896.jpg,1,Clothing,1,Clothing,0.793333,0.7521297,True
waste_type_identification/clothing/shoes/shoes1904.jpg,1,Clothing,1,Clothing,0.82508,0.7862004,True
waste_type_identification/clothing/shoes/shoes1908.jpg,1,Clothing,1,Clothing,0.7949101,0.7488352,True
waste_type_identification/clothing/shoes/shoes1914.jpg,1,Clothing,1,Clothing,0.86964196,0.8404895,True
waste_type_identification/clothing/shoes/shoes1916.jpg,1,Clothing,1,Clothing,0.89835787,0.8775599,True
waste_type_identification/clothing/shoes/shoes1924.jpg,1,Clothing,1,Clothing,0.75242275,0.6738107,True
waste_type_identification/clothing/shoes/shoes193.jpg,1,Clothing,1,Clothing,0.8415831,0.779587,True
waste_type_identification/clothing/shoes/shoes1937.jpg,1,Clothing,1,Clothing,0.8609624,0.83127093,True
waste_type_identification/clothing/shoes/shoes1939.jpg,1,Clothing,1,Clothing,0.8436332,0.8111739,True
waste_type_identification/clothing/shoes/shoes1940.jpg,1,Clothing,1,Clothing,0.74225134,0.6662048,True
waste_type_identification/clothing/shoes/shoes1944.jpg,1,Clothing,1,Clothing,0.79761624,0.7608794,True
waste_type_identification/clothing/shoes/shoes1955.jpg,1,Clothing,1,Clothing,0.7921891,0.754523,True
waste_type_identification/clothing/shoes/shoes1966.jpg,1,Clothing,1,Clothing,0.81417596,0.7672391,True
waste_type_identification/clothing/shoes/shoes1968.jpg,1,Clothing,1,Clothing,0.6924748,0.59077907,True
waste_type_identification/clothing/shoes/shoes1969.jpg,1,Clothing,1,Clothing,0.80980164,0.7693896,True
waste_type_identification/clothing/shoes/shoes197.jpg,1,Clothing,4,Organic,0.38442242,0.20238957,False
waste_type_identification/clothing/shoes/shoes1970.jpg,1,Clothing,1,Clothing,0.83810526,0.80766714,True
waste_type_identification/clothing/shoes/shoes1971.jpg,1,Clothing,1,Clothing,0.86050606,0.8351663,True
waste_type_identification/clothing/shoes/shoes1977.jpg,1,Clothing,1,Clothing,0.8045058,0.746289,True
waste_type_identification/clothing/shoes/shoes198.jpg,1,Clothing,1,Clothing,0.7134129,0.54281044,True
waste_type_identification/clothing/shoes/shoes199.jpg,1,Clothing,1,Clothing,0.909807,0.88912034,True
waste_type_identification/clothing/shoes/shoes205.jpg,1,Clothing,1,Clothing,0.5234222,0.31527317,True
waste_type_identification/clothing/shoes/shoes208.jpg,1,Clothing,1,Clothing,0.70578533,0.62213874,True
waste_type_identification/clothing/shoes/shoes229.jpg,1,Clothing,1,Clothing,0.8825265,0.8593041,True
waste_type_identification/clothing/shoes/shoes231.jpg,1,Clothing,1,Clothing,0.88890064,0.8645195,True
waste_type_identification/clothing/shoes/shoes237.jpg,1,Clothing,1,Clothing,0.85257083,0.8137405,True
waste_type_identification/clothing/shoes/shoes241.jpg,1,Clothing,1,Clothing,0.800458,0.75063014,True
waste_type_identification/clothing/shoes/shoes242.jpg,1,Clothing,1,Clothing,0.82263094,0.78730667,True
waste_type_identification/clothing/shoes/shoes247.jpg,1,Clothing,1,Clothing,0.90233725,0.8784408,True
waste_type_identification/clothing/shoes/shoes249.jpg,1,Clothing,1,Clothing,0.8367959,0.80424356,True
waste_type_identification/clothing/shoes/shoes250.jpg,1,Clothing,7,Undifferentiated,0.52909315,0.4180908,False
waste_type_identification/clothing/shoes/shoes251.jpg,1,Clothing,1,Clothing,0.8206147,0.74863803,True
waste_type_identification/clothing/shoes/shoes258.jpg,1,Clothing,1,Clothing,0.8595201,0.82256687,True
waste_type_identification/clothing/shoes/shoes260.jpg,1,Clothing,1,Clothing,0.9092854,0.89030457,True
waste_type_identification/clothing/shoes/shoes268.jpg,1,Clothing,1,Clothing,0.82751656,0.78501874,True
waste_type_identification/clothing/shoes/shoes273.jpg,1,Clothing,1,Clothing,0.84327155,0.7844434,True
waste_type_identification/clothing/shoes/shoes281.jpg,1,Clothing,1,Clothing,0.8210741,0.7775101,True
waste_type_identification/clothing/shoes/shoes29.jpg,1,Clothing,1,Clothing,0.8509962,0.8141913,True
waste_type_identification/clothing/shoes/shoes307.jpg,1,Clothing,1,Clothing,0.3175707,0.13379407,True
waste_type_identification/clothing/shoes/shoes309.jpg,1,Clothing,1,Clothing,0.86355966,0.83429027,True
waste_type_identification/clothing/shoes/shoes322.jpg,1,Clothing,1,Clothing,0.86387783,0.838878,True
waste_type_identification/clothing/shoes/shoes329.jpg,1,Clothing,1,Clothing,0.89299315,0.87218016,True
waste_type_identification/clothing/shoes/shoes331.jpg,1,Clothing,1,Clothing,0.8151972,0.77106804,True
waste_type_identification/clothing/shoes/shoes333.jpg,1,Clothing,1,Clothing,0.6970191,0.58786094,True
waste_type_identification/clothing/shoes/shoes334.jpg,1,Clothing,1,Clothing,0.8671112,0.8421361,True
waste_type_identification/clothing/shoes/shoes335.jpg,1,Clothing,1,Clothing,0.8510159,0.81778926,True
waste_type_identification/clothing/shoes/shoes336.jpg,1,Clothing,1,Clothing,0.839329,0.8078669,True
waste_type_identification/clothing/shoes/shoes338.jpg,1,Clothing,1,Clothing,0.88358057,0.8635026,True
waste_type_identification/clothing/shoes/shoes340.jpg,1,Clothing,1,Clothing,0.82046163,0.77960145,True
waste_type_identification/clothing/shoes/shoes355.jpg,1,Clothing,1,Clothing,0.74913913,0.66244614,True
waste_type_identification/clothing/shoes/shoes375.jpg,1,Clothing,1,Clothing,0.71636873,0.5868867,True
waste_type_identification/clothing/shoes/shoes378.jpg,1,Clothing,1,Clothing,0.90075713,0.8777732,True
waste_type_identification/clothing/shoes/shoes384.jpg,1,Clothing,1,Clothing,0.8502653,0.8134398,True
waste_type_identification/clothing/shoes/shoes395.jpg,1,Clothing,1,Clothing,0.72965443,0.67607105,True
waste_type_identification/clothing/shoes/shoes397.jpg,1,Clothing,5,Papery,0.41654703,0.28756738,False
waste_type_identification/clothing/shoes/shoes401.jpg,1,Clothing,1,Clothing,0.87054956,0.84690696,True
waste_type_identification/clothing/shoes/shoes402.jpg,1,Clothing,1,Clothing,0.47432148,0.27905136,True
waste_type_identification/clothing/shoes/shoes403.jpg,1,Clothing,1,Clothing,0.8499891,0.81438005,True
waste_type_identification/clothing/shoes/shoes407.jpg,1,Clothing,1,Clothing,0.85978234,0.80500525,True
waste_type_identification/clothing/shoes/shoes417.jpg,1,Clothing,1,Clothing,0.8501675,0.8190076,True
waste_type_identification/clothing/shoes/shoes427.jpg,1,Clothing,1,Clothing,0.8777921,0.84825426,True
waste_type_identification/clothing/shoes/shoes444.jpg,1,Clothing,1,Clothing,0.8598582,0.8253816,True
waste_type_identification/clothing/shoes/shoes449.jpg,1,Clothing,1,Clothing,0.8202437,0.780239,True
waste_type_identification/clothing/shoes/shoes454.jpg,1,Clothing,1,Clothing,0.79149467,0.7333298,True
waste_type_identification/clothing/shoes/shoes460.jpg,1,Clothing,1,Clothing,0.84409595,0.81481135,True
waste_type_identification/clothing/shoes/shoes472.jpg,1,Clothing,1,Clothing,0.9076761,0.88783664,True
waste_type_identification/clothing/shoes/shoes477.jpg,1,Clothing,1,Clothing,0.8202281,0.7841663,True
waste_type_identification/clothing/shoes/shoes481.jpg,1,Clothing,1,Clothing,0.87875164,0.8527332,True
waste_type_identification/clothing/shoes/shoes487.jpg,1,Clothing,1,Clothing,0.85548896,0.8099514,True
waste_type_identification/clothing/shoes/shoes49.jpg,1,Clothing,1,Clothing,0.82252336,0.7753413,True
waste_type_identification/clothing/shoes/shoes490.jpg,1,Clothing,1,Clothing,0.8401285,0.8074582,True
waste_type_identification/clothing/shoes/shoes491.jpg,1,Clothing,1,Clothing,0.92693007,0.9107761,True
waste_type_identification/clothing/shoes/shoes492.jpg,1,Clothing,1,Clothing,0.9037292,0.87690306,True
waste_type_identification/clothing/shoes/shoes50.jpg,1,Clothing,1,Clothing,0.48685822,0.28313154,True
waste_type_identification/clothing/shoes/shoes515.jpg,1,Clothing,1,Clothing,0.8685788,0.8074423,True
waste_type_identification/clothing/shoes/shoes516.jpg,1,Clothing,1,Clothing,0.85025185,0.8196956,True
waste_type_identification/clothing/shoes/shoes52.jpg,1,Clothing,1,Clothing,0.87092036,0.8452074,True
waste_type_identification/clothing/shoes/shoes522.jpg,1,Clothing,1,Clothing,0.8974001,0.868931,True
waste_type_identification/clothing/shoes/shoes526.jpg,1,Clothing,1,Clothing,0.85635036,0.8193288,True
waste_type_identification/clothing/shoes/shoes53.jpg,1,Clothing,1,Clothing,0.8572945,0.81984353,True
waste_type_identification/clothing/shoes/shoes531.jpg,1,Clothing,1,Clothing,0.82931423,0.7802769,True
waste_type_identification/clothing/shoes/shoes552.jpg,1,Clothing,1,Clothing,0.9101722,0.89250654,True
waste_type_identification/clothing/shoes/shoes555.jpg,1,Clothing,1,Clothing,0.8476168,0.8097978,True
waste_type_identification/clothing/shoes/shoes557.jpg,1,Clothing,1,Clothing,0.7496024,0.6744168,True
waste_type_identification/clothing/shoes/shoes558.jpg,1,Clothing,1,Clothing,0.64623636,0.45762426,True
waste_type_identification/clothing/shoes/shoes573.jpg,1,Clothing,1,Clothing,0.79610425,0.7405273,True
waste_type_identification/clothing/shoes/shoes575.jpg,1,Clothing,1,Clothing,0.8796695,0.8523085,True
waste_type_identification/clothing/shoes/shoes577.jpg,1,Clothing,1,Clothing,0.5896877,0.4637363,True
waste_type_identification/clothing/shoes/shoes580.jpg,1,Clothing,1,Clothing,0.9162853,0.8986093,True
waste_type_identification/clothing/shoes/shoes586.jpg,1,Clothing,1,Clothing,0.8760566,0.8462173,True
waste_type_identification/clothing/shoes/shoes594.jpg,1,Clothing,1,Clothing,0.8331001,0.78458595,True
waste_type_identification/clothing/shoes/shoes601.jpg,1,Clothing,4,Organic,0.5702395,0.4371571,False
waste_type_identification/clothing/shoes/shoes604.jpg,1,Clothing,1,Clothing,0.81341845,0.77114445,True
waste_type_identification/clothing/shoes/shoes607.jpg,1,Clothing,1,Clothing,0.70575017,0.594617,True
waste_type_identification/clothing/shoes/shoes609.jpg,1,Clothing,1,Clothing,0.81554383,0.759851,True
waste_type_identification/clothing/shoes/shoes612.jpg,1,Clothing,1,Clothing,0.8491647,0.8172486,True
waste_type_identification/clothing/shoes/shoes613.jpg,1,Clothing,1,Clothing,0.8737791,0.8439415,True
waste_type_identification/clothing/shoes/shoes617.jpg,1,Clothing,1,Clothing,0.83010477,0.77213275,True
waste_type_identification/clothing/shoes/shoes619.jpg,1,Clothing,1,Clothing,0.7823167,0.72465295,True
waste_type_identification/clothing/shoes/shoes620.jpg,1,Clothing,1,Clothing,0.8530425,0.8186698,True
waste_type_identification/clothing/shoes/shoes63.jpg,1,Clothing,1,Clothing,0.7557832,0.6545608,True
waste_type_identification/clothing/shoes/shoes635.jpg,1,Clothing,1,Clothing,0.82995725,0.7829939,True
waste_type_identification/clothing/shoes/shoes640.jpg,1,Clothing,1,Clothing,0.86479175,0.83301497,True
waste_type_identification/clothing/shoes/shoes643.jpg,1,Clothing,1,Clothing,0.8792774,0.85457474,True
waste_type_identification/clothing/shoes/shoes653.jpg,1,Clothing,1,Clothing,0.8753475,0.8472236,True
waste_type_identification/clothing/shoes/shoes655.jpg,1,Clothing,1,Clothing,0.8742005,0.8437013,True
waste_type_identification/clothing/shoes/shoes657.jpg,1,Clothing,1,Clothing,0.8437829,0.8109446,True
waste_type_identification/clothing/shoes/shoes659.jpg,1,Clothing,1,Clothing,0.83608216,0.7906165,True
waste_type_identification/clothing/shoes/shoes661.jpg,1,Clothing,1,Clothing,0.8220706,0.75671655,True
waste_type_identification/clothing/shoes/shoes665.jpg,1,Clothing,1,Clothing,0.88430005,0.8596869,True
waste_type_identification/clothing/shoes/shoes667.jpg,1,Clothing,1,Clothing,0.89683986,0.8738963,True
waste_type_identification/clothing/shoes/shoes669.jpg,1,Clothing,1,Clothing,0.8427645,0.8105025,True
waste_type_identification/clothing/shoes/shoes674.jpg,1,Clothing,1,Clothing,0.8136885,0.78108925,True
waste_type_identification/clothing/shoes/shoes676.jpg,1,Clothing,1,Clothing,0.8294053,0.77572274,True
waste_type_identification/clothing/shoes/shoes678.jpg,1,Clothing,1,Clothing,0.8334517,0.7920158,True
waste_type_identification/clothing/shoes/shoes679.jpg,1,Clothing,1,Clothing,0.8727017,0.8396303,True
waste_type_identification/clothing/shoes/shoes686.jpg,1,Clothing,1,Clothing,0.6067048,0.500995,True
waste_type_identification/clothing/shoes/shoes693.jpg,1,Clothing,1,Clothing,0.7812087,0.69251513,True
waste_type_identification/clothing/shoes/shoes695.jpg,1,Clothing,1,Clothing,0.77429485,0.6591235,True
waste_type_identification/clothing/shoes/shoes7.jpg,1,Clothing,1,Clothing,0.8229631,0.78100157,True
waste_type_identification/clothing/shoes/shoes706.jpg,1,Clothing,1,Clothing,0.74767244,0.6732361,True
waste_type_identification/clothing/shoes/shoes707.jpg,1,Clothing,1,Clothing,0.46284094,0.34233087,True
waste_type_identification/clothing/shoes/shoes708.jpg,1,Clothing,1,Clothing,0.7101104,0.5973587,True
waste_type_identification/clothing/shoes/shoes711.jpg,1,Clothing,1,Clothing,0.7796334,0.70613015,True
waste_type_identification/clothing/shoes/shoes716.jpg,1,Clothing,1,Clothing,0.84061486,0.7999795,True
waste_type_identification/clothing/shoes/shoes717.jpg,1,Clothing,1,Clothing,0.81012565,0.7334088,True
waste_type_identification/clothing/shoes/shoes722.jpg,1,Clothing,1,Clothing,0.84256846,0.8000424,True
waste_type_identification/clothing/shoes/shoes730.jpg,1,Clothing,1,Clothing,0.8593604,0.8194187,True
waste_type_identification/clothing/shoes/shoes734.jpg,1,Clothing,1,Clothing,0.83406395,0.7865503,True
waste_type_identification/clothing/shoes/shoes735.jpg,1,Clothing,1,Clothing,0.7129638,0.6169926,True
waste_type_identification/clothing/shoes/shoes74.jpg,1,Clothing,1,Clothing,0.8693192,0.84367543,True
waste_type_identification/clothing/shoes/shoes746.jpg,1,Clothing,7,Undifferentiated,0.39992145,0.1366041,False
waste_type_identification/clothing/shoes/shoes749.jpg,1,Clothing,1,Clothing,0.85894156,0.8266939,True
waste_type_identification/clothing/shoes/shoes751.jpg,1,Clothing,1,Clothing,0.7808762,0.6887007,True
waste_type_identification/clothing/shoes/shoes757.jpg,1,Clothing,1,Clothing,0.8319135,0.7955408,True
waste_type_identification/clothing/shoes/shoes764.jpg,1,Clothing,1,Clothing,0.87963414,0.85596853,True
waste_type_identification/clothing/shoes/shoes769.jpg,1,Clothing,1,Clothing,0.83016735,0.78476626,True
waste_type_identification/clothing/shoes/shoes776.jpg,1,Clothing,1,Clothing,0.82893556,0.77421886,True
waste_type_identification/clothing/shoes/shoes782.jpg,1,Clothing,1,Clothing,0.71085185,0.5557804,True
waste_type_identification/clothing/shoes/shoes785.jpg,1,Clothing,1,Clothing,0.82997495,0.76046985,True
waste_type_identification/clothing/shoes/shoes791.jpg,1,Clothing,1,Clothing,0.8822398,0.8558726,True
waste_type_identification/clothing/shoes/shoes798.jpg,1,Clothing,1,Clothing,0.85109097,0.81355935,True
waste_type_identification/clothing/shoes/shoes799.jpg,1,Clothing,1,Clothing,0.85936034,0.83386207,True
waste_type_identification/clothing/shoes/shoes801.jpg,1,Clothing,1,Clothing,0.81760424,0.7716056,True
waste_type_identification/clothing/shoes/shoes808.jpg,1,Clothing,1,Clothing,0.8072446,0.77099085,True
waste_type_identification/clothing/shoes/shoes809.jpg,1,Clothing,1,Clothing,0.86694103,0.83931804,True
waste_type_identification/clothing/shoes/shoes811.jpg,1,Clothing,1,Clothing,0.8786287,0.8489121,True
waste_type_identification/clothing/shoes/shoes812.jpg,1,Clothing,1,Clothing,0.8059435,0.7603227,True
waste_type_identification/clothing/shoes/shoes813.jpg,1,Clothing,1,Clothing,0.80647314,0.76495755,True
waste_type_identification/clothing/shoes/shoes816.jpg,1,Clothing,1,Clothing,0.85736513,0.8230336,True
waste_type_identification/clothing/shoes/shoes818.jpg,1,Clothing,1,Clothing,0.8057232,0.7552749,True
waste_type_identification/clothing/shoes/shoes836.jpg,1,Clothing,1,Clothing,0.8246924,0.7804155,True
waste_type_identification/clothing/shoes/shoes838.jpg,1,Clothing,1,Clothing,0.77272177,0.71938723,True
waste_type_identification/clothing/shoes/shoes841.jpg,1,Clothing,5,Papery,0.54451,0.25676122,False
waste_type_identification/clothing/shoes/shoes842.jpg,1,Clothing,1,Clothing,0.82026064,0.74842155,True
waste_type_identification/clothing/shoes/shoes845.jpg,1,Clothing,1,Clothing,0.6589469,0.48942322,True
waste_type_identification/clothing/shoes/shoes853.jpg,1,Clothing,1,Clothing,0.7887621,0.7196575,True
waste_type_identification/clothing/shoes/shoes854.jpg,1,Clothing,1,Clothing,0.46425515,0.079529494,True
waste_type_identification/clothing/shoes/shoes863.jpg,1,Clothing,1,Clothing,0.77746993,0.7300851,True
waste_type_identification/clothing/shoes/shoes864.jpg,1,Clothing,1,Clothing,0.7716711,0.72364634,True
waste_type_identification/clothing/shoes/shoes87.jpg,1,Clothing,1,Clothing,0.8845183,0.85525924,True
waste_type_identification/clothing/shoes/shoes885.jpg,1,Clothing,1,Clothing,0.8538954,0.8206944,True
waste_type_identification/clothing/shoes/shoes887.jpg,1,Clothing,1,Clothing,0.83856255,0.80245113,True
waste_type_identification/clothing/shoes/shoes891.jpg,1,Clothing,1,Clothing,0.8510359,0.823844,True
waste_type_identification/clothing/shoes/shoes896.jpg,1,Clothing,1,Clothing,0.80302244,0.7520197,True
waste_type_identification/clothing/shoes/shoes90.jpg,1,Clothing,7,Undifferentiated,0.43291032,0.2019057,False
waste_type_identification/clothing/shoes/shoes900.jpg,1,Clothing,1,Clothing,0.49162436,0.19119456,True
waste_type_identification/clothing/shoes/shoes904.jpg,1,Clothing,1,Clothing,0.86863786,0.8340411,True
waste_type_identification/clothing/shoes/shoes913.jpg,1,Clothing,1,Clothing,0.87927383,0.85461277,True
waste_type_identification/clothing/shoes/shoes914.jpg,1,Clothing,1,Clothing,0.8771497,0.8498701,True
waste_type_identification/clothing/shoes/shoes915.jpg,1,Clothing,1,Clothing,0.8391672,0.7962154,True
waste_type_identification/clothing/shoes/shoes917.jpg,1,Clothing,1,Clothing,0.7982651,0.71780527,True
waste_type_identification/clothing/shoes/shoes918.jpg,1,Clothing,1,Clothing,0.8835185,0.86059815,True
waste_type_identification/clothing/shoes/shoes922.jpg,1,Clothing,1,Clothing,0.8362547,0.8032444,True
waste_type_identification/clothing/shoes/shoes927.jpg,1,Clothing,1,Clothing,0.8386459,0.8042942,True
waste_type_identification/clothing/shoes/shoes928.jpg,1,Clothing,1,Clothing,0.76348555,0.7069731,True
waste_type_identification/clothing/shoes/shoes930.jpg,1,Clothing,1,Clothing,0.8498356,0.81126714,True
waste_type_identification/clothing/shoes/shoes94.jpg,1,Clothing,1,Clothing,0.78147054,0.65982264,True
waste_type_identification/clothing/shoes/shoes943.jpg,1,Clothing,1,Clothing,0.849313,0.8140217,True
waste_type_identification/clothing/shoes/shoes944.jpg,1,Clothing,1,Clothing,0.7818848,0.7128346,True
waste_type_identification/clothing/shoes/shoes955.jpg,1,Clothing,1,Clothing,0.8116335,0.77408564,True
waste_type_identification/clothing/shoes/shoes96.jpg,1,Clothing,1,Clothing,0.8261743,0.7597827,True
waste_type_identification/clothing/shoes/shoes964.jpg,1,Clothing,1,Clothing,0.8892317,0.8643939,True
waste_type_identification/clothing/shoes/shoes982.jpg,1,Clothing,1,Clothing,0.8321217,0.7902758,True
waste_type_identification/clothing/shoes/shoes983.jpg,1,Clothing,1,Clothing,0.78080523,0.7338061,True
waste_type_identification/clothing/shoes/shoes986.jpg,1,Clothing,3,Metal,0.37077382,0.08152184,False
waste_type_identification/clothing/shoes/shoes994.jpg,1,Clothing,1,Clothing,0.78213453,0.72171474,True
waste_type_identification/glass/brown/brown114.jpg,2,Glass,2,Glass,0.75165147,0.62657356,True
waste_type_identification/glass/brown/brown121.jpg,2,Glass,2,Glass,0.62331784,0.42521894,True
waste_type_identification/glass/brown/brown122.jpg,2,Glass,2,Glass,0.91356564,0.89726347,True
waste_type_identification/glass/brown/brown124.jpg,2,Glass,2,Glass,0.8800375,0.83693147,True
waste_type_identification/glass/brown/brown126.jpg,2,Glass,2,Glass,0.91118115,0.89215374,True
waste_type_identification/glass/brown/brown132.jpg,2,Glass,2,Glass,0.89197683,0.8701529,True
waste_type_identification/glass/brown/brown140.jpg,2,Glass,2,Glass,0.9221478,0.90545446,True
waste_type_identification/glass/brown/brown143.jpg,2,Glass,2,Glass,0.84980047,0.7887135,True
waste_type_identification/glass/brown/brown150.jpg,2,Glass,2,Glass,0.7538395,0.6524775,True
waste_type_identification/glass/brown/brown154.jpg,2,Glass,2,Glass,0.832514,0.7752449,True
waste_type_identification/glass/brown/brown156.jpg,2,Glass,2,Glass,0.6534703,0.4445995,True
waste_type_identification/glass/brown/brown160.jpg,2,Glass,2,Glass,0.9115141,0.89299417,True
waste_type_identification/glass/brown/brown161.jpg,2,Glass,2,Glass,0.46190268,0.21673912,True
waste_type_identification/glass/brown/brown166.jpg,2,Glass,2,Glass,0.88701713,0.8634412,True
waste_type_identification/glass/brown/brown167.jpg,2,Glass,2,Glass,0.87984467,0.8534752,True
waste_type_identification/glass/brown/brown17.jpg,2,Glass,2,Glass,0.92544025,0.9102924,True
waste_type_identification/glass/brown/brown189.jpg,2,Glass,2,Glass,0.91344285,0.8957615,True
waste_type_identification/glass/brown/brown19.jpg,2,Glass,2,Glass,0.913062,0.8964834,True
waste_type_identification/glass/brown/brown190.jpg,2,Glass,2,Glass,0.91813624,0.90098995,True
waste_type_identification/glass/brown/brown194.jpg,2,Glass,2,Glass,0.9150347,0.89646053,True
waste_type_identification/glass/brown/brown2.jpg,2,Glass,2,Glass,0.8483275,0.81596637,True
waste_type_identification/glass/brown/brown200.jpg,2,Glass,2,Glass,0.8653621,0.83619756,True
waste_type_identification/glass/brown/brown201.jpg,2,Glass,2,Glass,0.91950226,0.8902968,True
waste_type_identification/glass/brown/brown203.jpg,2,Glass,2,Glass,0.88171,0.8472107,True
waste_type_identification/glass/brown/brown207.jpg,2,Glass,2,Glass,0.9484939,0.9335717,True
waste_type_identification/glass/brown/brown211.jpg,2,Glass,2,Glass,0.9143888,0.8924159,True
waste_type_identification/glass/brown/brown214.jpg,2,Glass,2,Glass,0.94677293,0.93511283,True
waste_type_identification/glass/brown/brown215.jpg,2,Glass,2,Glass,0.8173538,0.7465794,True
waste_type_identification/glass/brown/brown216.jpg,2,Glass,2,Glass,0.89539814,0.8696754,True
waste_type_identification/glass/brown/brown218.jpg,2,Glass,2,Glass,0.89308274,0.865312,True
waste_type_identification/glass/brown/brown223.jpg,2,Glass,2,Glass,0.8932019,0.8698449,True
waste_type_identification/glass/brown/brown233.jpg,2,Glass,2,Glass,0.87134814,0.844624,True
waste_type_identification/glass/brown/brown248.jpg,2,Glass,2,Glass,0.8815072,0.8528703,True
waste_type_identification/glass/brown/brown249.jpg,2,Glass,2,Glass,0.90406114,0.884585,True
waste_type_identification/glass/brown/brown250.jpg,2,Glass,2,Glass,0.9015977,0.87909055,True
waste_type_identification/glass/brown/brown253.jpg,2,Glass,2,Glass,0.88108623,0.8591178,True
waste_type_identification/glass/brown/brown268.jpg,2,Glass,2,Glass,0.9088034,0.8883376,True
waste_type_identification/glass/brown/brown277.jpg,2,Glass,2,Glass,0.9479611,0.93784595,True
waste_type_identification/glass/brown/brown282.jpg,2,Glass,2,Glass,0.89301157,0.87188345,True
waste_type_identification/glass/brown/brown289.jpg,2,Glass,2,Glass,0.9660396,0.9580928,True
waste_type_identification/glass/brown/brown292.jpg,2,Glass,2,Glass,0.92241305,0.9073967,True
waste_type_identification/glass/brown/brown297.jpg,2,Glass,2,Glass,0.8744405,0.8364895,True
waste_type_identification/glass/brown/brown301.jpg,2,Glass,2,Glass,0.9151661,0.89668846,True
waste_type_identification/glass/brown/brown304.jpg,2,Glass,2,Glass,0.9443392,0.9304869,True
waste_type_identification/glass/brown/brown306.jpg,2,Glass,2,Glass,0.7498397,0.6541494,True
waste_type_identification/glass/brown/brown308.jpg,2,Glass,2,Glass,0.8756794,0.8393852,True
waste_type_identification/glass/brown/brown309.jpg,2,Glass,2,Glass,0.6243912,0.5144129,True
waste_type_identification/glass/brown/brown310.jpg,2,Glass,2,Glass,0.90383875,0.88329333,True
waste_type_identification/glass/brown/brown324.jpg,2,Glass,2,Glass,0.7775198,0.72647953,True
waste_type_identification/glass/brown/brown326.jpg,2,Glass,2,Glass,0.93051845,0.9146598,True
waste_type_identification/glass/brown/brown328.jpg,2,Glass,2,Glass,0.90217924,0.8829865,True
waste_type_identification/glass/brown/brown339.jpg,2,Glass,2,Glass,0.8798145,0.8421511,True
waste_type_identification/glass/brown/brown340.jpg,2,Glass,2,Glass,0.9401517,0.924911,True
waste_type_identification/glass/brown/brown349.jpg,2,Glass,2,Glass,0.91907346,0.8988669,True
waste_type_identification/glass/brown/brown351.jpg,2,Glass,2,Glass,0.9398813,0.92595387,True
waste_type_identification/glass/brown/brown353.jpg,2,Glass,2,Glass,0.8836768,0.8596926,True
waste_type_identification/glass/brown/brown356.jpg,2,Glass,2,Glass,0.50232667,0.17996395,True
waste_type_identification/glass/brown/brown368.jpg,2,Glass,2,Glass,0.9389513,0.92492145,True
waste_type_identification/glass/brown/brown370.jpg,2,Glass,2,Glass,0.92565656,0.9081778,True
waste_type_identification/glass/brown/brown379.jpg,2,Glass,2,Glass,0.9208161,0.9044402,True
waste_type_identification/glass/brown/brown380.jpg,2,Glass,2,Glass,0.9045602,0.8848756,True
waste_type_identification/glass/brown/brown387.jpg,2,Glass,2,Glass,0.7182569,0.57498574,True
waste_type_identification/glass/brown/brown39.jpg,2,Glass,4,Organic,0.73775095,0.6171002,False
waste_type_identification/glass/brown/brown394.jpg,2,Glass,2,Glass,0.9188728,0.9014154,True
waste_type_identification/glass/brown/brown395.jpg,2,Glass,2,Glass,0.91222316,0.8897891,True
waste_type_identification/glass/brown/brown399.jpg,2,Glass,2,Glass,0.9173501,0.90076375,True
waste_type_identification/glass/brown/brown405.jpg,2,Glass,2,Glass,0.89136034,0.86938566,True
waste_type_identification/glass/brown/brown414.jpg,2,Glass,2,Glass,0.7363354,0.58802813,True
waste_type_identification/glass/brown/brown415.jpg,2,Glass,2,Glass,0.91667044,0.89671034,True
waste_type_identification/glass/brown/brown419.jpg,2,Glass,2,Glass,0.9169157,0.89786637,True
waste_type_identification/glass/brown/brown429.jpg,2,Glass,2,Glass,0.6894462,0.54852605,True
waste_type_identification/glass/brown/brown44.jpg,2,Glass,2,Glass,0.9321442,0.91789025,True
waste_type_identification/glass/brown/brown441.jpg,2,Glass,2,Glass,0.940304,0.9292494,True
waste_type_identification/glass/brown/brown446.jpg,2,Glass,2,Glass,0.91847295,0.90107167,True
waste_type_identification/glass/brown/brown452.jpg,2,Glass,2,Glass,0.8795757,0.85457665,True
waste_type_identification/glass/brown/brown456.jpg,2,Glass,2,Glass,0.9198296,0.90423787,True
waste_type_identification/glass/brown/brown470.jpg,2,Glass,7,Undifferentiated,0.42540634,0.088308305,False
waste_type_identification/glass/brown/brown479.jpg,2,Glass,2,Glass,0.90011567,0.88046503,True
waste_type_identification/glass/brown/brown48.jpg,2,Glass,2,Glass,0.9069281,0.8848783,True
waste_type_identification/glass/brown/brown486.jpg,2,Glass,2,Glass,0.88112307,0.85715294,True
waste_type_identification/glass/brown/brown50.jpg,2,Glass,2,Glass,0.90544623,0.8859572,True
waste_type_identification/glass/brown/brown503.jpg,2,Glass,2,Glass,0.90569896,0.8808399,True
waste_type_identification/glass/brown/brown507.jpg,2,Glass,2,Glass,0.5821367,0.4689561,True
waste_type_identification/glass/brown/brown508.jpg,2,Glass,2,Glass,0.93171555,0.9138899,True
waste_type_identification/glass/brown/brown513.jpg,2,Glass,2,Glass,0.9109247,0.88652146,True
waste_type_identification/glass/brown/brown522.jpg,2,Glass,2,Glass,0.8955112,0.8730886,True
waste_type_identification/glass/brown/brown525.jpg,2,Glass,2,Glass,0.8931626,0.86901546,True
waste_type_identification/glass/brown/brown540.jpg,2,Glass,2,Glass,0.90985465,0.8920167,True
waste_type_identification/glass/brown/brown545.jpg,2,Glass,2,Glass,0.9219965,0.90705734,True
waste_type_identification/glass/brown/brown546.jpg,2,Glass,2,Glass,0.92017096,0.90291,True
waste_type_identification/glass/brown/brown554.jpg,2,Glass,2,Glass,0.9289044,0.91334003,True
waste_type_identification/glass/brown/brown562.jpg,2,Glass,2,Glass,0.93372345,0.9139507,True
waste_type_identification/glass/brown/brown567.jpg,2,Glass,2,Glass,0.9123656,0.8952061,True
waste_type_identification/glass/brown/brown57.jpg,2,Glass,2,Glass,0.847279,0.8095085,True
waste_type_identification/glass/brown/brown570.jpg,2,Glass,2,Glass,0.91604644,0.90073407,True
waste_type_identification/glass/brown/brown574.jpg,2,Glass,2,Glass,0.94712365,0.936384,True
waste_type_identification/glass/brown/brown58.jpg,2,Glass,2,Glass,0.80220026,0.76629764,True
waste_type_identification/glass/brown/brown584.jpg,2,Glass,2,Glass,0.9455304,0.932488,True
waste_type_identification/glass/brown/brown587.jpg,2,Glass,2,Glass,0.9600007,0.9519834,True
waste_type_identification/glass/brown/brown595.jpg,2,Glass,2,Glass,0.92616326,0.9100913,True
waste_type_identification/glass/brown/brown596.jpg,2,Glass,2,Glass,0.907735,0.88833606,True
waste_type_identification/glass/brown/brown598.jpg,2,Glass,2,Glass,0.90332663,0.87977797,True
waste_type_identification/glass/brown/brown6.jpg,2,Glass,2,Glass,0.89788747,0.87571526,True
waste_type_identification/glass/brown/brown60.jpg,2,Glass,2,Glass,0.91813856,0.90036094,True
waste_type_identification/glass/brown/brown600.jpg,2,Glass,2,Glass,0.8848377,0.86181694,True
waste_type_identification/glass/brown/brown65.jpg,2,Glass,2,Glass,0.89924484,0.87410235,True
waste_type_identification/glass/brown/brown70.jpg,2,Glass,2,Glass,0.9207236,0.9037149,True
waste_type_identification/glass/brown/brown73.jpg,2,Glass,2,Glass,0.8848125,0.8562345,True
waste_type_identification/glass/brown/brown74.jpg,2,Glass,2,Glass,0.9005757,0.87672263,True
waste_type_identification/glass/brown/brown9.jpg,2,Glass,2,Glass,0.85612667,0.82168716,True
waste_type_identification/glass/brown/brown93.jpg,2,Glass,2,Glass,0.91931826,0.89990616,True
waste_type_identification/glass/brown/brown98.jpg,2,Glass,2,Glass,0.89578927,0.87518,True
waste_type_identification/glass/green/green101.jpg,2,Glass,2,Glass,0.9076781,0.88458484,True
waste_type_identification/glass/green/green105.jpg,2,Glass,2,Glass,0.933218,0.919407,True
waste_type_identification/glass/green/green106.jpg,2,Glass,2,Glass,0.9153774,0.89532816,True
waste_type_identification/glass/green/green107.jpg,2,Glass,2,Glass,0.8528151,0.8189193,True
waste_type_identification/glass/green/green115.jpg,2,Glass,2,Glass,0.95893115,0.9492782,True
waste_type_identification/glass/green/green120.jpg,2,Glass,2,Glass,0.84936523,0.80508995,True
waste_type_identification/glass/green/green127.jpg,2,Glass,2,Glass,0.9233883,0.9078843,True
waste_type_identification/glass/green/green130.jpg,2,Glass,2,Glass,0.81081784,0.74548584,True
waste_type_identification/glass/green/green133.jpg,2,Glass,2,Glass,0.9221335,0.90105647,True
waste_type_identification/glass/green/green136.jpg,2,Glass,2,Glass,0.8841219,0.85256547,True
waste_type_identification/glass/green/green138.jpg,2,Glass,2,Glass,0.88161695,0.8572329,True
waste_type_identification/glass/green/green14.jpg,2,Glass,2,Glass,0.9578713,0.94752043,True
waste_type_identification/glass/green/green141.jpg,2,Glass,2,Glass,0.91336805,0.8854452,True
waste_type_identification/glass/green/green144.jpg,2,Glass,2,Glass,0.9133555,0.8961939,True
waste_type_identification/glass/green/green146.jpg,2,Glass,2,Glass,0.9212099,0.90381294,True
waste_type_identification/glass/green/green158.jpg,2,Glass,2,Glass,0.90503967,0.87684137,True
waste_type_identification/glass/green/green16.jpg,2,Glass,2,Glass,0.94156015,0.9281621,True
waste_type_identification/glass/green/green162.jpg,2,Glass,2,Glass,0.8351168,0.7573369,True
waste_type_identification/glass/green/green164.jpg,2,Glass,3,Metal,0.6443081,0.42103356,False
waste_type_identification/glass/green/green166.jpg,2,Glass,2,Glass,0.8193006,0.748923,True
waste_type_identification/glass/green/green167.jpg,2,Glass,2,Glass,0.9011838,0.8747672,True
waste_type_identification/glass/green/green175.jpg,2,Glass,2,Glass,0.8730143,0.84862405,True
waste_type_identification/glass/green/green18.jpg,2,Glass,2,Glass,0.9121636,0.8930399,True
waste_type_identification/glass/green/green180.jpg,2,Glass,6,Plastic,0.47613624,0.2220847,False
waste_type_identification/glass/green/green184.jpg,2,Glass,2,Glass,0.9139821,0.89608514,True
waste_type_identification/glass/green/green186.jpg,2,Glass,2,Glass,0.8837307,0.8409029,True
waste_type_identification/glass/green/green19.jpg,2,Glass,2,Glass,0.92665035,0.9137328,True
waste_type_identification/glass/green/green197.jpg,2,Glass,2,Glass,0.95089537,0.9391657,True
waste_type_identification/glass/green/green2.jpg,2,Glass,2,Glass,0.90415674,0.8854887,True
waste_type_identification/glass/green/green20.jpg,2,Glass,2,Glass,0.88492084,0.8574941,True
waste_type_identification/glass/green/green201.jpg,2,Glass,2,Glass,0.9176059,0.90035695,True
waste_type_identification/glass/green/green204.jpg,2,Glass,2,Glass,0.93399644,0.9198169,True
waste_type_identification/glass/green/green205.jpg,2,Glass,2,Glass,0.90160084,0.88239783,True
waste_type_identification/glass/green/green206.jpg,2,Glass,2,Glass,0.8903732,0.8703066,True
waste_type_identification/glass/green/green207.jpg,2,Glass,2,Glass,0.92456126,0.90740013,True
waste_type_identification/glass/green/green210.jpg,2,Glass,2,Glass,0.9505952,0.93779886,True
waste_type_identification/glass/green/green215.jpg,2,Glass,2,Glass,0.9171725,0.8977535,True
waste_type_identification/glass/green/green217.jpg,2,Glass,2,Glass,0.9022603,0.88181156,True
waste_type_identification/glass/green/green22.jpg,2,Glass,2,Glass,0.9161239,0.8969925,True
waste_type_identification/glass/green/green220.jpg,2,Glass,2,Glass,0.90644634,0.888164,True
waste_type_identification/glass/green/green23.jpg,2,Glass,2,Glass,0.8728977,0.84458655,True
waste_type_identification/glass/green/green231.jpg,2,Glass,2,Glass,0.89435726,0.8718167,True
waste_type_identification/glass/green/green235.jpg,2,Glass,2,Glass,0.5952217,0.43396515,True
waste_type_identification/glass/green/green237.jpg,2,Glass,2,Glass,0.9132393,0.89287424,True
waste_type_identification/glass/green/green243.jpg,2,Glass,2,Glass,0.9019003,0.8818756,True
waste_type_identification/glass/green/green245.jpg,2,Glass,2,Glass,0.90558875,0.88559055,True
waste_type_identification/glass/green/green248.jpg,2,Glass,2,Glass,0.93956435,0.92686594,True
waste_type_identification/glass/green/green249.jpg,2,Glass,2,Glass,0.91706496,0.8947548,True
waste_type_identification/glass/green/green255.jpg,2,Glass,2,Glass,0.7641757,0.70647365,True
waste_type_identification/glass/green/green264.jpg,2,Glass,2,Glass,0.9102134,0.8931531,True
waste_type_identification/glass/green/green266.jpg,2,Glass,2,Glass,0.9286245,0.9137895,True
waste_type_identification/glass/green/green270.jpg,2,Glass,2,Glass,0.90876746,0.8912645,True
waste_type_identification/glass/green/green275.jpg,2,Glass,2,Glass,0.92106855,0.9057638,True
waste_type_identification/glass/green/green278.jpg,2,Glass,2,Glass,0.91341907,0.89672613,True
waste_type_identification/glass/green/green280.jpg,2,Glass,2,Glass,0.911129,0.89447784,True
waste_type_identification/glass/green/green281.jpg,2,Glass,2,Glass,0.9241033,0.9083285,True
waste_type_identification/glass/green/green282.jpg,2,Glass,2,Glass,0.92281216,0.90795046,True
waste_type_identification/glass/green/green283.jpg,2,Glass,2,Glass,0.6483907,0.4803617,True
waste_type_identification/glass/green/green295.jpg,2,Glass,2,Glass,0.9129336,0.8938446,True
waste_type_identification/glass/green/green298.jpg,2,Glass,2,Glass,0.9209254,0.9063705,True
waste_type_identification/glass/green/green301.jpg,2,Glass,2,Glass,0.8545447,0.80981135,True
waste_type_identification/glass/green/green302.jpg,2,Glass,2,Glass,0.9135172,0.8953481,True
waste_type_identification/glass/green/green303.jpg,2,Glass,2,Glass,0.92912555,0.91516566,True
waste_type_identification/glass/green/green306.jpg,2,Glass,2,Glass,0.929908,0.91308963,True
waste_type_identification/glass/green/green31.jpg,2,Glass,2,Glass,0.88138694,0.85016996,True
waste_type_identification/glass/green/green310.jpg,2,Glass,2,Glass,0.9200134,0.9046196,True
waste_type_identification/glass/green/green324.jpg,2,Glass,2,Glass,0.9209725,0.90085274,True
waste_type_identification/glass/green/green327.jpg,2,Glass,2,Glass,0.79128164,0.7319095,True
waste_type_identification/glass/green/green336.jpg,2,Glass,2,Glass,0.9510503,0.94026315,True
waste_type_identification/glass/green/green339.jpg,2,Glass,2,Glass,0.9267827,0.9132295,True
waste_type_identification/glass/green/green343.jpg,2,Glass,2,Glass,0.87576604,0.85098153,True
waste_type_identification/glass/green/green35.jpg,2,Glass,2,Glass,0.93361235,0.9196907,True
waste_type_identification/glass/green/green350.jpg,2,Glass,2,Glass,0.9128993,0.89222103,True
waste_type_identification/glass/green/green355.jpg,2,Glass,2,Glass,0.8922771,0.87206966,True
waste_type_identification/glass/green/green360.jpg,2,Glass,2,Glass,0.93755746,0.9195798,True
waste_type_identification/glass/green/green361.jpg,2,Glass,2,Glass,0.89613014,0.8722919,True
waste_type_identification/glass/green/green367.jpg,2,Glass,2,Glass,0.9458891,0.9353761,True
waste_type_identification/glass/green/green381.jpg,2,Glass,2,Glass,0.8875304,0.86171454,True
waste_type_identification/glass/green/green383.jpg,2,Glass,2,Glass,0.8912279,0.8598377,True
waste_type_identification/glass/green/green387.jpg,2,Glass,2,Glass,0.91515666,0.90006083,True
waste_type_identification/glass/green/green388.jpg,2,Glass,2,Glass,0.94416845,0.93040836,True
waste_type_identification/glass/green/green389.jpg,2,Glass,2,Glass,0.94655585,0.9361554,True
waste_type_identification/glass/green/green390.jpg,2,Glass,2,Glass,0.58073467,0.41999722,True
waste_type_identification/glass/green/green4.jpg,2,Glass,2,Glass,0.8891217,0.86188215,True
waste_type_identification/glass/green/green401.jpg,2,Glass,2,Glass,0.9212013,0.9053292,True
waste_type_identification/glass/green/green403.jpg,2,Glass,2,Glass,0.90728986,0.8831692,True
waste_type_identification/glass/green/green405.jpg,2,Glass,2,Glass,0.9221209,0.8991843,True
waste_type_identification/glass/green/green410.jpg,2,Glass,2,Glass,0.9086502,0.89184004,True
waste_type_identification/glass/green/green418.jpg,2,Glass,2,Glass,0.8815231,0.8570052,True
waste_type_identification/glass/green/green420.jpg,2,Glass,2,Glass,0.9292877,0.9144653,True
waste_type_identification/glass/green/green43.jpg,2,Glass,2,Glass,0.9291253,0.9080251,True
waste_type_identification/glass/green/green432.jpg,2,Glass,2,Glass,0.91181624,0.8949137,True
waste_type_identification/glass/green/green439.jpg,2,Glass,2,Glass,0.89290863,0.8688777,True
waste_type_identification/glass/green/green44.jpg,2,Glass,2,Glass,0.92306316,0.9057709,True
waste_type_identification/glass/green/green441.jpg,2,Glass,2,Glass,0.9063871,0.8861393,True
waste_type_identification/glass/green/green45.jpg,2,Glass,2,Glass,0.9297147,0.91596514,True
waste_type_identification/glass/green/green450.jpg,2,Glass,2,Glass,0.7594309,0.70632476,True
waste_type_identification/glass/green/green460.jpg,2,Glass,2,Glass,0.9408439,0.9290695,True
waste_type_identification/glass/green/green465.jpg,2,Glass,2,Glass,0.9090048,0.8918392,True
waste_type_identification/glass/green/green466.jpg,2,Glass,2,Glass,0.92707247,0.90879637,True
waste_type_identification/glass/green/green473.jpg,2,Glass,2,Glass,0.8411159,0.8042068,True
waste_type_identification/glass/green/green474.jpg,2,Glass,2,Glass,0.91350496,0.89649147,True
waste_type_identification/glass/green/green476.jpg,2,Glass,2,Glass,0.86331177,0.830845,True
waste_type_identification/glass/green/green49.jpg,2,Glass,2,Glass,0.5435965,0.34809494,True
waste_type_identification/glass/green/green492.jpg,2,Glass,2,Glass,0.86331177,0.830845,True
waste_type_identification/glass/green/green496.jpg,2,Glass,2,Glass,0.9118089,0.8934149,True
waste_type_identification/glass/green/green498.jpg,2,Glass,2,Glass,0.8467049,0.8058285,True
waste_type_identification/glass/green/green50.jpg,2,Glass,2,Glass,0.905117,0.8890748,True
waste_type_identification/glass/green/green502.jpg,2,Glass,2,Glass,0.86389625,0.8262644,True
waste_type_identification/glass/green/green504.jpg,2,Glass,2,Glass,0.92363495,0.9065781,True
waste_type_identification/glass/green/green52.jpg,2,Glass,2,Glass,0.93426836,0.9218563,True
waste_type_identification/glass/green/green520.jpg,2,Glass,2,Glass,0.8201808,0.74055034,True
waste_type_identification/glass/green/green526.jpg,2,Glass,2,Glass,0.9097325,0.8932194,True
waste_type_identification/glass/green/green536.jpg,2,Glass,2,Glass,0.9114889,0.8948873,True
waste_type_identification/glass/green/green538.jpg,2,Glass,2,Glass,0.9296475,0.912412,True
waste_type_identification/glass/green/green539.jpg,2,Glass,2,Glass,0.91666234,0.9001463,True
waste_type_identification/glass/green/green549.jpg,2,Glass,2,Glass,0.9150386,0.8995279,True
waste_type_identification/glass/green/green550.jpg,2,Glass,2,Glass,0.92350495,0.90849125,True
waste_type_identification/glass/green/green556.jpg,2,Glass,2,Glass,0.5900016,0.4549275,True
waste_type_identification/glass/green/green557.jpg,2,Glass,2,Glass,0.77483106,0.6845045,True
waste_type_identification/glass/green/green562.jpg,2,Glass,2,Glass,0.9373154,0.92482877,True
waste_type_identification/glass/green/green563.jpg,2,Glass,2,Glass,0.916684,0.89929163,True
waste_type_identification/glass/green/green568.jpg,2,Glass,2,Glass,0.9127511,0.8932321,True
waste_type_identification/glass/green/green57.jpg,2,Glass,2,Glass,0.8702889,0.832069,True
waste_type_identification/glass/green/green578.jpg,2,Glass,2,Glass,0.9139417,0.89454776,True
waste_type_identification/glass/green/green591.jpg,2,Glass,2,Glass,0.8903059,0.8568233,True
waste_type_identification/glass/green/green600.jpg,2,Glass,2,Glass,0.53025186,0.3032055,True
waste_type_identification/glass/green/green603.jpg,2,Glass,2,Glass,0.8873755,0.8493614,True
waste_type_identification/glass/green/green608.jpg,2,Glass,2,Glass,0.9150843,0.8937125,True
waste_type_identification/glass/green/green616.jpg,2,Glass,2,Glass,0.91597617,0.8981684,True
waste_type_identification/glass/green/green62.jpg,2,Glass,2,Glass,0.89012355,0.8637669,True
waste_type_identification/glass/green/green629.jpg,2,Glass,2,Glass,0.8955046,0.86969656,True
waste_type_identification/glass/green/green63.jpg,2,Glass,2,Glass,0.8570926,0.80940694,True
waste_type_identification/glass/green/green64.jpg,2,Glass,2,Glass,0.8611019,0.82068956,True
waste_type_identification/glass/green/green75.jpg,2,Glass,2,Glass,0.8753432,0.82749826,True
waste_type_identification/glass/green/green80.jpg,2,Glass,2,Glass,0.9114465,0.8877181,True
waste_type_identification/glass/green/green83.jpg,2,Glass,2,Glass,0.8782881,0.84050465,True
waste_type_identification/glass/green/green86.jpg,2,Glass,2,Glass,0.9072575,0.8871491,True
waste_type_identification/glass/green/green97.jpg,2,Glass,2,Glass,0.48472685,0.26246077,True
waste_type_identification/glass/transparent/transparent100.jpg,2,Glass,2,Glass,0.6863655,0.5225403,True
waste_type_identification/glass/transparent/transparent101.jpg,2,Glass,2,Glass,0.77146876,0.72522306,True
waste_type_identification/glass/transparent/transparent115.jpg,2,Glass,2,Glass,0.8960306,0.8643652,True
waste_type_identification/glass/transparent/transparent116.jpg,2,Glass,2,Glass,0.87243396,0.82333136,True
waste_type_identification/glass/transparent/transparent129.jpg,2,Glass,6,Plastic,0.8913785,0.858352,False
waste_type_identification/glass/transparent/transparent130.jpg,2,Glass,2,Glass,0.9071157,0.88296294,True
waste_type_identification/glass/transparent/transparent137.jpg,2,Glass,2,Glass,0.8903992,0.86380476,True
waste_type_identification/glass/transparent/transparent145.jpg,2,Glass,2,Glass,0.65184927,0.5329173,True
waste_type_identification/glass/transparent/transparent150.jpg,2,Glass,2,Glass,0.55821127,0.30575556,True
waste_type_identification/glass/transparent/transparent155.jpg,2,Glass,2,Glass,0.9210446,0.89869815,True
waste_type_identification/glass/transparent/transparent156.jpg,2,Glass,2,Glass,0.92786914,0.9027842,True
waste_type_identification/glass/transparent/transparent158.jpg,2,Glass,2,Glass,0.90518963,0.87713444,True
waste_type_identification/glass/transparent/transparent161.jpg,2,Glass,2,Glass,0.8160396,0.7605571,True
waste_type_identification/glass/transparent/transparent168.jpg,2,Glass,2,Glass,0.8401841,0.78331643,True
waste_type_identification/glass/transparent/transparent171.jpg,2,Glass,6,Plastic,0.3906311,0.23203444,False
waste_type_identification/glass/transparent/transparent175.jpg,2,Glass,2,Glass,0.82100326,0.7600589,True
waste_type_identification/glass/transparent/transparent178.jpg,2,Glass,2,Glass,0.91227293,0.89267564,True
waste_type_identification/glass/transparent/transparent181.jpg,2,Glass,2,Glass,0.9157913,0.8926726,True
waste_type_identification/glass/transparent/transparent19.jpg,2,Glass,2,Glass,0.8535858,0.785777,True
waste_type_identification/glass/transparent/transparent193.jpg,2,Glass,2,Glass,0.852569,0.81964475,True
waste_type_identification/glass/transparent/transparent199.jpg,2,Glass,2,Glass,0.91161567,0.8912673,True
waste_type_identification/glass/transparent/transparent203.jpg,2,Glass,2,Glass,0.49749658,0.34509146,True
waste_type_identification/glass/transparent/transparent204.jpg,2,Glass,2,Glass,0.9262621,0.9102793,True
waste_type_identification/glass/transparent/transparent208.jpg,2,Glass,2,Glass,0.6631211,0.55064386,True
waste_type_identification/glass/transparent/transparent216.jpg,2,Glass,2,Glass,0.8859487,0.8452494,True
waste_type_identification/glass/transparent/transparent22.jpg,2,Glass,2,Glass,0.44666153,0.002247721,True
waste_type_identification/glass/transparent/transparent226.jpg,2,Glass,2,Glass,0.8807457,0.8138839,True
waste_type_identification/glass/transparent/transparent233.jpg,2,Glass,2,Glass,0.93802327,0.92014486,True
waste_type_identification/glass/transparent/transparent24.jpg,2,Glass,2,Glass,0.88983274,0.86651313,True
waste_type_identification/glass/transparent/transparent242.jpg,2,Glass,2,Glass,0.80455875,0.71501327,True
waste_type_identification/glass/transparent/transparent244.jpg,2,Glass,2,Glass,0.9012142,0.882633,True
waste_type_identification/glass/transparent/transparent247.jpg,2,Glass,2,Glass,0.91134095,0.8890459,True
waste_type_identification/glass/transparent/transparent252.jpg,2,Glass,2,Glass,0.91932195,0.9040966,True
waste_type_identification/glass/transparent/transparent255.jpg,2,Glass,2,Glass,0.89422107,0.87067425,True
waste_type_identification/glass/transparent/transparent258.jpg,2,Glass,2,Glass,0.49169016,0.30457145,True
waste_type_identification/glass/transparent/transparent261.jpg,2,Glass,2,Glass,0.89228874,0.86949235,True
waste_type_identification/glass/transparent/transparent262.jpg,2,Glass,2,Glass,0.7043509,0.61336625,True
waste_type_identification/glass/transparent/transparent270.jpg,2,Glass,2,Glass,0.91515887,0.89612633,True
waste_type_identification/glass/transparent/transparent272.jpg,2,Glass,2,Glass,0.82337356,0.7559593,True
waste_type_identification/glass/transparent/transparent273.jpg,2,Glass,2,Glass,0.92877245,0.91178894,True
waste_type_identification/glass/transparent/transparent275.jpg,2,Glass,2,Glass,0.9131704,0.8957918,True
waste_type_identification/glass/transparent/transparent279.jpg,2,Glass,2,Glass,0.5846973,0.29560757,True
waste_type_identification/glass/transparent/transparent290.jpg,2,Glass,2,Glass,0.8879157,0.8577342,True
waste_type_identification/glass/transparent/transparent294.jpg,2,Glass,2,Glass,0.9290492,0.9124305,True
waste_type_identification/glass/transparent/transparent297.jpg,2,Glass,2,Glass,0.91376495,0.8956056,True
waste_type_identification/glass/transparent/transparent300.jpg,2,Glass,2,Glass,0.85887957,0.8261988,True
waste_type_identification/glass/transparent/transparent306.jpg,2,Glass,2,Glass,0.793301,0.727478,True
waste_type_identification/glass/transparent/transparent308.jpg,2,Glass,2,Glass,0.94892293,0.93805134,True
waste_type_identification/glass/transparent/transparent314.jpg,2,Glass,2,Glass,0.7121191,0.5716221,True
waste_type_identification/glass/transparent/transparent316.jpg,2,Glass,2,Glass,0.9334252,0.91843337,True
waste_type_identification/glass/transparent/transparent321.jpg,2,Glass,2,Glass,0.90630543,0.88578206,True
waste_type_identification/glass/transparent/transparent323.jpg,2,Glass,2,Glass,0.9230328,0.9034912,True
waste_type_identification/glass/transparent/transparent343.jpg,2,Glass,2,Glass,0.9053018,0.8791469,True
waste_type_identification/glass/transparent/transparent347.jpg,2,Glass,2,Glass,0.9287279,0.9123889,True
waste_type_identification/glass/transparent/transparent359.jpg,2,Glass,2,Glass,0.9151371,0.89114827,True
waste_type_identification/glass/transparent/transparent36.jpg,2,Glass,2,Glass,0.92195535,0.9047938,True
waste_type_identification/glass/transparent/transparent360.jpg,2,Glass,2,Glass,0.9148742,0.8974387,True
waste_type_identification/glass/transparent/transparent371.jpg,2,Glass,2,Glass,0.9146093,0.89842016,True
waste_type_identification/glass/transparent/transparent377.jpg,2,Glass,2,Glass,0.9523879,0.94192386,True
waste_type_identification/glass/transparent/transparent379.jpg,2,Glass,2,Glass,0.7692419,0.6999459,True
waste_type_identification/glass/transparent/transparent38.jpg,2,Glass,2,Glass,0.79829025,0.74977636,True
waste_type_identification/glass/transparent/transparent387.jpg,2,Glass,2,Glass,0.9152919,0.89740694,True
waste_type_identification/glass/transparent/transparent388.jpg,2,Glass,2,Glass,0.93698066,0.92190653,True
waste_type_identification/glass/transparent/transparent391.jpg,2,Glass,2,Glass,0.8843951,0.85958743,True
waste_type_identification/glass/transparent/transparent392.jpg,2,Glass,2,Glass,0.8866617,0.86257493,True
waste_type_identification/glass/transparent/transparent394.jpg,2,Glass,2,Glass,0.9256995,0.91102177,True
waste_type_identification/glass/transparent/transparent395.jpg,2,Glass,2,Glass,0.9196793,0.90244645,True
waste_type_identification/glass/transparent/transparent397.jpg,2,Glass,6,Plastic,0.7212498,0.5782145,False
waste_type_identification/glass/transparent/transparent41.jpg,2,Glass,2,Glass,0.8769057,0.8495908,True
waste_type_identification/glass/transparent/transparent414.jpg,2,Glass,2,Glass,0.90993994,0.8931173,True
waste_type_identification/glass/transparent/transparent416.jpg,2,Glass,2,Glass,0.9135148,0.88497806,True
waste_type_identification/glass/transparent/transparent418.jpg,2,Glass,2,Glass,0.92308545,0.90820634,True
waste_type_identification/glass/transparent/transparent425.jpg,2,Glass,2,Glass,0.8963152,0.8774898,True
waste_type_identification/glass/transparent/transparent430.jpg,2,Glass,2,Glass,0.91068923,0.8883474,True
waste_type_identification/glass/transparent/transparent447.jpg,2,Glass,2,Glass,0.9333708,0.9189542,True
waste_type_identification/glass/transparent/transparent451.jpg,2,Glass,2,Glass,0.85347235,0.8225555,True
waste_type_identification/glass/transparent/transparent453.jpg,2,Glass,2,Glass,0.9281907,0.91290355,True
waste_type_identification/glass/transparent/transparent456.jpg,2,Glass,2,Glass,0.90892255,0.8844515,True
waste_type_identification/glass/transparent/transparent457.jpg,2,Glass,2,Glass,0.6915175,0.5050764,True
waste_type_identification/glass/transparent/transparent465.jpg,2,Glass,2,Glass,0.9462416,0.9324921,True
waste_type_identification/glass/transparent/transparent468.jpg,2,Glass,2,Glass,0.81054586,0.7537597,True
waste_type_identification/glass/transparent/transparent471.jpg,2,Glass,2,Glass,0.92941725,0.91299766,True
waste_type_identification/glass/transparent/transparent481.jpg,2,Glass,2,Glass,0.8892861,0.8650331,True
waste_type_identification/glass/transparent/transparent482.jpg,2,Glass,2,Glass,0.41071317,0.044280082,True
waste_type_identification/glass/transparent/transparent486.jpg,2,Glass,2,Glass,0.89997333,0.8776862,True
waste_type_identification/glass/transparent/transparent489.jpg,2,Glass,2,Glass,0.8856487,0.8609973,True
waste_type_identification/glass/transparent/transparent490.jpg,2,Glass,2,Glass,0.55778325,0.28822038,True
waste_type_identification/glass/transparent/transparent495.jpg,2,Glass,2,Glass,0.90190536,0.863382,True
waste_type_identification/glass/transparent/transparent496.jpg,2,Glass,2,Glass,0.6234418,0.48711988,True
waste_type_identification/glass/transparent/transparent504.jpg,2,Glass,2,Glass,0.8881465,0.86444354,True
waste_type_identification/glass/transparent/transparent505.jpg,2,Glass,2,Glass,0.90290666,0.86993027,True
waste_type_identification/glass/transparent/transparent506.jpg,2,Glass,2,Glass,0.8993912,0.877649,True
waste_type_identification/glass/transparent/transparent507.jpg,2,Glass,2,Glass,0.956418,0.9448675,True
waste_type_identification/glass/transparent/transparent508.jpg,2,Glass,2,Glass,0.9300128,0.9141092,True
waste_type_identification/glass/transparent/transparent511.jpg,2,Glass,2,Glass,0.9178193,0.90304995,True
waste_type_identification/glass/transparent/transparent512.jpg,2,Glass,2,Glass,0.8759284,0.84865385,True
waste_type_identification/glass/transparent/transparent527.jpg,2,Glass,2,Glass,0.9294652,0.9131882,True
waste_type_identification/glass/transparent/transparent528.jpg,2,Glass,2,Glass,0.5656657,0.4224986,True
waste_type_identification/glass/transparent/transparent53.jpg,2,Glass,2,Glass,0.8275292,0.7608548,True
waste_type_identification/glass/transparent/transparent531.jpg,2,Glass,2,Glass,0.9113933,0.89284325,True
waste_type_identification/glass/transparent/transparent532.jpg,2,Glass,2,Glass,0.9385416,0.9241878,True
waste_type_identification/glass/transparent/transparent533.jpg,2,Glass,2,Glass,0.8710874,0.84320825,True
waste_type_identification/glass/transparent/transparent535.jpg,2,Glass,2,Glass,0.86457247,0.83850676,True
waste_type_identification/glass/transparent/transparent537.jpg,2,Glass,2,Glass,0.9296092,0.9153077,True
waste_type_identification/glass/transparent/transparent538.jpg,2,Glass,2,Glass,0.9198949,0.90091825,True
waste_type_identification/glass/transparent/transparent541.jpg,2,Glass,2,Glass,0.9305757,0.90931964,True
waste_type_identification/glass/transparent/transparent546.jpg,2,Glass,2,Glass,0.8856985,0.8533078,True
waste_type_identification/glass/transparent/transparent553.jpg,2,Glass,2,Glass,0.9158684,0.895162,True
waste_type_identification/glass/transparent/transparent558.jpg,2,Glass,2,Glass,0.7275971,0.66080415,True
waste_type_identification/glass/transparent/transparent580.jpg,2,Glass,2,Glass,0.92892736,0.91256666,True
waste_type_identification/glass/transparent/transparent587.jpg,2,Glass,2,Glass,0.8909235,0.8614477,True
waste_type_identification/glass/transparent/transparent590.jpg,2,Glass,2,Glass,0.91988146,0.9023425,True
waste_type_identification/glass/transparent/transparent591.jpg,2,Glass,2,Glass,0.9267043,0.90967774,True
waste_type_identification/glass/transparent/transparent592.jpg,2,Glass,2,Glass,0.9003134,0.8762558,True
waste_type_identification/glass/transparent/transparent596.jpg,2,Glass,2,Glass,0.9286414,0.9128106,True
waste_type_identification/glass/transparent/transparent599.jpg,2,Glass,2,Glass,0.773096,0.69050443,True
waste_type_identification/glass/transparent/transparent601.jpg,2,Glass,2,Glass,0.92053294,0.9009494,True
waste_type_identification/glass/transparent/transparent622.jpg,2,Glass,2,Glass,0.9051223,0.87288624,True
waste_type_identification/glass/transparent/transparent626.jpg,2,Glass,2,Glass,0.90392995,0.8804443,True
waste_type_identification/glass/transparent/transparent629.jpg,2,Glass,2,Glass,0.890365,0.86592156,True
waste_type_identification/glass/transparent/transparent63.jpg,2,Glass,2,Glass,0.72545177,0.54619014,True
waste_type_identification/glass/transparent/transparent632.jpg,2,Glass,2,Glass,0.900529,0.8781792,True
waste_type_identification/glass/transparent/transparent634.jpg,2,Glass,2,Glass,0.9211299,0.9033102,True
waste_type_identification/glass/transparent/transparent637.jpg,2,Glass,2,Glass,0.8431159,0.8103061,True
waste_type_identification/glass/transparent/transparent639.jpg,2,Glass,2,Glass,0.91187626,0.88971215,True
waste_type_identification/glass/transparent/transparent640.jpg,2,Glass,2,Glass,0.9183625,0.90109414,True
waste_type_identification/glass/transparent/transparent642.jpg,2,Glass,2,Glass,0.9003886,0.87950915,True
waste_type_identification/glass/transparent/transparent643.jpg,2,Glass,2,Glass,0.69908047,0.5920842,True
waste_type_identification/glass/transparent/transparent644.jpg,2,Glass,2,Glass,0.9296658,0.90953076,True
waste_type_identification/glass/transparent/transparent65.jpg,2,Glass,2,Glass,0.8550209,0.81134903,True
waste_type_identification/glass/transparent/transparent66.jpg,2,Glass,2,Glass,0.8310514,0.78619516,True
waste_type_identification/glass/transparent/transparent669.jpg,2,Glass,2,Glass,0.90978414,0.8923458,True
waste_type_identification/glass/transparent/transparent682.jpg,2,Glass,2,Glass,0.83306724,0.75638527,True
waste_type_identification/glass/transparent/transparent687.jpg,2,Glass,2,Glass,0.90293086,0.879481,True
waste_type_identification/glass/transparent/transparent688.jpg,2,Glass,2,Glass,0.9170561,0.89844435,True
waste_type_identification/glass/transparent/transparent702.jpg,2,Glass,2,Glass,0.9126714,0.8950564,True
waste_type_identification/glass/transparent/transparent717.jpg,2,Glass,2,Glass,0.9088845,0.8912492,True
waste_type_identification/glass/transparent/transparent719.jpg,2,Glass,2,Glass,0.9078221,0.88869894,True
waste_type_identification/glass/transparent/transparent727.jpg,2,Glass,2,Glass,0.922691,0.9022228,True
waste_type_identification/glass/transparent/transparent733.jpg,2,Glass,2,Glass,0.8441804,0.8138672,True
waste_type_identification/glass/transparent/transparent738.jpg,2,Glass,2,Glass,0.8405723,0.80136853,True
waste_type_identification/glass/transparent/transparent740.jpg,2,Glass,2,Glass,0.79699045,0.7246761,True
waste_type_identification/glass/transparent/transparent755.jpg,2,Glass,2,Glass,0.7956812,0.7117158,True
waste_type_identification/glass/transparent/transparent759.jpg,2,Glass,2,Glass,0.86938626,0.8370964,True
waste_type_identification/glass/transparent/transparent763.jpg,2,Glass,2,Glass,0.8995921,0.8636726,True
waste_type_identification/glass/transparent/transparent768.jpg,2,Glass,2,Glass,0.89984345,0.8761109,True
waste_type_identification/glass/transparent/transparent770.jpg,2,Glass,2,Glass,0.6849346,0.5706667,True
waste_type_identification/glass/transparent/transparent84.jpg,2,Glass,2,Glass,0.73441833,0.5571598,True
waste_type_identification/glass/transparent/transparent88.jpg,2,Glass,2,Glass,0.853952,0.81074643,True
waste_type_identification/glass/transparent/transparent90.jpg,2,Glass,2,Glass,0.833781,0.7804584,True
waste_type_identification/glass/transparent/transparent91.jpg,2,Glass,2,Glass,0.91993386,0.90495396,True
waste_type_identification/metal/metal10.jpg,3,Metal,3,Metal,0.9503839,0.93824536,True
waste_type_identification/metal/metal103.jpg,3,Metal,3,Metal,0.94353294,0.9216046,True
waste_type_identification/metal/metal107.jpg,3,Metal,3,Metal,0.54663813,0.35769004,True
waste_type_identification/metal/metal11.jpg,3,Metal,3,Metal,0.93012977,0.91269493,True
waste_type_identification/metal/metal119.jpg,3,Metal,3,Metal,0.87843335,0.8436129,True
waste_type_identification/metal/metal132.jpg,3,Metal,3,Metal,0.92433643,0.9050426,True
waste_type_identification/metal/metal138.jpg,3,Metal,3,Metal,0.9247654,0.9020826,True
waste_type_identification/metal/metal14.jpg,3,Metal,3,Metal,0.9088808,0.8885424,True
waste_type_identification/metal/metal140.jpg,3,Metal,3,Metal,0.9166375,0.89304876,True
waste_type_identification/metal/metal144.jpg,3,Metal,3,Metal,0.9244162,0.90639466,True
waste_type_identification/metal/metal152.jpg,3,Metal,3,Metal,0.95458865,0.9458792,True
waste_type_identification/metal/metal156.jpg,3,Metal,3,Metal,0.9245979,0.9073276,True
waste_type_identification/metal/metal157.jpg,3,Metal,3,Metal,0.925173,0.91162235,True
waste_type_identification/metal/metal161.jpg,3,Metal,3,Metal,0.8666245,0.8159965,True
waste_type_identification/metal/metal164.jpg,3,Metal,3,Metal,0.9440199,0.93118393,True
waste_type_identification/metal/metal165.jpg,3,Metal,3,Metal,0.9371829,0.92487466,True
waste_type_identification/metal/metal167.jpg,3,Metal,3,Metal,0.93551105,0.9213364,True
waste_type_identification/metal/metal172.jpg,3,Metal,3,Metal,0.846749,0.7769601,True
waste_type_identification/metal/metal179.jpg,3,Metal,3,Metal,0.47731116,0.22550702,True
waste_type_identification/metal/metal180.jpg,3,Metal,3,Metal,0.7387178,0.63889605,True
waste_type_identification/metal/metal188.jpg,3,Metal,3,Metal,0.9336292,0.9210373,True
waste_type_identification/metal/metal197.jpg,3,Metal,3,Metal,0.8745235,0.834053,True
waste_type_identification/metal/metal199.jpg,3,Metal,2,Glass,0.6631321,0.48706487,False
waste_type_identification/metal/metal200.jpg,3,Metal,3,Metal,0.93363386,0.920425,True
waste_type_identification/metal/metal208.jpg,3,Metal,3,Metal,0.9501915,0.9395623,True
waste_type_identification/metal/metal209.jpg,3,Metal,3,Metal,0.53140926,0.26484448,True
waste_type_identification/metal/metal21.jpg,3,Metal,3,Metal,0.9333175,0.9210852,True
waste_type_identification/metal/metal223.jpg,3,Metal,3,Metal,0.9445201,0.92776483,True
waste_type_identification/metal/metal225.jpg,3,Metal,3,Metal,0.9362298,0.9183793,True
waste_type_identification/metal/metal23.jpg,3,Metal,3,Metal,0.9297568,0.9149674,True
waste_type_identification/metal/metal232.jpg,3,Metal,3,Metal,0.64651287,0.51131904,True
waste_type_identification/metal/metal239.jpg,3,Metal,3,Metal,0.9408434,0.92861027,True
waste_type_identification/metal/metal24.jpg,3,Metal,3,Metal,0.4382978,0.19842851,True
waste_type_identification/metal/metal247.jpg,3,Metal,3,Metal,0.682788,0.6081712,True
waste_type_identification/metal/metal249.jpg,3,Metal,3,Metal,0.9470665,0.9347626,True
waste_type_identification/metal/metal250.jpg,3,Metal,3,Metal,0.8982032,0.8695828,True
waste_type_identification/metal/metal266.jpg,3,Metal,3,Metal,0.90111274,0.88192123,True
waste_type_identification/metal/metal267.jpg,3,Metal,3,Metal,0.9434504,0.9296931,True
waste_type_identification/metal/metal269.jpg,3,Metal,3,Metal,0.9567129,0.9449495,True
waste_type_identification/metal/metal277.jpg,3,Metal,3,Metal,0.943569,0.9287824,True
waste_type_identification/metal/metal278.jpg,3,Metal,3,Metal,0.67294794,0.56205153,True
waste_type_identification/metal/metal281.jpg,3,Metal,3,Metal,0.9170372,0.8977831,True
waste_type_identification/metal/metal283.jpg,3,Metal,3,Metal,0.8360277,0.79337597,True
waste_type_identification/metal/metal285.jpg,3,Metal,3,Metal,0.92249805,0.90584135,True
waste_type_identification/metal/metal286.jpg,3,Metal,3,Metal,0.89153224,0.8691299,True
waste_type_identification/metal/metal289.jpg,3,Metal,3,Metal,0.8683337,0.8188777,True
waste_type_identification/metal/metal294.jpg,3,Metal,3,Metal,0.86923057,0.8372084,True
waste_type_identification/metal/metal298.jpg,3,Metal,3,Metal,0.77734065,0.7034849,True
waste_type_identification/metal/metal301.jpg,3,Metal,7,Undifferentiated,0.48342857,0.103271484,False
waste_type_identification/metal/metal312.jpg,3,Metal,3,Metal,0.912901,0.8956106,True
waste_type_identification/metal/metal313.jpg,3,Metal,3,Metal,0.9368588,0.9222534,True
waste_type_identification/metal/metal314.jpg,3,Metal,3,Metal,0.9371209,0.92495203,True
waste_type_identification/metal/metal318.jpg,3,Metal,3,Metal,0.90334743,0.86833966,True
waste_type_identification/metal/metal326.jpg,3,Metal,3,Metal,0.82052326,0.7586657,True
waste_type_identification/metal/metal33.jpg,3,Metal,3,Metal,0.81010014,0.72575253,True
waste_type_identification/metal/metal333.jpg,3,Metal,3,Metal,0.95585006,0.9481611,True
waste_type_identification/metal/metal337.jpg,3,Metal,3,Metal,0.945966,0.9341186,True
waste_type_identification/metal/metal342.jpg,3,Metal,3,Metal,0.9191468,0.8975,True
waste_type_identification/metal/metal344.jpg,3,Metal,3,Metal,0.93946373,0.92325956,True
waste_type_identification/metal/metal345.jpg,3,Metal,3,Metal,0.7318474,0.5372467,True
waste_type_identification/metal/metal350.jpg,3,Metal,3,Metal,0.926948,0.9104025,True
waste_type_identification/metal/metal352.jpg,3,Metal,3,Metal,0.9513476,0.93955743,True
waste_type_identification/metal/metal357.jpg,3,Metal,3,Metal,0.8645658,0.8003298,True
waste_type_identification/metal/metal358.jpg,3,Metal,3,Metal,0.9004188,0.8771354,True
waste_type_identification/metal/metal365.jpg,3,Metal,3,Metal,0.61298966,0.4415422,True
waste_type_identification/metal/metal368.jpg,3,Metal,3,Metal,0.9395873,0.92471427,True
waste_type_identification/metal/metal374.jpg,3,Metal,3,Metal,0.9550694,0.9458855,True
waste_type_identification/metal/metal377.jpg,3,Metal,3,Metal,0.81978106,0.7784314,True
waste_type_identification/metal/metal39.jpg,3,Metal,3,Metal,0.65306306,0.5733279,True
waste_type_identification/metal/metal391.jpg,3,Metal,3,Metal,0.92554164,0.9020999,True
waste_type_identification/metal/metal393.jpg,3,Metal,3,Metal,0.8555876,0.8063861,True
waste_type_identification/metal/metal395.jpg,3,Metal,3,Metal,0.8203418,0.7586151,True
waste_type_identification/metal/metal396.jpg,3,Metal,3,Metal,0.95659345,0.9444313,True
waste_type_identification/metal/metal4.jpg,3,Metal,3,Metal,0.49347436,0.27122533,True
waste_type_identification/metal/metal401.jpg,3,Metal,3,Metal,0.93556315,0.91507244,True
waste_type_identification/metal/metal403.jpg,3,Metal,3,Metal,0.94925165,0.9388767,True
waste_type_identification/metal/metal406.jpg,3,Metal,3,Metal,0.9452272,0.93269837,True
waste_type_identification/metal/metal412.jpg,3,Metal,3,Metal,0.92840767,0.90917325,True
waste_type_identification/metal/metal419.jpg,3,Metal,3,Metal,0.91609174,0.8832933,True
waste_type_identification/metal/metal421.jpg,3,Metal,3,Metal,0.93400437,0.9166641,True
waste_type_identification/metal/metal427.jpg,3,Metal,3,Metal,0.9502368,0.936332,True
waste_type_identification/metal/metal437.jpg,3,Metal,3,Metal,0.93727875,0.9227956,True
waste_type_identification/metal/metal440.jpg,3,Metal,3,Metal,0.9535023,0.9427928,True
waste_type_identification/metal/metal445.jpg,3,Metal,3,Metal,0.8165623,0.7277317,True
waste_type_identification/metal/metal454.jpg,3,Metal,3,Metal,0.95516855,0.94660383,True
waste_type_identification/metal/metal456.jpg,3,Metal,3,Metal,0.8957301,0.87271404,True
waste_type_identification/metal/metal467.jpg,3,Metal,3,Metal,0.93969655,0.92161816,True
waste_type_identification/metal/metal487.jpg,3,Metal,3,Metal,0.8956318,0.8709049,True
waste_type_identification/metal/metal489.jpg,3,Metal,3,Metal,0.91400975,0.8966,True
waste_type_identification/metal/metal497.jpg,3,Metal,3,Metal,0.9051348,0.8875935,True
waste_type_identification/metal/metal511.jpg,3,Metal,3,Metal,0.91102725,0.8911672,True
waste_type_identification/metal/metal523.jpg,3,Metal,3,Metal,0.9403498,0.91764575,True
waste_type_identification/metal/metal532.jpg,3,Metal,3,Metal,0.9352445,0.9218657,True
waste_type_identification/metal/metal541.jpg,3,Metal,0,Battery,0.71042216,0.59262395,False
waste_type_identification/metal/metal547.jpg,3,Metal,3,Metal,0.8580314,0.8225173,True
waste_type_identification/metal/metal551.jpg,3,Metal,3,Metal,0.9432689,0.92977464,True
waste_type_identification/metal/metal552.jpg,3,Metal,3,Metal,0.68203205,0.5228892,True
waste_type_identification/metal/metal563.jpg,3,Metal,3,Metal,0.8712979,0.83667564,True
waste_type_identification/metal/metal567.jpg,3,Metal,3,Metal,0.9341184,0.9160876,True
waste_type_identification/metal/metal579.jpg,3,Metal,3,Metal,0.551667,0.32082945,True
waste_type_identification/metal/metal581.jpg,3,Metal,3,Metal,0.9269902,0.9126803,True
waste_type_identification/metal/metal583.jpg,3,Metal,3,Metal,0.9314697,0.90719795,True
waste_type_identification/metal/metal584.jpg,3,Metal,3,Metal,0.87327075,0.82148135,True
waste_type_identification/metal/metal588.jpg,3,Metal,3,Metal,0.879086,0.85620254,True
waste_type_identification/metal/metal594.jpg,3,Metal,3,Metal,0.8035661,0.74616545,True
waste_type_identification/metal/metal599.jpg,3,Metal,3,Metal,0.9338683,0.9162459,True
waste_type_identification/metal/metal602.jpg,3,Metal,0,Battery,0.5672294,0.41913286,False
waste_type_identification/metal/metal61.jpg,3,Metal,3,Metal,0.9446393,0.93425965,True
waste_type_identification/metal/metal614.jpg,3,Metal,3,Metal,0.90312016,0.8759817,True
waste_type_identification/metal/metal615.jpg,3,Metal,3,Metal,0.9480173,0.933633,True
waste_type_identification/metal/metal618.jpg,3,Metal,3,Metal,0.7201458,0.6300856,True
waste_type_identification/metal/metal620.jpg,3,Metal,3,Metal,0.9319516,0.91388166,True
waste_type_identification/metal/metal63.jpg,3,Metal,3,Metal,0.6492359,0.5660967,True
waste_type_identification/metal/metal630.jpg,3,Metal,3,Metal,0.9662864,0.95852244,True
waste_type_identification/metal/metal64.jpg,3,Metal,3,Metal,0.9523173,0.94238704,True
waste_type_identification/metal/metal640.jpg,3,Metal,3,Metal,0.9303649,0.90858674,True
waste_type_identification/metal/metal651.jpg,3,Metal,3,Metal,0.93248415,0.917884,True
waste_type_identification/metal/metal652.jpg,3,Metal,3,Metal,0.9637327,0.9560246,True
waste_type_identification/metal/metal659.jpg,3,Metal,3,Metal,0.91612893,0.8825586,True
waste_type_identification/metal/metal66.jpg,3,Metal,3,Metal,0.6063684,0.47583467,True
waste_type_identification/metal/metal661.jpg,3,Metal,3,Metal,0.82721037,0.7742457,True
waste_type_identification/metal/metal662.jpg,3,Metal,3,Metal,0.8664938,0.82608545,True
waste_type_identification/metal/metal666.jpg,3,Metal,3,Metal,0.9131422,0.87898713,True
waste_type_identification/metal/metal670.jpg,3,Metal,3,Metal,0.9241877,0.89859915,True
waste_type_identification/metal/metal678.jpg,3,Metal,3,Metal,0.92676145,0.9113226,True
waste_type_identification/metal/metal684.jpg,3,Metal,3,Metal,0.9053149,0.8830765,True
waste_type_identification/metal/metal696.jpg,3,Metal,3,Metal,0.9364534,0.9034396,True
waste_type_identification/metal/metal697.jpg,3,Metal,3,Metal,0.94782495,0.9330089,True
waste_type_identification/metal/metal699.jpg,3,Metal,3,Metal,0.9337979,0.91865844,True
waste_type_identification/metal/metal708.jpg,3,Metal,3,Metal,0.7007545,0.53200006,True
waste_type_identification/metal/metal711.jpg,3,Metal,3,Metal,0.9354443,0.92125285,True
waste_type_identification/metal/metal715.jpg,3,Metal,3,Metal,0.94275194,0.93089867,True
waste_type_identification/metal/metal719.jpg,3,Metal,3,Metal,0.93008906,0.9165595,True
waste_type_identification/metal/metal721.jpg,3,Metal,3,Metal,0.76467675,0.69766384,True
waste_type_identification/metal/metal723.jpg,3,Metal,3,Metal,0.91254467,0.8857867,True
waste_type_identification/metal/metal725.jpg,3,Metal,3,Metal,0.9492392,0.9388127,True
waste_type_identification/metal/metal728.jpg,3,Metal,3,Metal,0.89654684,0.87483996,True
waste_type_identification/metal/metal735.jpg,3,Metal,3,Metal,0.9365172,0.91912395,True
waste_type_identification/metal/metal736.jpg,3,Metal,3,Metal,0.91074115,0.88962126,True
waste_type_identification/metal/metal738.jpg,3,Metal,3,Metal,0.90633404,0.8835204,True
waste_type_identification/metal/metal74.jpg,3,Metal,3,Metal,0.87202823,0.83553785,True
waste_type_identification/metal/metal740.jpg,3,Metal,3,Metal,0.93716156,0.9190827,True
waste_type_identification/metal/metal742.jpg,3,Metal,3,Metal,0.94837296,0.9352104,True
waste_type_identification/metal/metal748.jpg,3,Metal,3,Metal,0.5536686,0.31728846,True
waste_type_identification/metal/metal75.jpg,3,Metal,3,Metal,0.82996476,0.78451633,True
waste_type_identification/metal/metal755.jpg,3,Metal,3,Metal,0.93061376,0.9154762,True
waste_type_identification/metal/metal757.jpg,3,Metal,3,Metal,0.9591123,0.9487148,True
waste_type_identification/metal/metal762.jpg,3,Metal,3,Metal,0.89331573,0.8646139,True
waste_type_identification/metal/metal769.jpg,3,Metal,3,Metal,0.9506152,0.9392934,True
waste_type_identification/metal/metal84.jpg,3,Metal,3,Metal,0.7374077,0.6331884,True
waste_type_identification/metal/metal90.jpg,3,Metal,3,Metal,0.9078424,0.8893574,True
waste_type_identification/metal/metal94.jpg,3,Metal,3,Metal,0.93722,0.9205716,True
waste_type_identification/metal/metal96.jpg,3,Metal,3,Metal,0.932477,0.917462,True
waste_type_identification/metal/metal99.jpg,3,Metal,3,Metal,0.85250235,0.7796155,True
waste_type_identification/organic/organic1.jpg,4,Organic,4,Organic,0.29281664,0.055875123,True
waste_type_identification/organic/organic114.jpg,4,Organic,4,Organic,0.93192106,0.91852057,True
waste_type_identification/organic/organic118.jpg,4,Organic,4,Organic,0.94524264,0.93156266,True
waste_type_identification/organic/organic12.jpg,4,Organic,4,Organic,0.96619105,0.95869946,True
waste_type_identification/organic/organic120.jpg,4,Organic,4,Organic,0.927183,0.91329396,True
waste_type_identification/organic/organic126.jpg,4,Organic,4,Organic,0.94279456,0.92819774,True
waste_type_identification/organic/organic128.jpg,4,Organic,4,Organic,0.908157,0.88644916,True
waste_type_identification/organic/organic134.jpg,4,Organic,4,Organic,0.91726255,0.89705473,True
waste_type_identification/organic/organic138.jpg,4,Organic,4,Organic,0.93363386,0.91932255,True
waste_type_identification/organic/organic149.jpg,4,Organic,4,Organic,0.9303169,0.9153005,True
waste_type_identification/organic/organic151.jpg,4,Organic,4,Organic,0.9369114,0.9228101,True
waste_type_identification/organic/organic161.jpg,4,Organic,4,Organic,0.9211109,0.90473205,True
waste_type_identification/organic/organic163.jpg,4,Organic,4,Organic,0.92722315,0.9139439,True
waste_type_identification/organic/organic167.jpg,4,Organic,4,Organic,0.9465135,0.93455493,True
waste_type_identification/organic/organic176.jpg,4,Organic,4,Organic,0.92072535,0.90522116,True
waste_type_identification/organic/organic177.jpg,4,Organic,4,Organic,0.92611855,0.90866065,True
waste_type_identification/organic/organic19.jpg,4,Organic,4,Organic,0.8956415,0.8758746,True
waste_type_identification/organic/organic195.jpg,4,Organic,4,Organic,0.9463169,0.9346185,True
waste_type_identification/organic/organic200.jpg,4,Organic,4,Organic,0.930918,0.9173119,True
waste_type_identification/organic/organic207.jpg,4,Organic,4,Organic,0.912229,0.89397675,True
waste_type_identification/organic/organic221.jpg,4,Organic,4,Organic,0.89781904,0.86792266,True
waste_type_identification/organic/organic222.jpg,4,Organic,4,Organic,0.90377986,0.8849998,True
waste_type_identification/organic/organic225.jpg,4,Organic,4,Organic,0.9085846,0.8910671,True
waste_type_identification/organic/organic228.jpg,4,Organic,4,Organic,0.87745833,0.8490119,True
waste_type_identification/organic/organic238.jpg,4,Organic,4,Organic,0.9140946,0.89501494,True
waste_type_identification/organic/organic242.jpg,4,Organic,4,Organic,0.7613226,0.6571281,True
waste_type_identification/organic/organic246.jpg,4,Organic,4,Organic,0.95903444,0.95026386,True
waste_type_identification/organic/organic248.jpg,4,Organic,4,Organic,0.95179725,0.9413323,True
waste_type_identification/organic/organic251.jpg,4,Organic,4,Organic,0.92169064,0.9061636,True
waste_type_identification/organic/organic255.jpg,4,Organic,4,Organic,0.91044885,0.88822293,True
waste_type_identification/organic/organic256.jpg,4,Organic,4,Organic,0.9410482,0.9284687,True
waste_type_identification/organic/organic26.jpg,4,Organic,4,Organic,0.92722356,0.9134205,True
waste_type_identification/organic/organic263.jpg,4,Organic,4,Organic,0.9411371,0.92929196,True
waste_type_identification/organic/organic268.jpg,4,Organic,4,Organic,0.9434139,0.93065405,True
waste_type_identification/organic/organic269.jpg,4,Organic,4,Organic,0.88854045,0.8629529,True
waste_type_identification/organic/organic270.jpg,4,Organic,4,Organic,0.93664587,0.9229018,True
waste_type_identification/organic/organic289.jpg,4,Organic,4,Organic,0.93841124,0.9240005,True
waste_type_identification/organic/organic294.jpg,4,Organic,4,Organic,0.9044415,0.8860044,True
waste_type_identification/organic/organic3.jpg,4,Organic,4,Organic,0.96320474,0.95601416,True
waste_type_identification/organic/organic300.jpg,4,Organic,4,Organic,0.9345501,0.9211722,True
waste_type_identification/organic/organic303.jpg,4,Organic,4,Organic,0.93076694,0.9149883,True
waste_type_identification/organic/organic309.jpg,4,Organic,4,Organic,0.8747596,0.8419366,True
waste_type_identification/organic/organic31.jpg,4,Organic,4,Organic,0.90801585,0.8880531,True
waste_type_identification/organic/organic319.jpg,4,Organic,4,Organic,0.91061974,0.88757586,True
waste_type_identification/organic/organic322.jpg,4,Organic,4,Organic,0.91842586,0.90086204,True
waste_type_identification/organic/organic323.jpg,4,Organic,4,Organic,0.9278411,0.90978676,True
waste_type_identification/organic/organic326.jpg,4,Organic,4,Organic,0.89663947,0.8594987,True
waste_type_identification/organic/organic328.jpg,4,Organic,4,Organic,0.68012685,0.53424966,True
waste_type_identification/organic/organic332.jpg,4,Organic,4,Organic,0.86112607,0.83204603,True
waste_type_identification/organic/organic339.jpg,4,Organic,4,Organic,0.93925947,0.9271394,True
waste_type_identification/organic/organic340.jpg,4,Organic,4,Organic,0.93736064,0.9210685,True
waste_type_identification/organic/organic351.jpg,4,Organic,4,Organic,0.78026444,0.73618937,True
waste_type_identification/organic/organic358.jpg,4,Organic,4,Organic,0.94290096,0.93163383,True
waste_type_identification/organic/organic370.jpg,4,Organic,4,Organic,0.93614006,0.92061174,True
waste_type_identification/organic/organic371.jpg,4,Organic,4,Organic,0.9182824,0.90177643,True
waste_type_identification/organic/organic376.jpg,4,Organic,4,Organic,0.9604376,0.9518911,True
waste_type_identification/organic/organic384.jpg,4,Organic,4,Organic,0.90736073,0.88722,True
waste_type_identification/organic/organic385.jpg,4,Organic,4,Organic,0.91887414,0.900604,True
waste_type_identification/organic/organic387.jpg,4,Organic,4,Organic,0.93605936,0.92071563,True
waste_type_identification/organic/organic391.jpg,4,Organic,4,Organic,0.8483324,0.8165425,True
waste_type_identification/organic/organic400.jpg,4,Organic,4,Organic,0.93902487,0.92617506,True
waste_type_identification/organic/organic402.jpg,4,Organic,4,Organic,0.9396416,0.92745936,True
waste_type_identification/organic/organic409.jpg,4,Organic,4,Organic,0.9106456,0.89113057,True
waste_type_identification/organic/organic411.jpg,4,Organic,4,Organic,0.925869,0.9052173,True
waste_type_identification/organic/organic416.jpg,4,Organic,4,Organic,0.8430078,0.78978044,True
waste_type_identification/organic/organic426.jpg,4,Organic,4,Organic,0.93695104,0.9250908,True
waste_type_identification/organic/organic438.jpg,4,Organic,4,Organic,0.84695214,0.81402665,True
waste_type_identification/organic/organic441.jpg,4,Organic,4,Organic,0.9365069,0.9229976,True
waste_type_identification/organic/organic442.jpg,4,Organic,4,Organic,0.93755203,0.92479724,True
waste_type_identification/organic/organic456.jpg,4,Organic,4,Organic,0.91942483,0.88735944,True
waste_type_identification/organic/organic46.jpg,4,Organic,4,Organic,0.8692223,0.8382452,True
waste_type_identification/organic/organic460.jpg,4,Organic,4,Organic,0.92200845,0.8993987,True
waste_type_identification/organic/organic461.jpg,4,Organic,4,Organic,0.94981086,0.9377222,True
waste_type_identification/organic/organic474.jpg,4,Organic,5,Papery,0.61901546,0.39728138,False
waste_type_identification/organic/organic477.jpg,4,Organic,4,Organic,0.83880866,0.79256725,True
waste_type_identification/organic/organic481.jpg,4,Organic,4,Organic,0.9210154,0.90034705,True
waste_type_identification/organic/organic487.jpg,4,Organic,4,Organic,0.9294069,0.9156236,True
waste_type_identification/organic/organic488.jpg,4,Organic,4,Organic,0.92534816,0.9078787,True
waste_type_identification/organic/organic49.jpg,4,Organic,4,Organic,0.95132273,0.94128066,True
waste_type_identification/organic/organic490.jpg,4,Organic,4,Organic,0.90360415,0.87234074,True
waste_type_identification/organic/organic493.jpg,4,Organic,4,Organic,0.69808644,0.5697475,True
waste_type_identification/organic/organic494.jpg,4,Organic,4,Organic,0.9118508,0.8912991,True
waste_type_identification/organic/organic496.jpg,4,Organic,4,Organic,0.9569275,0.94797564,True
waste_type_identification/organic/organic499.jpg,4,Organic,4,Organic,0.9466724,0.9359182,True
waste_type_identification/organic/organic5.jpg,4,Organic,4,Organic,0.8716545,0.84323823,True
waste_type_identification/organic/organic503.jpg,4,Organic,4,Organic,0.8164131,0.7693711,True
waste_type_identification/organic/organic507.jpg,4,Organic,4,Organic,0.927718,0.91261566,True
waste_type_identification/organic/organic509.jpg,4,Organic,4,Organic,0.92939955,0.9159569,True
waste_type_identification/organic/organic519.jpg,4,Organic,4,Organic,0.84425706,0.80419296,True
waste_type_identification/organic/organic520.jpg,4,Organic,4,Organic,0.9211776,0.9051449,True
waste_type_identification/organic/organic521.jpg,4,Organic,4,Organic,0.9381182,0.92503226,True
waste_type_identification/organic/organic527.jpg,4,Organic,4,Organic,0.94338554,0.93253464,True
waste_type_identification/organic/organic531.jpg,4,Organic,4,Organic,0.7826496,0.6856086,True
waste_type_identification/organic/organic535.jpg,4,Organic,4,Organic,0.9449599,0.93061125,True
waste_type_identification/organic/organic541.jpg,4,Organic,4,Organic,0.9188469,0.8973476,True
waste_type_identification/organic/organic548.jpg,4,Organic,4,Organic,0.8934968,0.85252106,True
waste_type_identification/organic/organic550.jpg,4,Organic,4,Organic,0.8863517,0.8609023,True
waste_type_identification/organic/organic551.jpg,4,Organic,4,Organic,0.958092,0.94878197,True
waste_type_identification/organic/organic562.jpg,4,Organic,4,Organic,0.93380207,0.92024297,True
waste_type_identification/organic/organic564.jpg,4,Organic,4,Organic,0.92843276,0.90893203,True
waste_type_identification/organic/organic566.jpg,4,Organic,4,Organic,0.95309883,0.9439045,True
waste_type_identification/organic/organic571.jpg,4,Organic,4,Organic,0.93652827,0.92072594,True
waste_type_identification/organic/organic573.jpg,4,Organic,4,Organic,0.9380876,0.9262035,True
waste_type_identification/organic/organic575.jpg,4,Organic,4,Organic,0.95029837,0.93777466,True
waste_type_identification/organic/organic576.jpg,4,Organic,4,Organic,0.7073547,0.62866855,True
waste_type_identification/organic/organic579.jpg,4,Organic,4,Organic,0.92266905,0.90525293,True
waste_type_identification/organic/organic585.jpg,4,Organic,4,Organic,0.9333478,0.9200642,True
waste_type_identification/organic/organic586.jpg,4,Organic,4,Organic,0.9014662,0.88174164,True
waste_type_identification/organic/organic591.jpg,4,Organic,4,Organic,0.9422841,0.92987347,True
waste_type_identification/organic/organic602.jpg,4,Organic,4,Organic,0.90349483,0.8801987,True
waste_type_identification/organic/organic608.jpg,4,Organic,4,Organic,0.9403162,0.9286297,True
waste_type_identification/organic/organic609.jpg,4,Organic,4,Organic,0.9315137,0.915068,True
waste_type_identification/organic/organic61.jpg,4,Organic,4,Organic,0.93525344,0.9230818,True
waste_type_identification/organic/organic610.jpg,4,Organic,4,Organic,0.9390127,0.91760015,True
waste_type_identification/organic/organic612.jpg,4,Organic,4,Organic,0.9413086,0.9289572,True
waste_type_identification/organic/organic615.jpg,4,Organic,4,Organic,0.9170069,0.89721453,True
waste_type_identification/organic/organic619.jpg,4,Organic,4,Organic,0.9057533,0.8801956,True
waste_type_identification/organic/organic623.jpg,4,Organic,4,Organic,0.93213147,0.9197126,True
waste_type_identification/organic/organic627.jpg,4,Organic,4,Organic,0.92660654,0.90693784,True
waste_type_identification/organic/organic628.jpg,4,Organic,4,Organic,0.9305718,0.91643304,True
waste_type_identification/organic/organic631.jpg,4,Organic,4,Organic,0.9074653,0.88633084,True
waste_type_identification/organic/organic635.jpg,4,Organic,4,Organic,0.927538,0.9123357,True
waste_type_identification/organic/organic640.jpg,4,Organic,4,Organic,0.95268244,0.94077766,True
waste_type_identification/organic/organic645.jpg,4,Organic,4,Organic,0.9015331,0.87771726,True
waste_type_identification/organic/organic654.jpg,4,Organic,6,Plastic,0.4143402,0.23192753,False
waste_type_identification/organic/organic660.jpg,4,Organic,4,Organic,0.85291964,0.81561595,True
waste_type_identification/organic/organic664.jpg,4,Organic,4,Organic,0.8915337,0.8485718,True
waste_type_identification/organic/organic667.jpg,4,Organic,4,Organic,0.9122012,0.88700753,True
waste_type_identification/organic/organic668.jpg,4,Organic,4,Organic,0.9044919,0.8838713,True
waste_type_identification/organic/organic683.jpg,4,Organic,4,Organic,0.919897,0.8995858,True
waste_type_identification/organic/organic696.jpg,4,Organic,4,Organic,0.937269,0.9248252,True
waste_type_identification/organic/organic702.jpg,4,Organic,4,Organic,0.8570843,0.82856923,True
waste_type_identification/organic/organic706.jpg,4,Organic,4,Organic,0.85616744,0.83035153,True
waste_type_identification/organic/organic71.jpg,4,Organic,4,Organic,0.9434647,0.93129534,True
waste_type_identification/organic/organic714.jpg,4,Organic,4,Organic,0.9200411,0.9059075,True
waste_type_identification/organic/organic715.jpg,4,Organic,4,Organic,0.9357702,0.9209069,True
waste_type_identification/organic/organic716.jpg,4,Organic,4,Organic,0.5378489,0.22300494,True
waste_type_identification/organic/organic718.jpg,4,Organic,4,Organic,0.934031,0.91883457,True
waste_type_identification/organic/organic724.jpg,4,Organic,4,Organic,0.8993161,0.8677502,True
waste_type_identification/organic/organic731.jpg,4,Organic,4,Organic,0.9275262,0.91296756,True
waste_type_identification/organic/organic738.jpg,4,Organic,4,Organic,0.9234243,0.9042312,True
waste_type_identification/organic/organic739.jpg,4,Organic,4,Organic,0.9422268,0.93096423,True
waste_type_identification/organic/organic741.jpg,4,Organic,4,Organic,0.9157953,0.8979228,True
waste_type_identification/organic/organic745.jpg,4,Organic,4,Organic,0.94291157,0.92871404,True
waste_type_identification/organic/organic748.jpg,4,Organic,4,Organic,0.94400245,0.9316862,True
waste_type_identification/organic/organic760.jpg,4,Organic,4,Organic,0.88716215,0.8502534,True
waste_type_identification/organic/organic763.jpg,4,Organic,4,Organic,0.9364263,0.92451614,True
waste_type_identification/organic/organic764.jpg,4,Organic,4,Organic,0.9285897,0.9134433,True
waste_type_identification/organic/organic766.jpg,4,Organic,4,Organic,0.91311675,0.8980433,True
waste_type_identification/organic/organic768.jpg,4,Organic,4,Organic,0.9320586,0.9172074,True
waste_type_identification/organic/organic77.jpg,4,Organic,4,Organic,0.84817195,0.8021085,True
waste_type_identification/organic/organic770.jpg,4,Organic,4,Organic,0.90575206,0.8788695,True
waste_type_identification/organic/organic780.jpg,4,Organic,4,Organic,0.940378,0.9250685,True
waste_type_identification/organic/organic785.jpg,4,Organic,4,Organic,0.61768425,0.529966,True
waste_type_identification/organic/organic789.jpg,4,Organic,4,Organic,0.9227272,0.9094096,True
waste_type_identification/organic/organic791.jpg,4,Organic,4,Organic,0.91168886,0.8917327,True
waste_type_identification/organic/organic798.jpg,4,Organic,4,Organic,0.9389841,0.92627484,True
waste_type_identification/organic/organic801.jpg,4,Organic,4,Organic,0.93205583,0.9192718,True
waste_type_identification/organic/organic802.jpg,4,Organic,4,Organic,0.92344624,0.9081107,True
waste_type_identification/organic/organic812.jpg,4,Organic,4,Organic,0.92024994,0.90438545,True
waste_type_identification/organic/organic815.jpg,4,Organic,4,Organic,0.8618753,0.8135808,True
waste_type_identification/organic/organic816.jpg,4,Organic,4,Organic,0.8632223,0.8256776,True
waste_type_identification/organic/organic817.jpg,4,Organic,4,Organic,0.908817,0.89066637,True
waste_type_identification/organic/organic819.jpg,4,Organic,4,Organic,0.9055657,0.879751,True
waste_type_identification/organic/organic824.jpg,4,Organic,4,Organic,0.9271283,0.910506,True
waste_type_identification/organic/organic828.jpg,4,Organic,4,Organic,0.91217256,0.8953356,True
waste_type_identification/organic/organic829.jpg,4,Organic,4,Organic,0.9242968,0.9074718,True
waste_type_identification/organic/organic83.jpg,4,Organic,4,Organic,0.9310332,0.91813743,True
waste_type_identification/organic/organic841.jpg,4,Organic,4,Organic,0.94351196,0.93133414,True
waste_type_identification/organic/organic844.jpg,4,Organic,4,Organic,0.9302589,0.91570055,True
waste_type_identification/organic/organic846.jpg,4,Organic,4,Organic,0.9183739,0.9019669,True
waste_type_identification/organic/organic849.jpg,4,Organic,4,Organic,0.9360508,0.92219156,True
waste_type_identification/organic/organic851.jpg,4,Organic,4,Organic,0.9478197,0.9368505,True
waste_type_identification/organic/organic853.jpg,4,Organic,2,Glass,0.44590208,0.18240601,False
waste_type_identification/organic/organic855.jpg,4,Organic,4,Organic,0.8269611,0.7508791,True
waste_type_identification/organic/organic858.jpg,4,Organic,4,Organic,0.86569214,0.83749825,True
waste_type_identification/organic/organic859.jpg,4,Organic,4,Organic,0.6062537,0.3042275,True
waste_type_identification/organic/organic871.jpg,4,Organic,4,Organic,0.6481625,0.4503411,True
waste_type_identification/organic/organic881.jpg,4,Organic,4,Organic,0.93133056,0.9173446,True
waste_type_identification/organic/organic889.jpg,4,Organic,4,Organic,0.9122369,0.89158356,True
waste_type_identification/organic/organic895.jpg,4,Organic,4,Organic,0.8932034,0.87011516,True
waste_type_identification/organic/organic899.jpg,4,Organic,4,Organic,0.8991187,0.8702764,True
waste_type_identification/organic/organic902.jpg,4,Organic,4,Organic,0.9105468,0.89162487,True
waste_type_identification/organic/organic907.jpg,4,Organic,4,Organic,0.64418113,0.5497865,True
waste_type_identification/organic/organic930.jpg,4,Organic,4,Organic,0.92738634,0.910657,True
waste_type_identification/organic/organic931.jpg,4,Organic,4,Organic,0.86731964,0.83644617,True
waste_type_identification/organic/organic932.jpg,4,Organic,4,Organic,0.9114325,0.8921291,True
waste_type_identification/organic/organic936.jpg,4,Organic,4,Organic,0.8844891,0.8529632,True
waste_type_identification/organic/organic942.jpg,4,Organic,4,Organic,0.92852235,0.9129585,True
waste_type_identification/organic/organic948.jpg,4,Organic,4,Organic,0.93995506,0.9282656,True
waste_type_identification/organic/organic954.jpg,4,Organic,4,Organic,0.93994695,0.92689186,True
waste_type_identification/organic/organic960.jpg,4,Organic,4,Organic,0.9336949,0.9178032,True
waste_type_identification/organic/organic962.jpg,4,Organic,4,Organic,0.9372197,0.9228989,True
waste_type_identification/organic/organic976.jpg,4,Organic,4,Organic,0.8913843,0.8521996,True
waste_type_identification/organic/organic979.jpg,4,Organic,4,Organic,0.85783273,0.83114165,True
waste_type_identification/organic/organic980.jpg,4,Organic,4,Organic,0.89759207,0.87768644,True
waste_type_identification/organic/organic981.jpg,4,Organic,4,Organic,0.92661023,0.90879565,True
waste_type_identification/papery/cardboard/cardboard102.jpg,5,Papery,5,Papery,0.9058832,0.88685066,True
waste_type_identification/papery/cardboard/cardboard105.jpg,5,Papery,5,Papery,0.9134024,0.8962805,True
waste_type_identification/papery/cardboard/cardboard108.jpg,5,Papery,5,Papery,0.92656773,0.9109127,True
waste_type_identification/papery/cardboard/cardboard109.jpg,5,Papery,5,Papery,0.33421898,0.12243953,True
waste_type_identification/papery/cardboard/cardboard110.jpg,5,Papery,5,Papery,0.70912135,0.61686856,True
waste_type_identification/papery/cardboard/cardboard111.jpg,5,Papery,5,Papery,0.8748117,0.84725475,True
waste_type_identification/papery/cardboard/cardboard12.jpg,5,Papery,5,Papery,0.8838806,0.8530775,True
waste_type_identification/papery/cardboard/cardboard121.jpg,5,Papery,5,Papery,0.88410765,0.8589454,True
waste_type_identification/papery/cardboard/cardboard122.jpg,5,Papery,5,Papery,0.86815244,0.8405305,True
waste_type_identification/papery/cardboard/cardboard127.jpg,5,Papery,5,Papery,0.88564265,0.85298985,True
waste_type_identification/papery/cardboard/cardboard145.jpg,5,Papery,5,Papery,0.8028086,0.7539738,True
waste_type_identification/papery/cardboard/cardboard15.jpg,5,Papery,5,Papery,0.8756148,0.84244466,True
waste_type_identification/papery/cardboard/cardboard152.jpg,5,Papery,5,Papery,0.8649187,0.8389667,True
waste_type_identification/papery/cardboard/cardboard155.jpg,5,Papery,5,Papery,0.9107872,0.89501137,True
waste_type_identification/papery/cardboard/cardboard16.jpg,5,Papery,5,Papery,0.9205281,0.90314984,True
waste_type_identification/papery/cardboard/cardboard160.jpg,5,Papery,5,Papery,0.91295236,0.89665604,True
waste_type_identification/papery/cardboard/cardboard167.jpg,5,Papery,5,Papery,0.89573735,0.87686574,True
waste_type_identification/papery/cardboard/cardboard168.jpg,5,Papery,5,Papery,0.9079329,0.8842238,True
waste_type_identification/papery/cardboard/cardboard172.jpg,5,Papery,5,Papery,0.4198958,0.16246402,True
waste_type_identification/papery/cardboard/cardboard178.jpg,5,Papery,5,Papery,0.8694921,0.8426383,True
waste_type_identification/papery/cardboard/cardboard182.jpg,5,Papery,5,Papery,0.6739218,0.5969775,True
waste_type_identification/papery/cardboard/cardboard185.jpg,5,Papery,5,Papery,0.8814682,0.8573702,True
waste_type_identification/papery/cardboard/cardboard193.jpg,5,Papery,5,Papery,0.90916747,0.8899786,True
waste_type_identification/papery/cardboard/cardboard201.jpg,5,Papery,5,Papery,0.8782014,0.8433113,True
waste_type_identification/papery/cardboard/cardboard205.jpg,5,Papery,5,Papery,0.9052948,0.8856769,True
waste_type_identification/papery/cardboard/cardboard216.jpg,5,Papery,5,Papery,0.88534623,0.8637659,True
waste_type_identification/papery/cardboard/cardboard22.jpg,5,Papery,5,Papery,0.8924879,0.8702509,True
waste_type_identification/papery/cardboard/cardboard232.jpg,5,Papery,5,Papery,0.86547357,0.8355971,True
waste_type_identification/papery/cardboard/cardboard238.jpg,5,Papery,5,Papery,0.8134935,0.77415407,True
waste_type_identification/papery/cardboard/cardboard247.jpg,5,Papery,5,Papery,0.9270992,0.91196835,True
waste_type_identification/papery/cardboard/cardboard253.jpg,5,Papery,5,Papery,0.861081,0.83505934,True
waste_type_identification/papery/cardboard/cardboard257.jpg,5,Papery,5,Papery,0.7640186,0.68946576,True
waste_type_identification/papery/cardboard/cardboard26.jpg,5,Papery,5,Papery,0.9058229,0.88698494,True
waste_type_identification/papery/cardboard/cardboard261.jpg,5,Papery,5,Papery,0.5646438,0.2811706,True
waste_type_identification/papery/cardboard/cardboard267.jpg,5,Papery,5,Papery,0.91229916,0.8949356,True
waste_type_identification/papery/cardboard/cardboard276.jpg,5,Papery,5,Papery,0.9106729,0.8941619,True
waste_type_identification/papery/cardboard/cardboard285.jpg,5,Papery,5,Papery,0.89744294,0.87644464,True
waste_type_identification/papery/cardboard/cardboard286.jpg,5,Papery,5,Papery,0.88199484,0.8573874,True
waste_type_identification/papery/cardboard/cardboard29.jpg,5,Papery,5,Papery,0.9388021,0.92616874,True
waste_type_identification/papery/cardboard/cardboard292.jpg,5,Papery,5,Papery,0.8902216,0.8684851,True
waste_type_identification/papery/cardboard/cardboard297.jpg,5,Papery,5,Papery,0.8990932,0.87592494,True
waste_type_identification/papery/cardboard/cardboard306.jpg,5,Papery,5,Papery,0.91853076,0.90140283,True
waste_type_identification/papery/cardboard/cardboard307.jpg,5,Papery,5,Papery,0.88547355,0.8624782,True
waste_type_identification/papery/cardboard/cardboard309.jpg,5,Papery,5,Papery,0.89962584,0.8770357,True
waste_type_identification/papery/cardboard/cardboard316.jpg,5,Papery,5,Papery,0.8933316,0.8739193,True
waste_type_identification/papery/cardboard/cardboard319.jpg,5,Papery,5,Papery,0.88714755,0.86499166,True
waste_type_identification/papery/cardboard/cardboard32.jpg,5,Papery,5,Papery,0.26453218,0.07248238,True
waste_type_identification/papery/cardboard/cardboard328.jpg,5,Papery,5,Papery,0.89847547,0.87856406,True
waste_type_identification/papery/cardboard/cardboard329.jpg,5,Papery,5,Papery,0.899296,0.8794415,True
waste_type_identification/papery/cardboard/cardboard33.jpg,5,Papery,5,Papery,0.903096,0.8832323,True
waste_type_identification/papery/cardboard/cardboard331.jpg,5,Papery,5,Papery,0.9074371,0.89078206,True
waste_type_identification/papery/cardboard/cardboard342.jpg,5,Papery,5,Papery,0.93987626,0.92453974,True
waste_type_identification/papery/cardboard/cardboard362.jpg,5,Papery,5,Papery,0.8971695,0.87325275,True
waste_type_identification/papery/cardboard/cardboard367.jpg,5,Papery,5,Papery,0.90204686,0.8776658,True
waste_type_identification/papery/cardboard/cardboard369.jpg,5,Papery,5,Papery,0.81632996,0.7690496,True
waste_type_identification/papery/cardboard/cardboard371.jpg,5,Papery,5,Papery,0.8129218,0.73218715,True
waste_type_identification/papery/cardboard/cardboard375.jpg,5,Papery,5,Papery,0.7020605,0.54532754,True
waste_type_identification/papery/cardboard/cardboard377.jpg,5,Papery,5,Papery,0.88968605,0.8663773,True
waste_type_identification/papery/cardboard/cardboard379.jpg,5,Papery,5,Papery,0.9029573,0.8805579,True
waste_type_identification/papery/cardboard/cardboard381.jpg,5,Papery,5,Papery,0.8501868,0.8223168,True
waste_type_identification/papery/cardboard/cardboard384.jpg,5,Papery,7,Undifferentiated,0.49733046,0.2161744,False
waste_type_identification/papery/cardboard/cardboard386.jpg,5,Papery,5,Papery,0.90045315,0.8801428,True
waste_type_identification/papery/cardboard/cardboard387.jpg,5,Papery,5,Papery,0.8977335,0.8755174,True
waste_type_identification/papery/cardboard/cardboard391.jpg,5,Papery,5,Papery,0.7401021,0.65668017,True
waste_type_identification/papery/cardboard/cardboard394.jpg,5,Papery,5,Papery,0.47458118,0.19760206,True
waste_type_identification/papery/cardboard/cardboard396.jpg,5,Papery,5,Papery,0.88438797,0.8580605,True
waste_type_identification/papery/cardboard/cardboard397.jpg,5,Papery,5,Papery,0.88451684,0.86219054,True
waste_type_identification/papery/cardboard/cardboard400.jpg,5,Papery,5,Papery,0.8227418,0.7785011,True
waste_type_identification/papery/cardboard/cardboard405.jpg,5,Papery,5,Papery,0.50829417,0.24561864,True
waste_type_identification/papery/cardboard/cardboard408.jpg,5,Papery,5,Papery,0.87957114,0.8527791,True
waste_type_identification/papery/cardboard/cardboard410.jpg,5,Papery,5,Papery,0.879454,0.8511486,True
waste_type_identification/papery/cardboard/cardboard411.jpg,5,Papery,5,Papery,0.9032699,0.88232696,True
waste_type_identification/papery/cardboard/cardboard425.jpg,5,Papery,5,Papery,0.8990907,0.8794279,True
waste_type_identification/papery/cardboard/cardboard433.jpg,5,Papery,5,Papery,0.8892231,0.86793864,True
waste_type_identification/papery/cardboard/cardboard436.jpg,5,Papery,5,Papery,0.90002275,0.88091594,True
waste_type_identification/papery/cardboard/cardboard439.jpg,5,Papery,5,Papery,0.88756084,0.86761886,True
waste_type_identification/papery/cardboard/cardboard441.jpg,5,Papery,5,Papery,0.8888917,0.86725646,True
waste_type_identification/papery/cardboard/cardboard442.jpg,5,Papery,3,Metal,0.3902787,0.043788552,False
waste_type_identification/papery/cardboard/cardboard445.jpg,5,Papery,5,Papery,0.85986495,0.82697296,True
waste_type_identification/papery/cardboard/cardboard447.jpg,5,Papery,5,Papery,0.88506955,0.86042297,True
waste_type_identification/papery/cardboard/cardboard450.jpg,5,Papery,5,Papery,0.5884053,0.4308356,True
waste_type_identification/papery/cardboard/cardboard457.jpg,5,Papery,5,Papery,0.872638,0.8474378,True
waste_type_identification/papery/cardboard/cardboard458.jpg,5,Papery,5,Papery,0.8713331,0.8462541,True
waste_type_identification/papery/cardboard/cardboard465.jpg,5,Papery,5,Papery,0.9258646,0.9119335,True
waste_type_identification/papery/cardboard/cardboard466.jpg,5,Papery,5,Papery,0.8753496,0.8395689,True
waste_type_identification/papery/cardboard/cardboard468.jpg,5,Papery,5,Papery,0.88567483,0.86204726,True
waste_type_identification/papery/cardboard/cardboard476.jpg,5,Papery,5,Papery,0.90107983,0.8819266,True
waste_type_identification/papery/cardboard/cardboard481.jpg,5,Papery,5,Papery,0.881076,0.8373703,True
waste_type_identification/papery/cardboard/cardboard487.jpg,5,Papery,5,Papery,0.8900482,0.8684714,True
waste_type_identification/papery/cardboard/cardboard495.jpg,5,Papery,5,Papery,0.88408846,0.8545623,True
waste_type_identification/papery/cardboard/cardboard502.jpg,5,Papery,5,Papery,0.90503204,0.885776,True
waste_type_identification/papery/cardboard/cardboard506.jpg,5,Papery,5,Papery,0.9244448,0.91181844,True
waste_type_identification/papery/cardboard/cardboard513.jpg,5,Papery,5,Papery,0.88638645,0.86316335,True
waste_type_identification/papery/cardboard/cardboard514.jpg,5,Papery,5,Papery,0.90680593,0.88453174,True
waste_type_identification/papery/cardboard/cardboard521.jpg,5,Papery,5,Papery,0.9075204,0.8873446,True
waste_type_identification/papery/cardboard/cardboard528.jpg,5,Papery,5,Papery,0.75857216,0.69921803,True
waste_type_identification/papery/cardboard/cardboard534.jpg,5,Papery,5,Papery,0.89978814,0.87892914,True
waste_type_identification/papery/cardboard/cardboard536.jpg,5,Papery,5,Papery,0.9071785,0.8902772,True
waste_type_identification/papery/cardboard/cardboard539.jpg,5,Papery,5,Papery,0.41098902,0.00057917833,True
waste_type_identification/papery/cardboard/cardboard541.jpg,5,Papery,5,Papery,0.851562,0.81692,True
waste_type_identification/papery/cardboard/cardboard549.jpg,5,Papery,5,Papery,0.89641964,0.8743018,True
waste_type_identification/papery/cardboard/cardboard55.jpg,5,Papery,5,Papery,0.9067544,0.8887137,True
waste_type_identification/papery/cardboard/cardboard551.jpg,5,Papery,5,Papery,0.9178533,0.90092486,True
waste_type_identification/papery/cardboard/cardboard561.jpg,5,Papery,5,Papery,0.90267575,0.8812536,True
waste_type_identification/papery/cardboard/cardboard571.jpg,5,Papery,5,Papery,0.90266466,0.8813424,True
waste_type_identification/papery/cardboard/cardboard576.jpg,5,Papery,5,Papery,0.8540115,0.81126475,True
waste_type_identification/papery/cardboard/cardboard579.jpg,5,Papery,5,Papery,0.7725031,0.6867996,True
waste_type_identification/papery/cardboard/cardboard585.jpg,5,Papery,5,Papery,0.8847565,0.8599882,True
waste_type_identification/papery/cardboard/cardboard586.jpg,5,Papery,4,Organic,0.45766783,0.31952837,False
waste_type_identification/papery/cardboard/cardboard590.jpg,5,Papery,5,Papery,0.89168257,0.87029976,True
waste_type_identification/papery/cardboard/cardboard591.jpg,5,Papery,5,Papery,0.8908859,0.86869866,True
waste_type_identification/papery/cardboard/cardboard593.jpg,5,Papery,5,Papery,0.89858115,0.8777423,True
waste_type_identification/papery/cardboard/cardboard594.jpg,5,Papery,5,Papery,0.87861127,0.85200614,True
waste_type_identification/papery/cardboard/cardboard596.jpg,5,Papery,5,Papery,0.81472856,0.76082957,True
waste_type_identification/papery/cardboard/cardboard598.jpg,5,Papery,5,Papery,0.8895689,0.869326,True
waste_type_identification/papery/cardboard/cardboard599.jpg,5,Papery,5,Papery,0.89279264,0.8708295,True
waste_type_identification/papery/cardboard/cardboard60.jpg,5,Papery,5,Papery,0.8978352,0.87743384,True
waste_type_identification/papery/cardboard/cardboard603.jpg,5,Papery,5,Papery,0.9037368,0.8751663,True
waste_type_identification/papery/cardboard/cardboard605.jpg,5,Papery,5,Papery,0.87965214,0.8527363,True
waste_type_identification/papery/cardboard/cardboard606.jpg,5,Papery,5,Papery,0.8863935,0.8632777,True
waste_type_identification/papery/cardboard/cardboard607.jpg,5,Papery,5,Papery,0.88793284,0.8661531,True
waste_type_identification/papery/cardboard/cardboard615.jpg,5,Papery,5,Papery,0.8990757,0.8773006,True
waste_type_identification/papery/cardboard/cardboard616.jpg,5,Papery,5,Papery,0.8644101,0.83335716,True
waste_type_identification/papery/cardboard/cardboard629.jpg,5,Papery,5,Papery,0.8958928,0.8734727,True
waste_type_identification/papery/cardboard/cardboard631.jpg,5,Papery,5,Papery,0.90221864,0.8819993,True
waste_type_identification/papery/cardboard/cardboard633.jpg,5,Papery,5,Papery,0.8611685,0.8326456,True
waste_type_identification/papery/cardboard/cardboard635.jpg,5,Papery,5,Papery,0.8860123,0.8639802,True
waste_type_identification/papery/cardboard/cardboard638.jpg,5,Papery,5,Papery,0.88278973,0.8515846,True
waste_type_identification/papery/cardboard/cardboard640.jpg,5,Papery,5,Papery,0.82515013,0.7883554,True
waste_type_identification/papery/cardboard/cardboard642.jpg,5,Papery,5,Papery,0.85721314,0.8298523,True
waste_type_identification/papery/cardboard/cardboard646.jpg,5,Papery,5,Papery,0.91372114,0.8963124,True
waste_type_identification/papery/cardboard/cardboard65.jpg,5,Papery,5,Papery,0.88567847,0.8547062,True
waste_type_identification/papery/cardboard/cardboard651.jpg,5,Papery,5,Papery,0.9099436,0.88867116,True
waste_type_identification/papery/cardboard/cardboard654.jpg,5,Papery,5,Papery,0.8782184,0.8486775,True
waste_type_identification/papery/cardboard/cardboard657.jpg,5,Papery,5,Papery,0.90698105,0.8869357,True
waste_type_identification/papery/cardboard/cardboard670.jpg,5,Papery,5,Papery,0.8783799,0.8523193,True
waste_type_identification/papery/cardboard/cardboard675.jpg,5,Papery,5,Papery,0.9064386,0.8874594,True
waste_type_identification/papery/cardboard/cardboard676.jpg,5,Papery,5,Papery,0.892738,0.87294793,True
waste_type_identification/papery/cardboard/cardboard68.jpg,5,Papery,5,Papery,0.41325232,0.19840802,True
waste_type_identification/papery/cardboard/cardboard680.jpg,5,Papery,5,Papery,0.9134336,0.88911295,True
waste_type_identification/papery/cardboard/cardboard681.jpg,5,Papery,5,Papery,0.90020657,0.8798288,True
waste_type_identification/papery/cardboard/cardboard685.jpg,5,Papery,5,Papery,0.8982087,0.879796,True
waste_type_identification/papery/cardboard/cardboard689.jpg,5,Papery,5,Papery,0.8478764,0.79824245,True
waste_type_identification/papery/cardboard/cardboard69.jpg,5,Papery,5,Papery,0.513048,0.28449276,True
waste_type_identification/papery/cardboard/cardboard693.jpg,5,Papery,5,Papery,0.912182,0.8911133,True
waste_type_identification/papery/cardboard/cardboard70.jpg,5,Papery,5,Papery,0.8817651,0.8553697,True
waste_type_identification/papery/cardboard/cardboard700.jpg,5,Papery,5,Papery,0.8686145,0.836575,True
waste_type_identification/papery/cardboard/cardboard704.jpg,5,Papery,5,Papery,0.8581407,0.83397,True
waste_type_identification/papery/cardboard/cardboard705.jpg,5,Papery,5,Papery,0.91411775,0.8967648,True
waste_type_identification/papery/cardboard/cardboard707.jpg,5,Papery,5,Papery,0.896148,0.874548,True
waste_type_identification/papery/cardboard/cardboard710.jpg,5,Papery,5,Papery,0.87577856,0.8526246,True
waste_type_identification/papery/cardboard/cardboard716.jpg,5,Papery,5,Papery,0.8325992,0.77464545,True
waste_type_identification/papery/cardboard/cardboard725.jpg,5,Papery,5,Papery,0.90771633,0.88400465,True
waste_type_identification/papery/cardboard/cardboard726.jpg,5,Papery,3,Metal,0.4215026,0.16868618,False
waste_type_identification/papery/cardboard/cardboard728.jpg,5,Papery,5,Papery,0.87296736,0.84436023,True
waste_type_identification/papery/cardboard/cardboard737.jpg,5,Papery,5,Papery,0.86068416,0.83224136,True
waste_type_identification/papery/cardboard/cardboard74.jpg,5,Papery,5,Papery,0.83652556,0.80593354,True
waste_type_identification/papery/cardboard/cardboard75.jpg,5,Papery,5,Papery,0.8605415,0.83277875,True
waste_type_identification/papery/cardboard/cardboard753.jpg,5,Papery,5,Papery,0.8700715,0.83567566,True
waste_type_identification/papery/cardboard/cardboard756.jpg,5,Papery,2,Glass,0.64001983,0.5555161,False
waste_type_identification/papery/cardboard/cardboard757.jpg,5,Papery,5,Papery,0.89774096,0.8727641,True
waste_type_identification/papery/cardboard/cardboard758.jpg,5,Papery,5,Papery,0.85786843,0.8321549,True
waste_type_identification/papery/cardboard/cardboard759.jpg,5,Papery,5,Papery,0.89659154,0.87497056,True
waste_type_identification/papery/cardboard/cardboard762.jpg,5,Papery,5,Papery,0.89951164,0.87174696,True
waste_type_identification/papery/cardboard/cardboard768.jpg,5,Papery,5,Papery,0.91385067,0.8969142,True
waste_type_identification/papery/cardboard/cardboard771.jpg,5,Papery,5,Papery,0.87653095,0.84921294,True
waste_type_identification/papery/cardboard/cardboard779.jpg,5,Papery,6,Plastic,0.28317168,0.056690753,False
waste_type_identification/papery/cardboard/cardboard780.jpg,5,Papery,5,Papery,0.89551437,0.874146,True
waste_type_identification/papery/cardboard/cardboard790.jpg,5,Papery,5,Papery,0.8303375,0.7928537,True
waste_type_identification/papery/cardboard/cardboard793.jpg,5,Papery,5,Papery,0.8462324,0.8182694,True
waste_type_identification/papery/cardboard/cardboard804.jpg,5,Papery,5,Papery,0.885671,0.8572705,True
waste_type_identification/papery/cardboard/cardboard805.jpg,5,Papery,5,Papery,0.84760505,0.8163452,True
waste_type_identification/papery/cardboard/cardboard812.jpg,5,Papery,5,Papery,0.8940047,0.8684629,True
waste_type_identification/papery/cardboard/cardboard820.jpg,5,Papery,5,Papery,0.87917805,0.8503613,True
waste_type_identification/papery/cardboard/cardboard830.jpg,5,Papery,5,Papery,0.8669382,0.8300434,True
waste_type_identification/papery/cardboard/cardboard832.jpg,5,Papery,5,Papery,0.88374627,0.8596589,True
waste_type_identification/papery/cardboard/cardboard838.jpg,5,Papery,5,Papery,0.5820917,0.4544232,True
waste_type_identification/papery/cardboard/cardboard844.jpg,5,Papery,5,Papery,0.87207633,0.83734006,True
waste_type_identification/papery/cardboard/cardboard859.jpg,5,Papery,5,Papery,0.8637423,0.827319,True
waste_type_identification/papery/cardboard/cardboard862.jpg,5,Papery,5,Papery,0.8491664,0.8028914,True
waste_type_identification/papery/cardboard/cardboard864.jpg,5,Papery,5,Papery,0.66125053,0.56877804,True
waste_type_identification/papery/cardboard/cardboard87.jpg,5,Papery,5,Papery,0.92128766,0.9027208,True
waste_type_identification/papery/cardboard/cardboard878.jpg,5,Papery,5,Papery,0.90901417,0.89052296,True
waste_type_identification/papery/cardboard/cardboard887.jpg,5,Papery,5,Papery,0.89758414,0.8767652,True
waste_type_identification/papery/paper/paper1005.jpg,5,Papery,5,Papery,0.858706,0.8132154,True
waste_type_identification/papery/paper/paper102.jpg,5,Papery,5,Papery,0.88144785,0.85655093,True
waste_type_identification/papery/paper/paper1022.jpg,5,Papery,5,Papery,0.8386517,0.7881257,True
waste_type_identification/papery/paper/paper1028.jpg,5,Papery,5,Papery,0.7878791,0.72234905,True
waste_type_identification/papery/paper/paper1038.jpg,5,Papery,5,Papery,0.9243461,0.9031411,True
waste_type_identification/papery/paper/paper1039.jpg,5,Papery,5,Papery,0.8086107,0.7600246,True
waste_type_identification/papery/paper/paper1043.jpg,5,Papery,5,Papery,0.8919083,0.8678217,True
waste_type_identification/papery/paper/paper1046.jpg,5,Papery,5,Papery,0.9011039,0.88065255,True
waste_type_identification/papery/paper/paper105.jpg,5,Papery,5,Papery,0.87118554,0.83957255,True
waste_type_identification/papery/paper/paper1050.jpg,5,Papery,5,Papery,0.84645915,0.7992594,True
waste_type_identification/papery/paper/paper107.jpg,5,Papery,5,Papery,0.861608,0.83223593,True
waste_type_identification/papery/paper/paper11.jpg,5,Papery,5,Papery,0.87068033,0.83754736,True
waste_type_identification/papery/paper/paper122.jpg,5,Papery,5,Papery,0.91254604,0.8936939,True
waste_type_identification/papery/paper/paper123.jpg,5,Papery,5,Papery,0.83787245,0.79891175,True
waste_type_identification/papery/paper/paper124.jpg,5,Papery,5,Papery,0.8707869,0.8448215,True
waste_type_identification/papery/paper/paper129.jpg,5,Papery,5,Papery,0.91003424,0.8902113,True
waste_type_identification/papery/paper/paper13.jpg,5,Papery,5,Papery,0.8950161,0.86092937,True
waste_type_identification/papery/paper/paper138.jpg,5,Papery,5,Papery,0.8972021,0.87395906,True
waste_type_identification/papery/paper/paper140.jpg,5,Papery,5,Papery,0.90147275,0.8799051,True
waste_type_identification/papery/paper/paper141.jpg,5,Papery,1,Clothing,0.36358485,0.09268054,False
waste_type_identification/papery/paper/paper144.jpg,5,Papery,5,Papery,0.91627,0.89514226,True
waste_type_identification/papery/paper/paper15.jpg,5,Papery,5,Papery,0.91142046,0.89302677,True
waste_type_identification/papery/paper/paper150.jpg,5,Papery,5,Papery,0.84552157,0.8072359,True
waste_type_identification/papery/paper/paper154.jpg,5,Papery,5,Papery,0.87454414,0.8474353,True
waste_type_identification/papery/paper/paper155.jpg,5,Papery,5,Papery,0.8982362,0.8777155,True
waste_type_identification/papery/paper/paper156.jpg,5,Papery,5,Papery,0.85118526,0.8100607,True
waste_type_identification/papery/paper/paper166.jpg,5,Papery,0,Battery,0.6396926,0.44213605,False
waste_type_identification/papery/paper/paper167.jpg,5,Papery,5,Papery,0.88320774,0.85948044,True
waste_type_identification/papery/paper/paper169.jpg,5,Papery,5,Papery,0.9139227,0.8953907,True
waste_type_identification/papery/paper/paper179.jpg,5,Papery,5,Papery,0.84708625,0.81622505,True
waste_type_identification/papery/paper/paper18.jpg,5,Papery,5,Papery,0.89505315,0.87343806,True
waste_type_identification/papery/paper/paper185.jpg,5,Papery,5,Papery,0.8898326,0.8656063,True
waste_type_identification/papery/paper/paper186.jpg,5,Papery,5,Papery,0.87391895,0.8426141,True
waste_type_identification/papery/paper/paper189.jpg,5,Papery,5,Papery,0.88214874,0.857892,True
waste_type_identification/papery/paper/paper195.jpg,5,Papery,5,Papery,0.8906842,0.8673601,True
waste_type_identification/papery/paper/paper199.jpg,5,Papery,5,Papery,0.9017771,0.88255954,True
waste_type_identification/papery/paper/paper2.jpg,5,Papery,5,Papery,0.3371993,0.030165344,True
waste_type_identification/papery/paper/paper207.jpg,5,Papery,5,Papery,0.8425496,0.8031471,True
waste_type_identification/papery/paper/paper210.jpg,5,Papery,5,Papery,0.91317946,0.8968693,True
waste_type_identification/papery/paper/paper211.jpg,5,Papery,5,Papery,0.9082543,0.88830316,True
waste_type_identification/papery/paper/paper212.jpg,5,Papery,5,Papery,0.88325536,0.86077565,True
waste_type_identification/papery/paper/paper214.jpg,5,Papery,5,Papery,0.89776695,0.8646568,True
waste_type_identification/papery/paper/paper218.jpg,5,Papery,5,Papery,0.8245134,0.78267175,True
waste_type_identification/papery/paper/paper219.jpg,5,Papery,5,Papery,0.9120722,0.89334923,True
waste_type_identification/papery/paper/paper222.jpg,5,Papery,5,Papery,0.71505576,0.58297455,True
waste_type_identification/papery/paper/paper230.jpg,5,Papery,5,Papery,0.8254516,0.78847957,True
waste_type_identification/papery/paper/paper251.jpg,5,Papery,5,Papery,0.883469,0.85600966,True
waste_type_identification/papery/paper/paper252.jpg,5,Papery,5,Papery,0.8826911,0.8584252,True
waste_type_identification/papery/paper/paper258.jpg,5,Papery,5,Papery,0.90619624,0.88069963,True
waste_type_identification/papery/paper/paper261.jpg,5,Papery,5,Papery,0.8309441,0.78090805,True
waste_type_identification/papery/paper/paper267.jpg,5,Papery,5,Papery,0.8722114,0.84408486,True
waste_type_identification/papery/paper/paper269.jpg,5,Papery,5,Papery,0.9074108,0.8905723,True
waste_type_identification/papery/paper/paper280.jpg,5,Papery,5,Papery,0.91299033,0.8938592,True
waste_type_identification/papery/paper/paper285.jpg,5,Papery,5,Papery,0.8934991,0.8717999,True
waste_type_identification/papery/paper/paper3.jpg,5,Papery,5,Papery,0.90108275,0.8797099,True
waste_type_identification/papery/paper/paper30.jpg,5,Papery,5,Papery,0.89888436,0.8731051,True
waste_type_identification/papery/paper/paper300.jpg,5,Papery,5,Papery,0.90591127,0.882915,True
waste_type_identification/papery/paper/paper304.jpg,5,Papery,1,Clothing,0.42611286,0.21663156,False
waste_type_identification/papery/paper/paper316.jpg,5,Papery,5,Papery,0.88743925,0.86341417,True
waste_type_identification/papery/paper/paper32.jpg,5,Papery,5,Papery,0.93845487,0.9229232,True
waste_type_identification/papery/paper/paper325.jpg,5,Papery,5,Papery,0.8928138,0.8683951,True
waste_type_identification/papery/paper/paper33.jpg,5,Papery,5,Papery,0.8956605,0.87598586,True
waste_type_identification/papery/paper/paper331.jpg,5,Papery,5,Papery,0.39952412,0.108034104,True
waste_type_identification/papery/paper/paper332.jpg,5,Papery,5,Papery,0.88320714,0.85221887,True
waste_type_identification/papery/paper/paper339.jpg,5,Papery,5,Papery,0.894659,0.8732561,True
waste_type_identification/papery/paper/paper34.jpg,5,Papery,5,Papery,0.85102123,0.81845456,True
waste_type_identification/papery/paper/paper346.jpg,5,Papery,5,Papery,0.53231627,0.40374967,True
waste_type_identification/papery/paper/paper349.jpg,5,Papery,5,Papery,0.8747842,0.84948874,True
waste_type_identification/papery/paper/paper357.jpg,5,Papery,5,Papery,0.8188998,0.7536448,True
waste_type_identification/papery/paper/paper36.jpg,5,Papery,5,Papery,0.89266616,0.8657644,True
waste_type_identification/papery/paper/paper368.jpg,5,Papery,5,Papery,0.9158621,0.8963608,True
waste_type_identification/papery/paper/paper371.jpg,5,Papery,5,Papery,0.8912546,0.8670119,True
waste_type_identification/papery/paper/paper378.jpg,5,Papery,5,Papery,0.847717,0.7919537,True
waste_type_identification/papery/paper/paper381.jpg,5,Papery,5,Papery,0.9020514,0.88261837,True
waste_type_identification/papery/paper/paper385.jpg,5,Papery,5,Papery,0.89274937,0.86513036,True
waste_type_identification/papery/paper/paper391.jpg,5,Papery,5,Papery,0.89602053,0.87601525,True
waste_type_identification/papery/paper/paper4.jpg,5,Papery,5,Papery,0.6634027,0.47244233,True
waste_type_identification/papery/paper/paper40.jpg,5,Papery,5,Papery,0.8971619,0.8762562,True
waste_type_identification/papery/paper/paper401.jpg,5,Papery,5,Papery,0.8861536,0.8604766,True
waste_type_identification/papery/paper/paper405.jpg,5,Papery,5,Papery,0.8711693,0.84193313,True
waste_type_identification/papery/paper/paper406.jpg,5,Papery,5,Papery,0.9041231,0.8851955,True
waste_type_identification/papery/paper/paper411.jpg,5,Papery,5,Papery,0.892066,0.8718463,True
waste_type_identification/papery/paper/paper421.jpg,5,Papery,5,Papery,0.90699774,0.8827327,True
waste_type_identification/papery/paper/paper422.jpg,5,Papery,5,Papery,0.86439663,0.83637315,True
waste_type_identification/papery/paper/paper441.jpg,5,Papery,5,Papery,0.8504265,0.8049632,True
waste_type_identification/papery/paper/paper45.jpg,5,Papery,5,Papery,0.82121766,0.7421101,True
waste_type_identification/papery/paper/paper452.jpg,5,Papery,5,Papery,0.7522971,0.66311514,True
waste_type_identification/papery/paper/paper459.jpg,5,Papery,5,Papery,0.88730884,0.8589271,True
waste_type_identification/papery/paper/paper464.jpg,5,Papery,5,Papery,0.9120016,0.89354503,True
waste_type_identification/papery/paper/paper467.jpg,5,Papery,5,Papery,0.5943558,0.46385527,True
waste_type_identification/papery/paper/paper469.jpg,5,Papery,5,Papery,0.4530996,0.25222754,True
waste_type_identification/papery/paper/paper476.jpg,5,Papery,5,Papery,0.88972014,0.86720103,True
waste_type_identification/papery/paper/paper490.jpg,5,Papery,5,Papery,0.88185763,0.85114324,True
waste_type_identification/papery/paper/paper508.jpg,5,Papery,5,Papery,0.8822423,0.85354704,True
waste_type_identification/papery/paper/paper509.jpg,5,Papery,5,Papery,0.7234516,0.6638496,True
waste_type_identification/papery/paper/paper517.jpg,5,Papery,5,Papery,0.883469,0.8611014,True
waste_type_identification/papery/paper/paper519.jpg,5,Papery,5,Papery,0.80088186,0.75594276,True
waste_type_identification/papery/paper/paper523.jpg,5,Papery,5,Papery,0.8826168,0.84821737,True
waste_type_identification/papery/paper/paper524.jpg,5,Papery,5,Papery,0.85419583,0.8216798,True
waste_type_identification/papery/paper/paper526.jpg,5,Papery,5,Papery,0.8786629,0.8438602,True
waste_type_identification/papery/paper/paper529.jpg,5,Papery,5,Papery,0.43762952,0.2876277,True
waste_type_identification/papery/paper/paper533.jpg,5,Papery,5,Papery,0.8947982,0.86764157,True
waste_type_identification/papery/paper/paper536.jpg,5,Papery,5,Papery,0.85909235,0.83117086,True
waste_type_identification/papery/paper/paper538.jpg,5,Papery,5,Papery,0.87055427,0.8293005,True
waste_type_identification/papery/paper/paper540.jpg,5,Papery,5,Papery,0.6239238,0.48281723,True
waste_type_identification/papery/paper/paper543.jpg,5,Papery,5,Papery,0.88476485,0.85526955,True
waste_type_identification/papery/paper/paper546.jpg,5,Papery,5,Papery,0.81591374,0.7560463,True
waste_type_identification/papery/paper/paper554.jpg,5,Papery,5,Papery,0.90156406,0.87719744,True
waste_type_identification/papery/paper/paper558.jpg,5,Papery,5,Papery,0.90735483,0.8831587,True
waste_type_identification/papery/paper/paper57.jpg,5,Papery,5,Papery,0.89939135,0.87925315,True
waste_type_identification/papery/paper/paper577.jpg,5,Papery,5,Papery,0.5719246,0.43715864,True
waste_type_identification/papery/paper/paper581.jpg,5,Papery,5,Papery,0.88242406,0.8620982,True
waste_type_identification/papery/paper/paper582.jpg,5,Papery,5,Papery,0.9194963,0.9021949,True
waste_type_identification/papery/paper/paper584.jpg,5,Papery,5,Papery,0.89370304,0.8725337,True
waste_type_identification/papery/paper/paper589.jpg,5,Papery,5,Papery,0.9277511,0.91170233,True
waste_type_identification/papery/paper/paper590.jpg,5,Papery,5,Papery,0.8814913,0.8561201,True
waste_type_identification/papery/paper/paper595.jpg,5,Papery,5,Papery,0.8656452,0.8354886,True
waste_type_identification/papery/paper/paper597.jpg,5,Papery,5,Papery,0.88089055,0.85248154,True
waste_type_identification/papery/paper/paper60.jpg,5,Papery,5,Papery,0.89504415,0.87324214,True
waste_type_identification/papery/paper/paper601.jpg,5,Papery,5,Papery,0.87500596,0.84921694,True
waste_type_identification/papery/paper/paper602.jpg,5,Papery,5,Papery,0.92004865,0.89847195,True
waste_type_identification/papery/paper/paper603.jpg,5,Papery,5,Papery,0.88892865,0.865754,True
waste_type_identification/papery/paper/paper609.jpg,5,Papery,5,Papery,0.9209993,0.90686524,True
waste_type_identification/papery/paper/paper611.jpg,5,Papery,5,Papery,0.884593,0.8520388,True
waste_type_identification/papery/paper/paper613.jpg,5,Papery,4,Organic,0.6510971,0.5423501,False
waste_type_identification/papery/paper/paper615.jpg,5,Papery,5,Papery,0.91784906,0.90061176,True
waste_type_identification/papery/paper/paper618.jpg,5,Papery,5,Papery,0.6965306,0.54366446,True
waste_type_identification/papery/paper/paper62.jpg,5,Papery,5,Papery,0.8784164,0.85158926,True
waste_type_identification/papery/paper/paper624.jpg,5,Papery,5,Papery,0.89630497,0.8753528,True
waste_type_identification/papery/paper/paper637.jpg,5,Papery,5,Papery,0.89806396,0.874826,True
waste_type_identification/papery/paper/paper641.jpg,5,Papery,5,Papery,0.8648461,0.83029896,True
waste_type_identification/papery/paper/paper647.jpg,5,Papery,5,Papery,0.8261591,0.77224463,True
waste_type_identification/papery/paper/paper657.jpg,5,Papery,5,Papery,0.8729195,0.8479642,True
waste_type_identification/papery/paper/paper667.jpg,5,Papery,5,Papery,0.90720826,0.88378525,True
waste_type_identification/papery/paper/paper668.jpg,5,Papery,5,Papery,0.8649289,0.8360132,True
waste_type_identification/papery/paper/paper670.jpg,5,Papery,5,Papery,0.9146584,0.8967171,True
waste_type_identification/papery/paper/paper674.jpg,5,Papery,5,Papery,0.8967513,0.8770834,True
waste_type_identification/papery/paper/paper677.jpg,5,Papery,5,Papery,0.91856074,0.901044,True
waste_type_identification/papery/paper/paper678.jpg,5,Papery,5,Papery,0.6258921,0.53896636,True
waste_type_identification/papery/paper/paper681.jpg,5,Papery,5,Papery,0.9107692,0.8917664,True
waste_type_identification/papery/paper/paper683.jpg,5,Papery,5,Papery,0.89974976,0.87684274,True
waste_type_identification/papery/paper/paper685.jpg,5,Papery,5,Papery,0.83742213,0.8039156,True
waste_type_identification/papery/paper/paper688.jpg,5,Papery,5,Papery,0.88504547,0.86260426,True
waste_type_identification/papery/paper/paper689.jpg,5,Papery,5,Papery,0.83789915,0.803051,True
waste_type_identification/papery/paper/paper701.jpg,5,Papery,5,Papery,0.7862413,0.7198334,True
waste_type_identification/papery/paper/paper708.jpg,5,Papery,5,Papery,0.887826,0.86631125,True
waste_type_identification/papery/paper/paper717.jpg,5,Papery,5,Papery,0.8967045,0.87560916,True
waste_type_identification/papery/paper/paper720.jpg,5,Papery,5,Papery,0.74914086,0.61356735,True
waste_type_identification/papery/paper/paper728.jpg,5,Papery,5,Papery,0.879806,0.8469004,True
waste_type_identification/papery/paper/paper732.jpg,5,Papery,5,Papery,0.87895715,0.8565003,True
waste_type_identification/papery/paper/paper733.jpg,5,Papery,5,Papery,0.8810831,0.84793055,True
waste_type_identification/papery/paper/paper744.jpg,5,Papery,5,Papery,0.86853456,0.8460646,True
waste_type_identification/papery/paper/paper751.jpg,5,Papery,5,Papery,0.88609105,0.86289537,True
waste_type_identification/papery/paper/paper754.jpg,5,Papery,5,Papery,0.8815941,0.84573615,True
waste_type_identification/papery/paper/paper756.jpg,5,Papery,5,Papery,0.86360854,0.8385008,True
waste_type_identification/papery/paper/paper761.jpg,5,Papery,5,Papery,0.8787033,0.85320306,True
waste_type_identification/papery/paper/paper768.jpg,5,Papery,5,Papery,0.88984454,0.86614645,True
waste_type_identification/papery/paper/paper772.jpg,5,Papery,5,Papery,0.88961464,0.8607754,True
waste_type_identification/papery/paper/paper788.jpg,5,Papery,5,Papery,0.8589756,0.829646,True
waste_type_identification/papery/paper/paper79.jpg,5,Papery,5,Papery,0.8951878,0.87057287,True
waste_type_identification/papery/paper/paper798.jpg,5,Papery,5,Papery,0.91133076,0.8941241,True
waste_type_identification/papery/paper/paper801.jpg,5,Papery,5,Papery,0.82232904,0.7646194,True
waste_type_identification/papery/paper/paper802.jpg,5,Papery,5,Papery,0.88166106,0.8603364,True
waste_type_identification/papery/paper/paper803.jpg,5,Papery,5,Papery,0.86236197,0.8344538,True
waste_type_identification/papery/paper/paper806.jpg,5,Papery,5,Papery,0.8952626,0.8738341,True
waste_type_identification/papery/paper/paper810.jpg,5,Papery,5,Papery,0.90459347,0.88703537,True
waste_type_identification/papery/paper/paper819.jpg,5,Papery,5,Papery,0.9240126,0.9087504,True
waste_type_identification/papery/paper/paper82.jpg,5,Papery,5,Papery,0.88928807,0.86453795,True
waste_type_identification/papery/paper/paper824.jpg,5,Papery,5,Papery,0.9097887,0.88967013,True
waste_type_identification/papery/paper/paper826.jpg,5,Papery,5,Papery,0.89630336,0.87515825,True
waste_type_identification/papery/paper/paper83.jpg,5,Papery,5,Papery,0.67848694,0.50299,True
waste_type_identification/papery/paper/paper833.jpg,5,Papery,5,Papery,0.87052363,0.8440226,True
waste_type_identification/papery/paper/paper834.jpg,5,Papery,5,Papery,0.8678837,0.83714694,True
waste_type_identification/papery/paper/paper835.jpg,5,Papery,5,Papery,0.9054435,0.88745075,True
waste_type_identification/papery/paper/paper837.jpg,5,Papery,5,Papery,0.70614326,0.6155932,True
waste_type_identification/papery/paper/paper842.jpg,5,Papery,5,Papery,0.38450116,0.10405272,True
waste_type_identification/papery/paper/paper844.jpg,5,Papery,5,Papery,0.6361323,0.5173572,True
waste_type_identification/papery/paper/paper849.jpg,5,Papery,5,Papery,0.8886216,0.8672849,True
waste_type_identification/papery/paper/paper854.jpg,5,Papery,5,Papery,0.88382703,0.8593693,True
waste_type_identification/papery/paper/paper860.jpg,5,Papery,5,Papery,0.92754525,0.9020192,True
waste_type_identification/papery/paper/paper862.jpg,5,Papery,5,Papery,0.9185499,0.89644825,True
waste_type_identification/papery/paper/paper863.jpg,5,Papery,5,Papery,0.8837734,0.855732,True
waste_type_identification/papery/paper/paper865.jpg,5,Papery,5,Papery,0.9193762,0.8941389,True
waste_type_identification/papery/paper/paper876.jpg,5,Papery,5,Papery,0.8784543,0.8562922,True
waste_type_identification/papery/paper/paper877.jpg,5,Papery,5,Papery,0.9081729,0.8893196,True
waste_type_identification/papery/paper/paper887.jpg,5,Papery,5,Papery,0.9066629,0.8840701,True
waste_type_identification/papery/paper/paper889.jpg,5,Papery,5,Papery,0.9143092,0.8836875,True
waste_type_identification/papery/paper/paper89.jpg,5,Papery,5,Papery,0.8882913,0.8621743,True
waste_type_identification/papery/paper/paper900.jpg,5,Papery,5,Papery,0.8571178,0.8302947,True
waste_type_identification/papery/paper/paper906.jpg,5,Papery,3,Metal,0.5945811,0.3808211,False
waste_type_identification/papery/paper/paper912.jpg,5,Papery,5,Papery,0.85754114,0.8273538,True
waste_type_identification/papery/paper/paper923.jpg,5,Papery,5,Papery,0.88265336,0.85986876,True
waste_type_identification/papery/paper/paper927.jpg,5,Papery,5,Papery,0.8917439,0.86669874,True
waste_type_identification/papery/paper/paper928.jpg,5,Papery,5,Papery,0.71700966,0.6534221,True
waste_type_identification/papery/paper/paper941.jpg,5,Papery,1,Clothing,0.5332081,0.24188474,False
waste_type_identification/papery/paper/paper950.jpg,5,Papery,5,Papery,0.90920687,0.8911161,True
waste_type_identification/papery/paper/paper952.jpg,5,Papery,4,Organic,0.8274722,0.7618189,False
waste_type_identification/papery/paper/paper963.jpg,5,Papery,5,Papery,0.9101806,0.89088315,True
waste_type_identification/papery/paper/paper966.jpg,5,Papery,5,Papery,0.9080089,0.8872262,True
waste_type_identification/papery/paper/paper969.jpg,5,Papery,5,Papery,0.866435,0.8368966,True
waste_type_identification/papery/paper/paper971.jpg,5,Papery,5,Papery,0.78570276,0.68262374,True
waste_type_identification/papery/paper/paper973.jpg,5,Papery,5,Papery,0.9045788,0.8866694,True
waste_type_identification/papery/paper/paper981.jpg,5,Papery,5,Papery,0.85182524,0.79611593,True
waste_type_identification/papery/paper/paper997.jpg,5,Papery,5,Papery,0.92492944,0.9098112,True
waste_type_identification/plastic/plastic1.jpg,6,Plastic,6,Plastic,0.92067677,0.9032947,True
waste_type_identification/plastic/plastic106.jpg,6,Plastic,6,Plastic,0.91775286,0.89883226,True
waste_type_identification/plastic/plastic112.jpg,6,Plastic,6,Plastic,0.9207438,0.9029224,True
waste_type_identification/plastic/plastic122.jpg,6,Plastic,6,Plastic,0.94526577,0.9294622,True
waste_type_identification/plastic/plastic127.jpg,6,Plastic,6,Plastic,0.83467734,0.764339,True
waste_type_identification/plastic/plastic14.jpg,6,Plastic,6,Plastic,0.9267506,0.91217756,True
waste_type_identification/plastic/plastic140.jpg,6,Plastic,6,Plastic,0.88031834,0.84184074,True
waste_type_identification/plastic/plastic143.jpg,6,Plastic,6,Plastic,0.95051646,0.9409961,True
waste_type_identification/plastic/plastic144.jpg,6,Plastic,6,Plastic,0.92827606,0.9100211,True
waste_type_identification/plastic/plastic149.jpg,6,Plastic,6,Plastic,0.9179627,0.8999651,True
waste_type_identification/plastic/plastic15.jpg,6,Plastic,6,Plastic,0.9072197,0.88177234,True
waste_type_identification/plastic/plastic151.jpg,6,Plastic,6,Plastic,0.86844707,0.8272267,True
waste_type_identification/plastic/plastic155.jpg,6,Plastic,6,Plastic,0.70899034,0.53375566,True
waste_type_identification/plastic/plastic162.jpg,6,Plastic,6,Plastic,0.91054964,0.8865813,True
waste_type_identification/plastic/plastic167.jpg,6,Plastic,6,Plastic,0.94453317,0.9310199,True
waste_type_identification/plastic/plastic17.jpg,6,Plastic,6,Plastic,0.5541902,0.3116782,True
waste_type_identification/plastic/plastic171.jpg,6,Plastic,6,Plastic,0.91704285,0.88978696,True
waste_type_identification/plastic/plastic176.jpg,6,Plastic,7,Undifferentiated,0.3819879,0.11372641,False
waste_type_identification/plastic/plastic18.jpg,6,Plastic,6,Plastic,0.820657,0.7784639,True
waste_type_identification/plastic/plastic191.jpg,6,Plastic,6,Plastic,0.4739426,0.19929194,True
waste_type_identification/plastic/plastic193.jpg,6,Plastic,6,Plastic,0.7194445,0.62176776,True
waste_type_identification/plastic/plastic194.jpg,6,Plastic,6,Plastic,0.8426874,0.80332196,True
waste_type_identification/plastic/plastic195.jpg,6,Plastic,6,Plastic,0.93812704,0.9237136,True
waste_type_identification/plastic/plastic197.jpg,6,Plastic,6,Plastic,0.85501444,0.82286286,True
waste_type_identification/plastic/plastic202.jpg,6,Plastic,6,Plastic,0.9386743,0.9257182,True
waste_type_identification/plastic/plastic205.jpg,6,Plastic,6,Plastic,0.9524964,0.9403795,True
waste_type_identification/plastic/plastic219.jpg,6,Plastic,6,Plastic,0.94385093,0.9322935,True
waste_type_identification/plastic/plastic225.jpg,6,Plastic,6,Plastic,0.8761963,0.84489703,True
waste_type_identification/plastic/plastic226.jpg,6,Plastic,6,Plastic,0.87079835,0.8274408,True
waste_type_identification/plastic/plastic230.jpg,6,Plastic,6,Plastic,0.9392172,0.92704254,True
waste_type_identification/plastic/plastic235.jpg,6,Plastic,6,Plastic,0.3967372,0.20984705,True
waste_type_identification/plastic/plastic247.jpg,6,Plastic,6,Plastic,0.8779164,0.8358724,True
waste_type_identification/plastic/plastic248.jpg,6,Plastic,6,Plastic,0.91245735,0.8907121,True
waste_type_identification/plastic/plastic253.jpg,6,Plastic,6,Plastic,0.8559334,0.81122994,True
waste_type_identification/plastic/plastic255.jpg,6,Plastic,6,Plastic,0.9277798,0.90910447,True
waste_type_identification/plastic/plastic262.jpg,6,Plastic,6,Plastic,0.8805621,0.85380095,True
waste_type_identification/plastic/plastic275.jpg,6,Plastic,6,Plastic,0.67323923,0.5530316,True
waste_type_identification/plastic/plastic278.jpg,6,Plastic,6,Plastic,0.7145443,0.6165265,True
waste_type_identification/plastic/plastic28.jpg,6,Plastic,6,Plastic,0.9243744,0.9022909,True
waste_type_identification/plastic/plastic280.jpg,6,Plastic,6,Plastic,0.9101645,0.8914432,True
waste_type_identification/plastic/plastic282.jpg,6,Plastic,6,Plastic,0.8460018,0.80798763,True
waste_type_identification/plastic/plastic287.jpg,6,Plastic,6,Plastic,0.96037084,0.95149434,True
waste_type_identification/plastic/plastic288.jpg,6,Plastic,6,Plastic,0.9228631,0.90765697,True
waste_type_identification/plastic/plastic292.jpg,6,Plastic,6,Plastic,0.9187736,0.902445,True
waste_type_identification/plastic/plastic294.jpg,6,Plastic,6,Plastic,0.6312669,0.43224794,True
waste_type_identification/plastic/plastic299.jpg,6,Plastic,6,Plastic,0.9506487,0.93930185,True
waste_type_identification/plastic/plastic302.jpg,6,Plastic,6,Plastic,0.89495546,0.87576413,True
waste_type_identification/plastic/plastic303.jpg,6,Plastic,6,Plastic,0.87367034,0.82709104,True
waste_type_identification/plastic/plastic309.jpg,6,Plastic,6,Plastic,0.9042893,0.8843445,True
waste_type_identification/plastic/plastic316.jpg,6,Plastic,6,Plastic,0.95403993,0.94366425,True
waste_type_identification/plastic/plastic319.jpg,6,Plastic,6,Plastic,0.94216496,0.92704266,True
waste_type_identification/plastic/plastic32.jpg,6,Plastic,6,Plastic,0.94199955,0.92911595,True
waste_type_identification/plastic/plastic33.jpg,6,Plastic,6,Plastic,0.9521717,0.9415765,True
waste_type_identification/plastic/plastic333.jpg,6,Plastic,3,Metal,0.8343676,0.78617424,False
waste_type_identification/plastic/plastic337.jpg,6,Plastic,6,Plastic,0.9286277,0.9115474,True
waste_type_identification/plastic/plastic339.jpg,6,Plastic,5,Papery,0.7831887,0.72167224,False
waste_type_identification/plastic/plastic340.jpg,6,Plastic,6,Plastic,0.90942824,0.88728654,True
waste_type_identification/plastic/plastic343.jpg,6,Plastic,5,Papery,0.34843656,0.06350002,False
waste_type_identification/plastic/plastic344.jpg,6,Plastic,6,Plastic,0.33699694,0.058544546,True
waste_type_identification/plastic/plastic349.jpg,6,Plastic,6,Plastic,0.9284461,0.91228265,True
waste_type_identification/plastic/plastic354.jpg,6,Plastic,6,Plastic,0.9118082,0.88900703,True
waste_type_identification/plastic/plastic36.jpg,6,Plastic,6,Plastic,0.8935497,0.8581821,True
waste_type_identification/plastic/plastic365.jpg,6,Plastic,6,Plastic,0.6865219,0.5168458,True
waste_type_identification/plastic/plastic367.jpg,6,Plastic,6,Plastic,0.7178512,0.6347797,True
waste_type_identification/plastic/plastic37.jpg,6,Plastic,6,Plastic,0.9048614,0.88069963,True
waste_type_identification/plastic/plastic383.jpg,6,Plastic,6,Plastic,0.86030734,0.8352104,True
waste_type_identification/plastic/plastic387.jpg,6,Plastic,6,Plastic,0.9217946,0.89370024,True
waste_type_identification/plastic/plastic388.jpg,6,Plastic,6,Plastic,0.9393329,0.9257407,True
waste_type_identification/plastic/plastic393.jpg,6,Plastic,6,Plastic,0.9097188,0.89294213,True
waste_type_identification/plastic/plastic397.jpg,6,Plastic,6,Plastic,0.924408,0.9059288,True
waste_type_identification/plastic/plastic398.jpg,6,Plastic,6,Plastic,0.81191397,0.73758906,True
waste_type_identification/plastic/plastic4.jpg,6,Plastic,2,Glass,0.3110228,0.15533157,False
waste_type_identification/plastic/plastic400.jpg,6,Plastic,6,Plastic,0.9538186,0.94101906,True
waste_type_identification/plastic/plastic404.jpg,6,Plastic,6,Plastic,0.46688372,0.2548668,True
waste_type_identification/plastic/plastic411.jpg,6,Plastic,6,Plastic,0.9347614,0.9172601,True
waste_type_identification/plastic/plastic412.jpg,6,Plastic,6,Plastic,0.65517265,0.52019185,True
waste_type_identification/plastic/plastic418.jpg,6,Plastic,6,Plastic,0.9039149,0.8820609,True
waste_type_identification/plastic/plastic434.jpg,6,Plastic,6,Plastic,0.80601853,0.7542306,True
waste_type_identification/plastic/plastic443.jpg,6,Plastic,6,Plastic,0.85407305,0.81432796,True
waste_type_identification/plastic/plastic452.jpg,6,Plastic,6,Plastic,0.95323586,0.94375634,True
waste_type_identification/plastic/plastic457.jpg,6,Plastic,6,Plastic,0.77727187,0.7365047,True
waste_type_identification/plastic/plastic458.jpg,6,Plastic,6,Plastic,0.8764943,0.8393338,True
waste_type_identification/plastic/plastic459.jpg,6,Plastic,5,Papery,0.575946,0.43468368,False
waste_type_identification/plastic/plastic461.jpg,6,Plastic,6,Plastic,0.682191,0.47960073,True
waste_type_identification/plastic/plastic472.jpg,6,Plastic,6,Plastic,0.6247943,0.39746183,True
waste_type_identification/plastic/plastic477.jpg,6,Plastic,6,Plastic,0.92673206,0.91162467,True
waste_type_identification/plastic/plastic479.jpg,6,Plastic,2,Glass,0.4724737,0.24643546,False
waste_type_identification/plastic/plastic484.jpg,6,Plastic,5,Papery,0.37283885,0.14427254,False
waste_type_identification/plastic/plastic490.jpg,6,Plastic,6,Plastic,0.6260882,0.3662976,True
waste_type_identification/plastic/plastic497.jpg,6,Plastic,6,Plastic,0.42895263,0.1172193,True
waste_type_identification/plastic/plastic504.jpg,6,Plastic,6,Plastic,0.91745776,0.8926257,True
waste_type_identification/plastic/plastic510.jpg,6,Plastic,6,Plastic,0.9505074,0.9399044,True
waste_type_identification/plastic/plastic514.jpg,6,Plastic,6,Plastic,0.81954265,0.78160393,True
waste_type_identification/plastic/plastic530.jpg,6,Plastic,6,Plastic,0.9551111,0.9463538,True
waste_type_identification/plastic/plastic533.jpg,6,Plastic,6,Plastic,0.43579316,0.16249198,True
waste_type_identification/plastic/plastic547.jpg,6,Plastic,6,Plastic,0.8752401,0.85145694,True
waste_type_identification/plastic/plastic55.jpg,6,Plastic,6,Plastic,0.9296889,0.9156265,True
waste_type_identification/plastic/plastic551.jpg,6,Plastic,6,Plastic,0.9322473,0.9169284,True
waste_type_identification/plastic/plastic552.jpg,6,Plastic,6,Plastic,0.9089516,0.8812224,True
waste_type_identification/plastic/plastic556.jpg,6,Plastic,2,Glass,0.9207308,0.9038645,False
waste_type_identification/plastic/plastic559.jpg,6,Plastic,6,Plastic,0.91637856,0.89730763,True
waste_type_identification/plastic/plastic564.jpg,6,Plastic,6,Plastic,0.72518295,0.606999,True
waste_type_identification/plastic/plastic567.jpg,6,Plastic,6,Plastic,0.9192075,0.90273595,True
waste_type_identification/plastic/plastic575.jpg,6,Plastic,2,Glass,0.54231644,0.34958512,False
waste_type_identification/plastic/plastic576.jpg,6,Plastic,6,Plastic,0.9512863,0.9382192,True
waste_type_identification/plastic/plastic584.jpg,6,Plastic,6,Plastic,0.9298486,0.9115643,True
waste_type_identification/plastic/plastic587.jpg,6,Plastic,6,Plastic,0.9059712,0.88431126,True
waste_type_identification/plastic/plastic589.jpg,6,Plastic,6,Plastic,0.905201,0.88092864,True
waste_type_identification/plastic/plastic597.jpg,6,Plastic,6,Plastic,0.9025372,0.8805362,True
waste_type_identification/plastic/plastic599.jpg,6,Plastic,6,Plastic,0.8938469,0.8673655,True
waste_type_identification/plastic/plastic6.jpg,6,Plastic,2,Glass,0.80874455,0.7576505,False
waste_type_identification/plastic/plastic60.jpg,6,Plastic,6,Plastic,0.8001468,0.7523711,True
waste_type_identification/plastic/plastic616.jpg,6,Plastic,6,Plastic,0.8488729,0.8112688,True
waste_type_identification/plastic/plastic62.jpg,6,Plastic,6,Plastic,0.93204135,0.91389203,True
waste_type_identification/plastic/plastic624.jpg,6,Plastic,6,Plastic,0.88559085,0.847954,True
waste_type_identification/plastic/plastic630.jpg,6,Plastic,6,Plastic,0.824775,0.7481985,True
waste_type_identification/plastic/plastic635.jpg,6,Plastic,6,Plastic,0.89454824,0.87294936,True
waste_type_identification/plastic/plastic646.jpg,6,Plastic,6,Plastic,0.89393705,0.8682667,True
waste_type_identification/plastic/plastic65.jpg,6,Plastic,6,Plastic,0.9283489,0.90956867,True
waste_type_identification/plastic/plastic655.jpg,6,Plastic,6,Plastic,0.63769865,0.5336549,True
waste_type_identification/plastic/plastic661.jpg,6,Plastic,6,Plastic,0.8582806,0.818311,True
waste_type_identification/plastic/plastic662.jpg,6,Plastic,6,Plastic,0.92583096,0.9112151,True
waste_type_identification/plastic/plastic665.jpg,6,Plastic,6,Plastic,0.83826834,0.78536665,True
waste_type_identification/plastic/plastic668.jpg,6,Plastic,6,Plastic,0.7145636,0.5920688,True
waste_type_identification/plastic/plastic67.jpg,6,Plastic,2,Glass,0.83693635,0.7802487,False
waste_type_identification/plastic/plastic671.jpg,6,Plastic,6,Plastic,0.90644294,0.8868026,True
waste_type_identification/plastic/plastic675.jpg,6,Plastic,6,Plastic,0.55155516,0.35635647,True
waste_type_identification/plastic/plastic677.jpg,6,Plastic,2,Glass,0.49865845,0.19863111,False
waste_type_identification/plastic/plastic679.jpg,6,Plastic,6,Plastic,0.9629761,0.9550233,True
waste_type_identification/plastic/plastic681.jpg,6,Plastic,6,Plastic,0.77977216,0.7327655,True
waste_type_identification/plastic/plastic683.jpg,6,Plastic,6,Plastic,0.77025235,0.63566285,True
waste_type_identification/plastic/plastic686.jpg,6,Plastic,7,Undifferentiated,0.46813226,0.13191655,False
waste_type_identification/plastic/plastic698.jpg,6,Plastic,6,Plastic,0.9348305,0.9213878,True
waste_type_identification/plastic/plastic699.jpg,6,Plastic,6,Plastic,0.91567713,0.89326173,True
waste_type_identification/plastic/plastic700.jpg,6,Plastic,6,Plastic,0.87363696,0.84279615,True
waste_type_identification/plastic/plastic707.jpg,6,Plastic,6,Plastic,0.88341343,0.8531236,True
waste_type_identification/plastic/plastic722.jpg,6,Plastic,6,Plastic,0.92560047,0.9014897,True
waste_type_identification/plastic/plastic724.jpg,6,Plastic,6,Plastic,0.9464907,0.9360205,True
waste_type_identification/plastic/plastic726.jpg,6,Plastic,6,Plastic,0.55120754,0.28231457,True
waste_type_identification/plastic/plastic727.jpg,6,Plastic,6,Plastic,0.9353884,0.9214571,True
waste_type_identification/plastic/plastic729.jpg,6,Plastic,6,Plastic,0.9130495,0.897028,True
waste_type_identification/plastic/plastic731.jpg,6,Plastic,6,Plastic,0.94828737,0.9349085,True
waste_type_identification/plastic/plastic733.jpg,6,Plastic,6,Plastic,0.9404326,0.92641765,True
waste_type_identification/plastic/plastic736.jpg,6,Plastic,6,Plastic,0.9370891,0.9252486,True
waste_type_identification/plastic/plastic743.jpg,6,Plastic,6,Plastic,0.5419814,0.2909407,True
waste_type_identification/plastic/plastic744.jpg,6,Plastic,6,Plastic,0.56978464,0.3498408,True
waste_type_identification/plastic/plastic749.jpg,6,Plastic,6,Plastic,0.63445926,0.38615814,True
waste_type_identification/plastic/plastic750.jpg,6,Plastic,6,Plastic,0.5295073,0.42236206,True
waste_type_identification/plastic/plastic755.jpg,6,Plastic,6,Plastic,0.49274772,0.2780918,True
waste_type_identification/plastic/plastic761.jpg,6,Plastic,6,Plastic,0.7160816,0.5421356,True
waste_type_identification/plastic/plastic768.jpg,6,Plastic,6,Plastic,0.8128329,0.75351775,True
waste_type_identification/plastic/plastic773.jpg,6,Plastic,6,Plastic,0.6830642,0.48438558,True
waste_type_identification/plastic/plastic777.jpg,6,Plastic,6,Plastic,0.9080674,0.87425023,True
waste_type_identification/plastic/plastic780.jpg,6,Plastic,6,Plastic,0.93789566,0.9233109,True
waste_type_identification/plastic/plastic784.jpg,6,Plastic,6,Plastic,0.6102226,0.4384156,True
waste_type_identification/plastic/plastic791.jpg,6,Plastic,6,Plastic,0.8834321,0.8526948,True
waste_type_identification/plastic/plastic803.jpg,6,Plastic,6,Plastic,0.8276082,0.76193756,True
waste_type_identification/plastic/plastic816.jpg,6,Plastic,6,Plastic,0.8770045,0.82289356,True
waste_type_identification/plastic/plastic827.jpg,6,Plastic,6,Plastic,0.9225552,0.90594125,True
waste_type_identification/plastic/plastic838.jpg,6,Plastic,2,Glass,0.665377,0.50983095,False
waste_type_identification/plastic/plastic839.jpg,6,Plastic,6,Plastic,0.91283655,0.8869385,True
waste_type_identification/plastic/plastic842.jpg,6,Plastic,6,Plastic,0.8670562,0.82913035,True
waste_type_identification/plastic/plastic843.jpg,6,Plastic,6,Plastic,0.9220371,0.9045265,True
waste_type_identification/plastic/plastic846.jpg,6,Plastic,6,Plastic,0.695349,0.5373398,True
waste_type_identification/plastic/plastic848.jpg,6,Plastic,6,Plastic,0.93153495,0.91277134,True
waste_type_identification/plastic/plastic85.jpg,6,Plastic,6,Plastic,0.8797869,0.8464366,True
waste_type_identification/plastic/plastic850.jpg,6,Plastic,6,Plastic,0.8801939,0.83571804,True
waste_type_identification/plastic/plastic852.jpg,6,Plastic,6,Plastic,0.7558957,0.64989,True
waste_type_identification/plastic/plastic853.jpg,6,Plastic,6,Plastic,0.81147206,0.75490147,True
waste_type_identification/plastic/plastic855.jpg,6,Plastic,6,Plastic,0.936646,0.92170036,True
waste_type_identification/plastic/plastic860.jpg,6,Plastic,6,Plastic,0.8873511,0.853582,True
waste_type_identification/plastic/plastic88.jpg,6,Plastic,6,Plastic,0.86000514,0.81074417,True
waste_type_identification/plastic/plastic98.jpg,6,Plastic,6,Plastic,0.9275028,0.9139246,True
waste_type_identification/undifferentiated/undifferentiated102.jpg,7,Undifferentiated,7,Undifferentiated,0.9207298,0.9005506,True
waste_type_identification/undifferentiated/undifferentiated103.jpg,7,Undifferentiated,7,Undifferentiated,0.91531366,0.8984213,True
waste_type_identification/undifferentiated/undifferentiated111.jpg,7,Undifferentiated,7,Undifferentiated,0.9139649,0.88633555,True
waste_type_identification/undifferentiated/undifferentiated119.jpg,7,Undifferentiated,7,Undifferentiated,0.9271031,0.91246647,True
waste_type_identification/undifferentiated/undifferentiated130.jpg,7,Undifferentiated,7,Undifferentiated,0.9397161,0.92246807,True
waste_type_identification/undifferentiated/undifferentiated132.jpg,7,Undifferentiated,7,Undifferentiated,0.9351719,0.91667867,True
waste_type_identification/undifferentiated/undifferentiated134.jpg,7,Undifferentiated,7,Undifferentiated,0.9404074,0.9285645,True
waste_type_identification/undifferentiated/undifferentiated137.jpg,7,Undifferentiated,7,Undifferentiated,0.9531481,0.9422442,True
waste_type_identification/undifferentiated/undifferentiated138.jpg,7,Undifferentiated,7,Undifferentiated,0.9045227,0.8746045,True
waste_type_identification/undifferentiated/undifferentiated151.jpg,7,Undifferentiated,7,Undifferentiated,0.93881816,0.91835064,True
waste_type_identification/undifferentiated/undifferentiated16.jpg,7,Undifferentiated,7,Undifferentiated,0.86336124,0.794253,True
waste_type_identification/undifferentiated/undifferentiated160.jpg,7,Undifferentiated,7,Undifferentiated,0.9198607,0.9024861,True
waste_type_identification/undifferentiated/undifferentiated164.jpg,7,Undifferentiated,7,Undifferentiated,0.9580197,0.9493059,True
waste_type_identification/undifferentiated/undifferentiated171.jpg,7,Undifferentiated,7,Undifferentiated,0.93080115,0.91182554,True
waste_type_identification/undifferentiated/undifferentiated177.jpg,7,Undifferentiated,7,Undifferentiated,0.90490353,0.8731418,True
waste_type_identification/undifferentiated/undifferentiated180.jpg,7,Undifferentiated,7,Undifferentiated,0.9568126,0.9449392,True
waste_type_identification/undifferentiated/undifferentiated181.jpg,7,Undifferentiated,7,Undifferentiated,0.9067699,0.8839274,True
waste_type_identification/undifferentiated/undifferentiated185.jpg,7,Undifferentiated,7,Undifferentiated,0.94207746,0.9252041,True
waste_type_identification/undifferentiated/undifferentiated188.jpg,7,Undifferentiated,7,Undifferentiated,0.89016575,0.8586624,True
waste_type_identification/undifferentiated/undifferentiated197.jpg,7,Undifferentiated,7,Undifferentiated,0.93007016,0.914474,True
waste_type_identification/undifferentiated/undifferentiated199.jpg,7,Undifferentiated,7,Undifferentiated,0.9225289,0.90571606,True
waste_type_identification/undifferentiated/undifferentiated201.jpg,7,Undifferentiated,7,Undifferentiated,0.9522506,0.9420581,True
waste_type_identification/undifferentiated/undifferentiated209.jpg,7,Undifferentiated,7,Undifferentiated,0.89279944,0.8587322,True
waste_type_identification/undifferentiated/undifferentiated220.jpg,7,Undifferentiated,7,Undifferentiated,0.9574522,0.94745773,True
waste_type_identification/undifferentiated/undifferentiated226.jpg,7,Undifferentiated,7,Undifferentiated,0.908804,0.89227545,True
waste_type_identification/undifferentiated/undifferentiated23.jpg,7,Undifferentiated,7,Undifferentiated,0.9439743,0.93334,True
waste_type_identification/undifferentiated/undifferentiated230.jpg,7,Undifferentiated,7,Undifferentiated,0.94961613,0.93771935,True
waste_type_identification/undifferentiated/undifferentiated232.jpg,7,Undifferentiated,7,Undifferentiated,0.951562,0.93660975,True
waste_type_identification/undifferentiated/undifferentiated235.jpg,7,Undifferentiated,7,Undifferentiated,0.93966097,0.9283897,True
waste_type_identification/undifferentiated/undifferentiated236.jpg,7,Undifferentiated,7,Undifferentiated,0.91308,0.89246064,True
waste_type_identification/undifferentiated/undifferentiated237.jpg,7,Undifferentiated,7,Undifferentiated,0.9079303,0.89018214,True
waste_type_identification/undifferentiated/undifferentiated239.jpg,7,Undifferentiated,7,Undifferentiated,0.9327883,0.919876,True
waste_type_identification/undifferentiated/undifferentiated24.jpg,7,Undifferentiated,7,Undifferentiated,0.92193353,0.9027185,True
waste_type_identification/undifferentiated/undifferentiated244.jpg,7,Undifferentiated,7,Undifferentiated,0.94699514,0.9346897,True
waste_type_identification/undifferentiated/undifferentiated249.jpg,7,Undifferentiated,7,Undifferentiated,0.9360868,0.9224693,True
waste_type_identification/undifferentiated/undifferentiated25.jpg,7,Undifferentiated,7,Undifferentiated,0.9306959,0.9150021,True
waste_type_identification/undifferentiated/undifferentiated250.jpg,7,Undifferentiated,7,Undifferentiated,0.9388782,0.924991,True
waste_type_identification/undifferentiated/undifferentiated256.jpg,7,Undifferentiated,7,Undifferentiated,0.9517266,0.94134337,True
waste_type_identification/undifferentiated/undifferentiated265.jpg,7,Undifferentiated,7,Undifferentiated,0.65232915,0.51371443,True
waste_type_identification/undifferentiated/undifferentiated266.jpg,7,Undifferentiated,7,Undifferentiated,0.74130964,0.61529833,True
waste_type_identification/undifferentiated/undifferentiated270.jpg,7,Undifferentiated,7,Undifferentiated,0.9486659,0.9374818,True
waste_type_identification/undifferentiated/undifferentiated272.jpg,7,Undifferentiated,7,Undifferentiated,0.9262161,0.91206235,True
waste_type_identification/undifferentiated/undifferentiated273.jpg,7,Undifferentiated,7,Undifferentiated,0.93473667,0.91891545,True
waste_type_identification/undifferentiated/undifferentiated28.jpg,7,Undifferentiated,7,Undifferentiated,0.95139825,0.9387975,True
waste_type_identification/undifferentiated/undifferentiated280.jpg,7,Undifferentiated,7,Undifferentiated,0.94316185,0.9293908,True
waste_type_identification/undifferentiated/undifferentiated282.jpg,7,Undifferentiated,7,Undifferentiated,0.923592,0.9038937,True
waste_type_identification/undifferentiated/undifferentiated290.jpg,7,Undifferentiated,7,Undifferentiated,0.9280187,0.91462487,True
waste_type_identification/undifferentiated/undifferentiated291.jpg,7,Undifferentiated,7,Undifferentiated,0.91361594,0.8940764,True
waste_type_identification/undifferentiated/undifferentiated30.jpg,7,Undifferentiated,7,Undifferentiated,0.9015365,0.8725541,True
waste_type_identification/undifferentiated/undifferentiated301.jpg,7,Undifferentiated,7,Undifferentiated,0.93542635,0.9231656,True
waste_type_identification/undifferentiated/undifferentiated303.jpg,7,Undifferentiated,7,Undifferentiated,0.94392896,0.932503,True
waste_type_identification/undifferentiated/undifferentiated305.jpg,7,Undifferentiated,7,Undifferentiated,0.9376524,0.9247642,True
waste_type_identification/undifferentiated/undifferentiated306.jpg,7,Undifferentiated,7,Undifferentiated,0.91615695,0.9005569,True
waste_type_identification/undifferentiated/undifferentiated315.jpg,7,Undifferentiated,7,Undifferentiated,0.938899,0.92611593,True
waste_type_identification/undifferentiated/undifferentiated318.jpg,7,Undifferentiated,7,Undifferentiated,0.8365434,0.79940397,True
waste_type_identification/undifferentiated/undifferentiated331.jpg,7,Undifferentiated,7,Undifferentiated,0.93617517,0.9184824,True
waste_type_identification/undifferentiated/undifferentiated334.jpg,7,Undifferentiated,7,Undifferentiated,0.94307566,0.9322836,True
waste_type_identification/undifferentiated/undifferentiated338.jpg,7,Undifferentiated,7,Undifferentiated,0.9282924,0.91495436,True
waste_type_identification/undifferentiated/undifferentiated342.jpg,7,Undifferentiated,7,Undifferentiated,0.8771402,0.827999,True
waste_type_identification/undifferentiated/undifferentiated350.jpg,7,Undifferentiated,7,Undifferentiated,0.9392717,0.9276215,True
waste_type_identification/undifferentiated/undifferentiated36.jpg,7,Undifferentiated,7,Undifferentiated,0.9284749,0.89527816,True
waste_type_identification/undifferentiated/undifferentiated363.jpg,7,Undifferentiated,7,Undifferentiated,0.9085719,0.88994324,True
waste_type_identification/undifferentiated/undifferentiated370.jpg,7,Undifferentiated,7,Undifferentiated,0.8967965,0.8740744,True
waste_type_identification/undifferentiated/undifferentiated371.jpg,7,Undifferentiated,7,Undifferentiated,0.9240906,0.91002864,True
waste_type_identification/undifferentiated/undifferentiated378.jpg,7,Undifferentiated,7,Undifferentiated,0.9049381,0.87603235,True
waste_type_identification/undifferentiated/undifferentiated38.jpg,7,Undifferentiated,7,Undifferentiated,0.9231227,0.900892,True
waste_type_identification/undifferentiated/undifferentiated399.jpg,7,Undifferentiated,7,Undifferentiated,0.9350611,0.9165537,True
waste_type_identification/undifferentiated/undifferentiated400.jpg,7,Undifferentiated,7,Undifferentiated,0.9390839,0.92642957,True
waste_type_identification/undifferentiated/undifferentiated403.jpg,7,Undifferentiated,7,Undifferentiated,0.9579144,0.9484754,True
waste_type_identification/undifferentiated/undifferentiated409.jpg,7,Undifferentiated,7,Undifferentiated,0.935227,0.92058164,True
waste_type_identification/undifferentiated/undifferentiated41.jpg,7,Undifferentiated,7,Undifferentiated,0.95910645,0.94984925,True
waste_type_identification/undifferentiated/undifferentiated413.jpg,7,Undifferentiated,7,Undifferentiated,0.9277299,0.91113955,True
waste_type_identification/undifferentiated/undifferentiated414.jpg,7,Undifferentiated,7,Undifferentiated,0.9635814,0.954297,True
waste_type_identification/undifferentiated/undifferentiated417.jpg,7,Undifferentiated,7,Undifferentiated,0.93589276,0.9121791,True
waste_type_identification/undifferentiated/undifferentiated421.jpg,7,Undifferentiated,7,Undifferentiated,0.9207301,0.9013289,True
waste_type_identification/undifferentiated/undifferentiated43.jpg,7,Undifferentiated,7,Undifferentiated,0.94182515,0.9311139,True
waste_type_identification/undifferentiated/undifferentiated435.jpg,7,Undifferentiated,7,Undifferentiated,0.92016524,0.90238506,True
waste_type_identification/undifferentiated/undifferentiated437.jpg,7,Undifferentiated,7,Undifferentiated,0.89957714,0.86932665,True
waste_type_identification/undifferentiated/undifferentiated45.jpg,7,Undifferentiated,7,Undifferentiated,0.9283305,0.91376835,True
waste_type_identification/undifferentiated/undifferentiated455.jpg,7,Undifferentiated,7,Undifferentiated,0.91389376,0.8851371,True
waste_type_identification/undifferentiated/undifferentiated459.jpg,7,Undifferentiated,7,Undifferentiated,0.42672083,0.08880013,True
waste_type_identification/undifferentiated/undifferentiated460.jpg,7,Undifferentiated,7,Undifferentiated,0.44951853,0.27568734,True
waste_type_identification/undifferentiated/undifferentiated470.jpg,7,Undifferentiated,7,Undifferentiated,0.94802934,0.9352204,True
waste_type_identification/undifferentiated/undifferentiated476.jpg,7,Undifferentiated,7,Undifferentiated,0.92136246,0.9040169,True
waste_type_identification/undifferentiated/undifferentiated48.jpg,7,Undifferentiated,7,Undifferentiated,0.92489064,0.9064921,True
waste_type_identification/undifferentiated/undifferentiated486.jpg,7,Undifferentiated,7,Undifferentiated,0.93379694,0.9197435,True
waste_type_identification/undifferentiated/undifferentiated488.jpg,7,Undifferentiated,7,Undifferentiated,0.9161603,0.90082794,True
waste_type_identification/undifferentiated/undifferentiated490.jpg,7,Undifferentiated,7,Undifferentiated,0.91677344,0.8983321,True
waste_type_identification/undifferentiated/undifferentiated494.jpg,7,Undifferentiated,7,Undifferentiated,0.5251754,0.24793142,True
waste_type_identification/undifferentiated/undifferentiated498.jpg,7,Undifferentiated,7,Undifferentiated,0.9331406,0.918312,True
waste_type_identification/undifferentiated/undifferentiated513.jpg,7,Undifferentiated,7,Undifferentiated,0.9165856,0.8963968,True
waste_type_identification/undifferentiated/undifferentiated518.jpg,7,Undifferentiated,7,Undifferentiated,0.87976617,0.8453904,True
waste_type_identification/undifferentiated/undifferentiated524.jpg,7,Undifferentiated,7,Undifferentiated,0.9217835,0.90558094,True
waste_type_identification/undifferentiated/undifferentiated531.jpg,7,Undifferentiated,7,Undifferentiated,0.9192583,0.904127,True
waste_type_identification/undifferentiated/undifferentiated541.jpg,7,Undifferentiated,7,Undifferentiated,0.92605245,0.91176844,True
waste_type_identification/undifferentiated/undifferentiated543.jpg,7,Undifferentiated,7,Undifferentiated,0.95443994,0.9426912,True
waste_type_identification/undifferentiated/undifferentiated549.jpg,7,Undifferentiated,7,Undifferentiated,0.95354,0.94335455,True
waste_type_identification/undifferentiated/undifferentiated552.jpg,7,Undifferentiated,7,Undifferentiated,0.9150381,0.896995,True
waste_type_identification/undifferentiated/undifferentiated555.jpg,7,Undifferentiated,7,Undifferentiated,0.9299659,0.9139957,True
waste_type_identification/undifferentiated/undifferentiated558.jpg,7,Undifferentiated,7,Undifferentiated,0.93318653,0.91770345,True
waste_type_identification/undifferentiated/undifferentiated564.jpg,7,Undifferentiated,7,Undifferentiated,0.8954311,0.8695938,True
waste_type_identification/undifferentiated/undifferentiated566.jpg,7,Undifferentiated,7,Undifferentiated,0.9552597,0.9457559,True
waste_type_identification/undifferentiated/undifferentiated569.jpg,7,Undifferentiated,7,Undifferentiated,0.9291241,0.9143593,True
waste_type_identification/undifferentiated/undifferentiated570.jpg,7,Undifferentiated,7,Undifferentiated,0.4694727,0.2913474,True
waste_type_identification/undifferentiated/undifferentiated572.jpg,7,Undifferentiated,7,Undifferentiated,0.9365889,0.92414236,True
waste_type_identification/undifferentiated/undifferentiated577.jpg,7,Undifferentiated,7,Undifferentiated,0.9029783,0.88318807,True
waste_type_identification/undifferentiated/undifferentiated578.jpg,7,Undifferentiated,7,Undifferentiated,0.9302523,0.91285145,True
waste_type_identification/undifferentiated/undifferentiated579.jpg,7,Undifferentiated,7,Undifferentiated,0.8963227,0.8755325,True
waste_type_identification/undifferentiated/undifferentiated582.jpg,7,Undifferentiated,7,Undifferentiated,0.95289725,0.94318336,True
waste_type_identification/undifferentiated/undifferentiated583.jpg,7,Undifferentiated,7,Undifferentiated,0.9423014,0.9312577,True
waste_type_identification/undifferentiated/undifferentiated585.jpg,7,Undifferentiated,7,Undifferentiated,0.8993555,0.87170404,True
waste_type_identification/undifferentiated/undifferentiated594.jpg,7,Undifferentiated,7,Undifferentiated,0.9203543,0.90218234,True
waste_type_identification/undifferentiated/undifferentiated598.jpg,7,Undifferentiated,7,Undifferentiated,0.8870601,0.86530626,True
waste_type_identification/undifferentiated/undifferentiated60.jpg,7,Undifferentiated,7,Undifferentiated,0.94914436,0.9367868,True
waste_type_identification/undifferentiated/undifferentiated601.jpg,7,Undifferentiated,7,Undifferentiated,0.9537646,0.9440735,True
waste_type_identification/undifferentiated/undifferentiated604.jpg,7,Undifferentiated,0,Battery,0.5937968,0.4534188,False
waste_type_identification/undifferentiated/undifferentiated608.jpg,7,Undifferentiated,7,Undifferentiated,0.93684316,0.92437816,True
waste_type_identification/undifferentiated/undifferentiated620.jpg,7,Undifferentiated,7,Undifferentiated,0.93625426,0.9229399,True
waste_type_identification/undifferentiated/undifferentiated624.jpg,7,Undifferentiated,7,Undifferentiated,0.92434514,0.9082626,True
waste_type_identification/undifferentiated/undifferentiated626.jpg,7,Undifferentiated,7,Undifferentiated,0.9244297,0.9081472,True
waste_type_identification/undifferentiated/undifferentiated637.jpg,7,Undifferentiated,7,Undifferentiated,0.91754097,0.9003695,True
waste_type_identification/undifferentiated/undifferentiated647.jpg,7,Undifferentiated,7,Undifferentiated,0.82785594,0.7841318,True
waste_type_identification/undifferentiated/undifferentiated652.jpg,7,Undifferentiated,7,Undifferentiated,0.9256567,0.90938914,True
waste_type_identification/undifferentiated/undifferentiated657.jpg,7,Undifferentiated,7,Undifferentiated,0.9224297,0.90087897,True
waste_type_identification/undifferentiated/undifferentiated658.jpg,7,Undifferentiated,7,Undifferentiated,0.9287869,0.91161984,True
waste_type_identification/undifferentiated/undifferentiated662.jpg,7,Undifferentiated,7,Undifferentiated,0.9333938,0.9200527,True
waste_type_identification/undifferentiated/undifferentiated671.jpg,7,Undifferentiated,7,Undifferentiated,0.53304684,0.37415606,True
waste_type_identification/undifferentiated/undifferentiated673.jpg,7,Undifferentiated,7,Undifferentiated,0.8964701,0.87223595,True
waste_type_identification/undifferentiated/undifferentiated680.jpg,7,Undifferentiated,7,Undifferentiated,0.95726764,0.9483303,True
waste_type_identification/undifferentiated/undifferentiated684.jpg,7,Undifferentiated,7,Undifferentiated,0.95444906,0.943417,True
waste_type_identification/undifferentiated/undifferentiated687.jpg,7,Undifferentiated,7,Undifferentiated,0.3077384,0.06727119,True
waste_type_identification/undifferentiated/undifferentiated690.jpg,7,Undifferentiated,7,Undifferentiated,0.935065,0.9190026,True
waste_type_identification/undifferentiated/undifferentiated691.jpg,7,Undifferentiated,7,Undifferentiated,0.8084669,0.7189474,True
waste_type_identification/undifferentiated/undifferentiated692.jpg,7,Undifferentiated,7,Undifferentiated,0.87439305,0.83352965,True
waste_type_identification/undifferentiated/undifferentiated696.jpg,7,Undifferentiated,7,Undifferentiated,0.89904696,0.87837553,True
waste_type_identification/undifferentiated/undifferentiated70.jpg,7,Undifferentiated,7,Undifferentiated,0.9024011,0.8796448,True
waste_type_identification/undifferentiated/undifferentiated81.jpg,7,Undifferentiated,7,Undifferentiated,0.9525425,0.94130707,True
waste_type_identification/undifferentiated/undifferentiated84.jpg,7,Undifferentiated,7,Undifferentiated,0.94511485,0.93358207,True
waste_type_identification/undifferentiated/undifferentiated97.jpg,7,Undifferentiated,7,Undifferentiated,0.9405098,0.92723846,True
