relative_path,true_label,true_class,pred_label,pred_class,confidence,top2_margin,correct
waste_type_identification/battery/battery10.jpg,0,Battery,0,Battery,0.92459345,0.9102979,True
waste_type_identification/battery/battery102.jpg,0,Battery,0,Battery,0.9172566,0.9014005,True
waste_type_identification/battery/battery110.jpg,0,Battery,0,Battery,0.93947965,0.9269855,True
waste_type_identification/battery/battery111.jpg,0,Battery,0,Battery,0.926853,0.9120354,True
waste_type_identification/battery/battery117.jpg,0,Battery,0,Battery,0.9444595,0.93368,True
waste_type_identification/battery/battery118.jpg,0,Battery,0,Battery,0.9654226,0.9575201,True
waste_type_identification/battery/battery123.jpg,0,Battery,0,Battery,0.93381774,0.91859025,True
waste_type_identification/battery/battery128.jpg,0,Battery,0,Battery,0.94809693,0.93793607,True
waste_type_identification/battery/battery13.jpg,0,Battery,0,Battery,0.8502889,0.80670273,True
waste_type_identification/battery/battery130.jpg,0,Battery,2,Glass,0.6541581,0.48636752,False
waste_type_identification/battery/battery135.jpg,0,Battery,0,Battery,0.8780165,0.838086,True
waste_type_identification/battery/battery141.jpg,0,Battery,0,Battery,0.9413415,0.928253,True
waste_type_identification/battery/battery146.jpg,0,Battery,0,Battery,0.9231727,0.905981,True
waste_type_identification/battery/battery151.jpg,0,Battery,0,Battery,0.9145396,0.89126414,True
waste_type_identification/battery/battery155.jpg,0,Battery,0,Battery,0.8628843,0.82247037,True
waste_type_identification/battery/battery157.jpg,0,Battery,0,Battery,0.945719,0.9345755,True
waste_type_identification/battery/battery163.jpg,0,Battery,0,Battery,0.56609344,0.3644821,True
waste_type_identification/battery/battery171.jpg,0,Battery,0,Battery,0.94245976,0.92884815,True
waste_type_identification/battery/battery176.jpg,0,Battery,0,Battery,0.91610724,0.89739394,True
waste_type_identification/battery/battery178.jpg,0,Battery,0,Battery,0.88593876,0.8546753,True
waste_type_identification/battery/battery181.jpg,0,Battery,0,Battery,0.90649825,0.88190705,True
waste_type_identification/battery/battery185.jpg,0,Battery,0,Battery,0.9386171,0.9230377,True
waste_type_identification/battery/battery188.jpg,0,Battery,0,Battery,0.949924,0.93663645,True
waste_type_identification/battery/battery189.jpg,0,Battery,0,Battery,0.8393372,0.78248155,True
waste_type_identification/battery/battery191.jpg,0,Battery,0,Battery,0.9092963,0.88356143,True
waste_type_identification/battery/battery194.jpg,0,Battery,0,Battery,0.52890277,0.24893293,True
waste_type_identification/battery/battery195.jpg,0,Battery,0,Battery,0.9187227,0.9009955,True
waste_type_identification/battery/battery208.jpg,0,Battery,0,Battery,0.93112093,0.9159016,True
waste_type_identification/battery/battery214.jpg,0,Battery,0,Battery,0.93558514,0.9151607,True
waste_type_identification/battery/battery216.jpg,0,Battery,0,Battery,0.9362806,0.9208451,True
waste_type_identification/battery/battery22.jpg,0,Battery,0,Battery,0.89424086,0.8658077,True
waste_type_identification/battery/battery223.jpg,0,Battery,0,Battery,0.9221257,0.8987935,True
waste_type_identification/battery/battery24.jpg,0,Battery,0,Battery,0.6092394,0.40765405,True
waste_type_identification/battery/battery242.jpg,0,Battery,0,Battery,0.86158425,0.8352954,True
waste_type_identification/battery/battery243.jpg,0,Battery,5,Papery,0.68858415,0.5355795,False
waste_type_identification/battery/battery244.jpg,0,Battery,0,Battery,0.9365045,0.9247591,True
waste_type_identification/battery/battery249.jpg,0,Battery,0,Battery,0.9358161,0.92048657,True
waste_type_identification/battery/battery252.jpg,0,Battery,0,Battery,0.9534402,0.943526,True
waste_type_identification/battery/battery268.jpg,0,Battery,0,Battery,0.89271027,0.87438023,True
waste_type_identification/battery/battery27.jpg,0,Battery,0,Battery,0.87909985,0.8406546,True
waste_type_identification/battery/battery271.jpg,0,Battery,0,Battery,0.9414717,0.9299117,True
waste_type_identification/battery/battery28.jpg,0,Battery,0,Battery,0.8477507,0.78344184,True
waste_type_identification/battery/battery280.jpg,0,Battery,0,Battery,0.9297895,0.91637594,True
waste_type_identification/battery/battery284.jpg,0,Battery,0,Battery,0.90592587,0.8871905,True
waste_type_identification/battery/battery285.jpg,0,Battery,0,Battery,0.9451925,0.934221,True
waste_type_identification/battery/battery292.jpg,0,Battery,0,Battery,0.90206933,0.8835336,True
waste_type_identification/battery/battery294.jpg,0,Battery,0,Battery,0.95302665,0.9437628,True
waste_type_identification/battery/battery295.jpg,0,Battery,0,Battery,0.92622125,0.91155136,True
waste_type_identification/battery/battery306.jpg,0,Battery,0,Battery,0.9355472,0.9231141,True
waste_type_identification/battery/battery315.jpg,0,Battery,0,Battery,0.94060946,0.92790675,True
waste_type_identification/battery/battery316.jpg,0,Battery,0,Battery,0.9413074,0.9289176,True
waste_type_identification/battery/battery317.jpg,0,Battery,0,Battery,0.95856816,0.9492971,True
waste_type_identification/battery/battery318.jpg,0,Battery,0,Battery,0.9514328,0.94157517,True
waste_type_identification/battery/battery325.jpg,0,Battery,0,Battery,0.9324765,0.9177691,True
waste_type_identification/battery/battery326.jpg,0,Battery,0,Battery,0.94417447,0.93253964,True
waste_type_identification/battery/battery341.jpg,0,Battery,0,Battery,0.9441336,0.93336093,True
waste_type_identification/battery/battery342.jpg,0,Battery,0,Battery,0.9266943,0.91046727,True
waste_type_identification/battery/battery345.jpg,0,Battery,0,Battery,0.8829307,0.85405815,True
waste_type_identification/battery/battery348.jpg,0,Battery,0,Battery,0.9158134,0.8982026,True
waste_type_identification/battery/battery359.jpg,0,Battery,0,Battery,0.91389734,0.89492035,True
waste_type_identification/battery/battery365.jpg,0,Battery,0,Battery,0.92205083,0.9061813,True
waste_type_identification/battery/battery377.jpg,0,Battery,0,Battery,0.92781365,0.90880156,True
waste_type_identification/battery/battery381.jpg,0,Battery,0,Battery,0.9434712,0.9313293,True
waste_type_identification/battery/battery383.jpg,0,Battery,0,Battery,0.93299186,0.91910017,True
waste_type_identification/battery/battery397.jpg,0,Battery,0,Battery,0.94649017,0.93460053,True
waste_type_identification/battery/battery402.jpg,0,Battery,0,Battery,0.8982654,0.87869626,True
waste_type_identification/battery/battery404.jpg,0,Battery,0,Battery,0.92829734,0.9143404,True
waste_type_identification/battery/battery408.jpg,0,Battery,0,Battery,0.92346436,0.9071432,True
waste_type_identification/battery/battery41.jpg,0,Battery,0,Battery,0.9194695,0.89831984,True
waste_type_identification/battery/battery429.jpg,0,Battery,0,Battery,0.9298174,0.9156614,True
waste_type_identification/battery/battery434.jpg,0,Battery,0,Battery,0.93777424,0.9252067,True
waste_type_identification/battery/battery44.jpg,0,Battery,0,Battery,0.850001,0.8052066,True
waste_type_identification/battery/battery440.jpg,0,Battery,0,Battery,0.9101806,0.8917338,True
waste_type_identification/battery/battery446.jpg,0,Battery,0,Battery,0.9208208,0.9060393,True
waste_type_identification/battery/battery448.jpg,0,Battery,0,Battery,0.8856707,0.8592867,True
waste_type_identification/battery/battery45.jpg,0,Battery,0,Battery,0.8718147,0.83157504,True
waste_type_identification/battery/battery451.jpg,0,Battery,0,Battery,0.9182367,0.89969814,True
waste_type_identification/battery/battery452.jpg,0,Battery,0,Battery,0.95002395,0.9404241,True
waste_type_identification/battery/battery457.jpg,0,Battery,0,Battery,0.9278387,0.91016656,True
waste_type_identification/battery/battery460.jpg,0,Battery,0,Battery,0.9327973,0.9184032,True
waste_type_identification/battery/battery465.jpg,0,Battery,0,Battery,0.94636756,0.9349989,True
waste_type_identification/battery/battery471.jpg,0,Battery,0,Battery,0.9229747,0.9076923,True
waste_type_identification/battery/battery476.jpg,0,Battery,0,Battery,0.9154836,0.89909,True
waste_type_identification/battery/battery484.jpg,0,Battery,0,Battery,0.9300579,0.9153015,True
waste_type_identification/battery/battery491.jpg,0,Battery,0,Battery,0.939675,0.92649907,True
waste_type_identification/battery/battery508.jpg,0,Battery,0,Battery,0.92177045,0.90190303,True
waste_type_identification/battery/battery509.jpg,0,Battery,0,Battery,0.93997693,0.92882776,True
waste_type_identification/battery/battery511.jpg,0,Battery,0,Battery,0.92678744,0.9134891,True
waste_type_identification/battery/battery512.jpg,0,Battery,0,Battery,0.9383308,0.9216869,True
waste_type_identification/battery/battery513.jpg,0,Battery,0,Battery,0.9379712,0.92508596,True
waste_type_identification/battery/battery514.jpg,0,Battery,0,Battery,0.9209472,0.905339,True
waste_type_identification/battery/battery519.jpg,0,Battery,0,Battery,0.91057456,0.8925476,True
waste_type_identification/battery/battery523.jpg,0,Battery,0,Battery,0.94357795,0.9324108,True
waste_type_identification/battery/battery526.jpg,0,Battery,0,Battery,0.94005245,0.9280995,True
waste_type_identification/battery/battery527.jpg,0,Battery,0,Battery,0.93024564,0.916268,True
waste_type_identification/battery/battery528.jpg,0,Battery,0,Battery,0.9411447,0.93022,True
waste_type_identification/battery/battery535.jpg,0,Battery,0,Battery,0.9302421,0.9149462,True
waste_type_identification/battery/battery54.jpg,0,Battery,0,Battery,0.92396986,0.9078428,True
waste_type_identification/battery/battery541.jpg,0,Battery,0,Battery,0.9101375,0.89287543,True
waste_type_identification/battery/battery542.jpg,0,Battery,0,Battery,0.73531246,0.6274079,True
waste_type_identification/battery/battery548.jpg,0,Battery,0,Battery,0.922257,0.90526396,True
waste_type_identification/battery/battery551.jpg,0,Battery,0,Battery,0.9254378,0.9121518,True
waste_type_identification/battery/battery553.jpg,0,Battery,0,Battery,0.8929308,0.8591627,True
waste_type_identification/battery/battery557.jpg,0,Battery,0,Battery,0.95138305,0.9420872,True
waste_type_identification/battery/battery559.jpg,0,Battery,0,Battery,0.8747123,0.8498215,True
waste_type_identification/battery/battery568.jpg,0,Battery,0,Battery,0.94076145,0.92808384,True
waste_type_identification/battery/battery571.jpg,0,Battery,0,Battery,0.96954834,0.96317524,True
waste_type_identification/battery/battery586.jpg,0,Battery,0,Battery,0.9373069,0.9244684,True
waste_type_identification/battery/battery591.jpg,0,Battery,0,Battery,0.93264073,0.92018485,True
waste_type_identification/battery/battery598.jpg,0,Battery,0,Battery,0.93535733,0.92220294,True
waste_type_identification/battery/battery6.jpg,0,Battery,0,Battery,0.69315106,0.58554983,True
waste_type_identification/battery/battery60.jpg,0,Battery,0,Battery,0.92528653,0.90491533,True
waste_type_identification/battery/battery603.jpg,0,Battery,0,Battery,0.9241276,0.90498865,True
waste_type_identification/battery/battery604.jpg,0,Battery,0,Battery,0.9359739,0.9211454,True
waste_type_identification/battery/battery605.jpg,0,Battery,0,Battery,0.85035497,0.8016124,True
waste_type_identification/battery/battery606.jpg,0,Battery,0,Battery,0.93836564,0.9268414,True
waste_type_identification/battery/battery607.jpg,0,Battery,0,Battery,0.94641477,0.935119,True
waste_type_identification/battery/battery608.jpg,0,Battery,0,Battery,0.9124174,0.8969886,True
waste_type_identification/battery/battery609.jpg,0,Battery,0,Battery,0.94207966,0.92856884,True
waste_type_identification/battery/battery615.jpg,0,Battery,0,Battery,0.9225951,0.90872043,True
waste_type_identification/battery/battery616.jpg,0,Battery,0,Battery,0.92777944,0.91249615,True
waste_type_identification/battery/battery619.jpg,0,Battery,0,Battery,0.8079469,0.71484035,True
waste_type_identification/battery/battery632.jpg,0,Battery,0,Battery,0.9291708,0.91534233,True
waste_type_identification/battery/battery64.jpg,0,Battery,0,Battery,0.62340736,0.541963,True
waste_type_identification/battery/battery650.jpg,0,Battery,0,Battery,0.89378154,0.87327546,True
waste_type_identification/battery/battery652.jpg,0,Battery,0,Battery,0.9327684,0.9207206,True
waste_type_identification/battery/battery678.jpg,0,Battery,0,Battery,0.93692845,0.92350405,True
waste_type_identification/battery/battery681.jpg,0,Battery,0,Battery,0.9041165,0.88308483,True
waste_type_identification/battery/battery682.jpg,0,Battery,0,Battery,0.66117346,0.48806974,True
waste_type_identification/battery/battery689.jpg,0,Battery,0,Battery,0.90627426,0.8842831,True
waste_type_identification/battery/battery695.jpg,0,Battery,0,Battery,0.932419,0.9187816,True
waste_type_identification/battery/battery697.jpg,0,Battery,0,Battery,0.9176056,0.9026742,True
waste_type_identification/battery/battery706.jpg,0,Battery,0,Battery,0.920866,0.905114,True
waste_type_identification/battery/battery712.jpg,0,Battery,0,Battery,0.89752674,0.8558369,True
waste_type_identification/battery/battery714.jpg,0,Battery,0,Battery,0.9598981,0.94960827,True
waste_type_identification/battery/battery717.jpg,0,Battery,0,Battery,0.93805146,0.92712396,True
waste_type_identification/battery/battery720.jpg,0,Battery,0,Battery,0.9379725,0.9260811,True
waste_type_identification/battery/battery728.jpg,0,Battery,7,Undifferentiated,0.3534784,0.21232876,False
waste_type_identification/battery/battery729.jpg,0,Battery,0,Battery,0.93089616,0.9168397,True
waste_type_identification/battery/battery73.jpg,0,Battery,0,Battery,0.8741481,0.84773076,True
waste_type_identification/battery/battery730.jpg,0,Battery,0,Battery,0.93946224,0.9280978,True
waste_type_identification/battery/battery731.jpg,0,Battery,0,Battery,0.49920008,0.21756023,True
waste_type_identification/battery/battery747.jpg,0,Battery,0,Battery,0.49689764,0.3041293,True
waste_type_identification/battery/battery751.jpg,0,Battery,0,Battery,0.9261377,0.91097546,True
waste_type_identification/battery/battery752.jpg,0,Battery,3,Metal,0.3972903,0.13200831,False
waste_type_identification/battery/battery753.jpg,0,Battery,0,Battery,0.91073686,0.8939603,True
waste_type_identification/battery/battery754.jpg,0,Battery,0,Battery,0.94323313,0.9316919,True
waste_type_identification/battery/battery756.jpg,0,Battery,0,Battery,0.92593765,0.9093092,True
waste_type_identification/battery/battery76.jpg,0,Battery,0,Battery,0.88456595,0.8611318,True
waste_type_identification/battery/battery764.jpg,0,Battery,0,Battery,0.91525793,0.8927443,True
waste_type_identification/battery/battery768.jpg,0,Battery,0,Battery,0.9201419,0.9059632,True
waste_type_identification/battery/battery772.jpg,0,Battery,0,Battery,0.9290222,0.9153838,True
waste_type_identification/battery/battery773.jpg,0,Battery,0,Battery,0.9331798,0.9160858,True
waste_type_identification/battery/battery787.jpg,0,Battery,0,Battery,0.9562314,0.94504434,True
waste_type_identification/battery/battery79.jpg,0,Battery,0,Battery,0.85345227,0.7997496,True
waste_type_identification/battery/battery791.jpg,0,Battery,0,Battery,0.9513219,0.93933123,True
waste_type_identification/battery/battery792.jpg,0,Battery,0,Battery,0.95463926,0.944994,True
waste_type_identification/battery/battery794.jpg,0,Battery,0,Battery,0.8522849,0.7995805,True
waste_type_identification/battery/battery795.jpg,0,Battery,0,Battery,0.90856314,0.88873625,True
waste_type_identification/battery/battery798.jpg,0,Battery,0,Battery,0.8836286,0.8598028,True
waste_type_identification/battery/battery799.jpg,0,Battery,0,Battery,0.92448175,0.9003871,True
waste_type_identification/battery/battery800.jpg,0,Battery,0,Battery,0.942387,0.9285239,True
waste_type_identification/battery/battery803.jpg,0,Battery,0,Battery,0.9370462,0.9241098,True
waste_type_identification/battery/battery811.jpg,0,Battery,0,Battery,0.91827464,0.8962036,True
waste_type_identification/battery/battery82.jpg,0,Battery,0,Battery,0.9232917,0.9055269,True
waste_type_identification/battery/battery820.jpg,0,Battery,0,Battery,0.87775075,0.84053105,True
waste_type_identification/battery/battery824.jpg,0,Battery,0,Battery,0.8834663,0.85164165,True
waste_type_identification/battery/battery828.jpg,0,Battery,0,Battery,0.9193317,0.8908249,True
waste_type_identification/battery/battery830.jpg,0,Battery,0,Battery,0.89080036,0.86845386,True
waste_type_identification/battery/battery833.jpg,0,Battery,0,Battery,0.94261163,0.92890626,True
waste_type_identification/battery/battery836.jpg,0,Battery,0,Battery,0.84754884,0.7852689,True
waste_type_identification/battery/battery839.jpg,0,Battery,0,Battery,0.59619755,0.3510388,True
waste_type_identification/battery/battery845.jpg,0,Battery,0,Battery,0.9247394,0.9064119,True
waste_type_identification/battery/battery847.jpg,0,Battery,0,Battery,0.90635663,0.88549936,True
waste_type_identification/battery/battery848.jpg,0,Battery,0,Battery,0.9613618,0.95274717,True
waste_type_identification/battery/battery855.jpg,0,Battery,0,Battery,0.91917276,0.9025199,True
waste_type_identification/battery/battery856.jpg,0,Battery,0,Battery,0.90781015,0.88787556,True
waste_type_identification/battery/battery861.jpg,0,Battery,0,Battery,0.5544332,0.31677794,True
waste_type_identification/battery/battery870.jpg,0,Battery,0,Battery,0.9235051,0.90767956,True
waste_type_identification/battery/battery874.jpg,0,Battery,0,Battery,0.95043015,0.9405076,True
waste_type_identification/battery/battery884.jpg,0,Battery,0,Battery,0.93219125,0.91327226,True
waste_type_identification/battery/battery888.jpg,0,Battery,0,Battery,0.92067736,0.9028564,True
waste_type_identification/battery/battery895.jpg,0,Battery,0,Battery,0.8660707,0.8352007,True
waste_type_identification/battery/battery900.jpg,0,Battery,0,Battery,0.93051636,0.91344464,True
waste_type_identification/battery/battery912.jpg,0,Battery,0,Battery,0.91930777,0.9020076,True
waste_type_identification/battery/battery929.jpg,0,Battery,0,Battery,0.93359774,0.92128986,True
waste_type_identification/battery/battery932.jpg,0,Battery,0,Battery,0.91326016,0.8932853,True
waste_type_identification/battery/battery943.jpg,0,Battery,0,Battery,0.94290024,0.9312632,True
waste_type_identification/battery/battery96.jpg,0,Battery,0,Battery,0.8289403,0.76296365,True
waste_type_identification/clothing/clothes/clothes10.jpg,1,Clothing,1,Clothing,0.79860586,0.7606975,True
waste_type_identification/clothing/clothes/clothes100.jpg,1,Clothing,1,Clothing,0.8155035,0.7661582,True
waste_type_identification/clothing/clothes/clothes1000.jpg,1,Clothing,1,Clothing,0.79094386,0.75186723,True
waste_type_identification/clothing/clothes/clothes1006.jpg,1,Clothing,1,Clothing,0.78229874,0.73639643,True
waste_type_identification/clothing/clothes/clothes1007.jpg,1,Clothing,1,Clothing,0.7726047,0.71684176,True
waste_type_identification/clothing/clothes/clothes1008.jpg,1,Clothing,1,Clothing,0.84838074,0.81844234,True
waste_type_identification/clothing/clothes/clothes101.jpg,1,Clothing,1,Clothing,0.837772,0.80750185,True
waste_type_identification/clothing/clothes/clothes1016.jpg,1,Clothing,1,Clothing,0.8322628,0.8029334,True
waste_type_identification/clothing/clothes/clothes1017.jpg,1,Clothing,1,Clothing,0.8471542,0.8152973,True
waste_type_identification/clothing/clothes/clothes1022.jpg,1,Clothing,1,Clothing,0.84500843,0.81731,True
waste_type_identification/clothing/clothes/clothes1023.jpg,1,Clothing,1,Clothing,0.80698824,0.76014096,True
waste_type_identification/clothing/clothes/clothes103.jpg,1,Clothing,1,Clothing,0.7588234,0.70845443,True
waste_type_identification/clothing/clothes/clothes1030.jpg,1,Clothing,1,Clothing,0.77375317,0.722026,True
waste_type_identification/clothing/clothes/clothes1032.jpg,1,Clothing,1,Clothing,0.8120625,0.7769178,True
waste_type_identification/clothing/clothes/clothes1034.jpg,1,Clothing,1,Clothing,0.8577734,0.82825136,True
waste_type_identification/clothing/clothes/clothes1036.jpg,1,Clothing,1,Clothing,0.81624603,0.7753067,True
waste_type_identification/clothing/clothes/clothes104.jpg,1,Clothing,1,Clothing,0.84806114,0.816816,True
waste_type_identification/clothing/clothes/clothes1046.jpg,1,Clothing,1,Clothing,0.8414278,0.8079034,True
waste_type_identification/clothing/clothes/clothes1047.jpg,1,Clothing,1,Clothing,0.80616343,0.76538837,True
waste_type_identification/clothing/clothes/clothes1052.jpg,1,Clothing,1,Clothing,0.8236921,0.78257525,True
waste_type_identification/clothing/clothes/clothes1065.jpg,1,Clothing,1,Clothing,0.8073048,0.77137274,True
waste_type_identification/clothing/clothes/clothes1068.jpg,1,Clothing,1,Clothing,0.827818,0.78593653,True
waste_type_identification/clothing/clothes/clothes1079.jpg,1,Clothing,1,Clothing,0.7734758,0.7197476,True
waste_type_identification/clothing/clothes/clothes1083.jpg,1,Clothing,1,Clothing,0.62477773,0.4796164,True
waste_type_identification/clothing/clothes/clothes1093.jpg,1,Clothing,1,Clothing,0.83209175,0.8021084,True
waste_type_identification/clothing/clothes/clothes1102.jpg,1,Clothing,1,Clothing,0.79427075,0.7516372,True
waste_type_identification/clothing/clothes/clothes1103.jpg,1,Clothing,1,Clothing,0.83480066,0.80623317,True
waste_type_identification/clothing/clothes/clothes1110.jpg,1,Clothing,1,Clothing,0.78633577,0.7464242,True
waste_type_identification/clothing/clothes/clothes1111.jpg,1,Clothing,1,Clothing,0.8430202,0.81561434,True
waste_type_identification/clothing/clothes/clothes1113.jpg,1,Clothing,1,Clothing,0.7725779,0.731604,True
waste_type_identification/clothing/clothes/clothes1114.jpg,1,Clothing,1,Clothing,0.7982811,0.7521328,True
waste_type_identification/clothing/clothes/clothes1115.jpg,1,Clothing,1,Clothing,0.8235585,0.78649455,True
waste_type_identification/clothing/clothes/clothes1124.jpg,1,Clothing,1,Clothing,0.80612147,0.76979184,True
waste_type_identification/clothing/clothes/clothes1129.jpg,1,Clothing,1,Clothing,0.8515456,0.8245584,True
waste_type_identification/clothing/clothes/clothes1131.jpg,1,Clothing,1,Clothing,0.83891594,0.80818695,True
waste_type_identification/clothing/clothes/clothes1136.jpg,1,Clothing,1,Clothing,0.7303382,0.678377,True
waste_type_identification/clothing/clothes/clothes1140.jpg,1,Clothing,1,Clothing,0.7716775,0.72572047,True
waste_type_identification/clothing/clothes/clothes1146.jpg,1,Clothing,1,Clothing,0.8064612,0.76758534,True
waste_type_identification/clothing/clothes/clothes1147.jpg,1,Clothing,1,Clothing,0.8570952,0.8284703,True
waste_type_identification/clothing/clothes/clothes1152.jpg,1,Clothing,1,Clothing,0.77567774,0.73438334,True
waste_type_identification/clothing/clothes/clothes1166.jpg,1,Clothing,1,Clothing,0.82694757,0.7917994,True
waste_type_identification/clothing/clothes/clothes1176.jpg,1,Clothing,1,Clothing,0.8616968,0.8299501,True
waste_type_identification/clothing/clothes/clothes118.jpg,1,Clothing,1,Clothing,0.81509024,0.78169376,True
waste_type_identification/clothing/clothes/clothes1185.jpg,1,Clothing,1,Clothing,0.8398722,0.8055474,True
waste_type_identification/clothing/clothes/clothes1190.jpg,1,Clothing,1,Clothing,0.7953107,0.70222014,True
waste_type_identification/clothing/clothes/clothes1192.jpg,1,Clothing,1,Clothing,0.8359318,0.80392015,True
waste_type_identification/clothing/clothes/clothes120.jpg,1,Clothing,1,Clothing,0.8237604,0.7914802,True
waste_type_identification/clothing/clothes/clothes121.jpg,1,Clothing,1,Clothing,0.83956134,0.8103792,True
waste_type_identification/clothing/clothes/clothes1210.jpg,1,Clothing,1,Clothing,0.8080002,0.7698691,True
waste_type_identification/clothing/clothes/clothes1218.jpg,1,Clothing,1,Clothing,0.86934507,0.83825976,True
waste_type_identification/clothing/clothes/clothes1223.jpg,1,Clothing,1,Clothing,0.812246,0.77572906,True
waste_type_identification/clothing/clothes/clothes1232.jpg,1,Clothing,1,Clothing,0.8066971,0.7675826,True
waste_type_identification/clothing/clothes/clothes1240.jpg,1,Clothing,1,Clothing,0.81558055,0.7788145,True
waste_type_identification/clothing/clothes/clothes1242.jpg,1,Clothing,1,Clothing,0.8353039,0.80200684,True
waste_type_identification/clothing/clothes/clothes1244.jpg,1,Clothing,1,Clothing,0.8090207,0.7760887,True
waste_type_identification/clothing/clothes/clothes1246.jpg,1,Clothing,1,Clothing,0.7929117,0.7510052,True
waste_type_identification/clothing/clothes/clothes1248.jpg,1,Clothing,1,Clothing,0.8125414,0.77910095,True
waste_type_identification/clothing/clothes/clothes1251.jpg,1,Clothing,1,Clothing,0.8132241,0.76674455,True
waste_type_identification/clothing/clothes/clothes1254.jpg,1,Clothing,1,Clothing,0.8240092,0.790391,True
waste_type_identification/clothing/clothes/clothes1255.jpg,1,Clothing,1,Clothing,0.82887876,0.7941445,True
waste_type_identification/clothing/clothes/clothes1263.jpg,1,Clothing,1,Clothing,0.80113363,0.76810133,True
waste_type_identification/clothing/clothes/clothes1270.jpg,1,Clothing,1,Clothing,0.79484105,0.75480175,True
waste_type_identification/clothing/clothes/clothes1274.jpg,1,Clothing,1,Clothing,0.8202943,0.7798985,True
waste_type_identification/clothing/clothes/clothes1278.jpg,1,Clothing,1,Clothing,0.7946138,0.75874954,True
waste_type_identification/clothing/clothes/clothes1279.jpg,1,Clothing,1,Clothing,0.78647184,0.74907845,True
waste_type_identification/clothing/clothes/clothes1283.jpg,1,Clothing,1,Clothing,0.80234444,0.7653598,True
waste_type_identification/clothing/clothes/clothes1284.jpg,1,Clothing,1,Clothing,0.8353895,0.80195725,True
waste_type_identification/clothing/clothes/clothes1287.jpg,1,Clothing,1,Clothing,0.8053798,0.76866645,True
waste_type_identification/clothing/clothes/clothes1293.jpg,1,Clothing,1,Clothing,0.82662165,0.7974451,True
waste_type_identification/clothing/clothes/clothes1295.jpg,1,Clothing,1,Clothing,0.80760443,0.76666224,True
waste_type_identification/clothing/clothes/clothes1302.jpg,1,Clothing,1,Clothing,0.8537344,0.8262488,True
waste_type_identification/clothing/clothes/clothes1305.jpg,1,Clothing,1,Clothing,0.8079058,0.76829785,True
waste_type_identification/clothing/clothes/clothes1309.jpg,1,Clothing,1,Clothing,0.83801097,0.806831,True
waste_type_identification/clothing/clothes/clothes1315.jpg,1,Clothing,1,Clothing,0.82604706,0.7926996,True
waste_type_identification/clothing/clothes/clothes1324.jpg,1,Clothing,1,Clothing,0.802985,0.7626951,True
waste_type_identification/clothing/clothes/clothes1333.jpg,1,Clothing,1,Clothing,0.8482403,0.8187463,True
waste_type_identification/clothing/clothes/clothes1335.jpg,1,Clothing,1,Clothing,0.83401775,0.8021388,True
waste_type_identification/clothing/clothes/clothes1336.jpg,1,Clothing,1,Clothing,0.85911655,0.8324921,True
waste_type_identification/clothing/clothes/clothes1345.jpg,1,Clothing,1,Clothing,0.80167186,0.75652474,True
waste_type_identification/clothing/clothes/clothes135.jpg,1,Clothing,1,Clothing,0.7802592,0.73597676,True
waste_type_identification/clothing/clothes/clothes1353.jpg,1,Clothing,1,Clothing,0.8175741,0.78059953,True
waste_type_identification/clothing/clothes/clothes1359.jpg,1,Clothing,1,Clothing,0.830063,0.8018375,True
waste_type_identification/clothing/clothes/clothes1361.jpg,1,Clothing,1,Clothing,0.812039,0.7747266,True
waste_type_identification/clothing/clothes/clothes1364.jpg,1,Clothing,1,Clothing,0.82087123,0.7884118,True
waste_type_identification/clothing/clothes/clothes1367.jpg,1,Clothing,1,Clothing,0.7908717,0.74216604,True
waste_type_identification/clothing/clothes/clothes1374.jpg,1,Clothing,1,Clothing,0.6310636,0.55954415,True
waste_type_identification/clothing/clothes/clothes1376.jpg,1,Clothing,1,Clothing,0.79738116,0.75863993,True
waste_type_identification/clothing/clothes/clothes1383.jpg,1,Clothing,1,Clothing,0.7872979,0.7397955,True
waste_type_identification/clothing/clothes/clothes1387.jpg,1,Clothing,1,Clothing,0.8421818,0.8137761,True
waste_type_identification/clothing/clothes/clothes1395.jpg,1,Clothing,1,Clothing,0.7977137,0.7560648,True
waste_type_identification/clothing/clothes/clothes1396.jpg,1,Clothing,1,Clothing,0.7848332,0.74118066,True
waste_type_identification/clothing/clothes/clothes1399.jpg,1,Clothing,1,Clothing,0.780026,0.72748435,True
waste_type_identification/clothing/clothes/clothes1407.jpg,1,Clothing,1,Clothing,0.8191185,0.78168535,True
waste_type_identification/clothing/clothes/clothes1410.jpg,1,Clothing,1,Clothing,0.82584774,0.7968791,True
waste_type_identification/clothing/clothes/clothes1419.jpg,1,Clothing,1,Clothing,0.8552531,0.82711,True
waste_type_identification/clothing/clothes/clothes1425.jpg,1,Clothing,1,Clothing,0.8439881,0.81254745,True
waste_type_identification/clothing/clothes/clothes1428.jpg,1,Clothing,1,Clothing,0.8417478,0.8116659,True
waste_type_identification/clothing/clothes/clothes1431.jpg,1,Clothing,1,Clothing,0.8111208,0.77495515,True
waste_type_identification/clothing/clothes/clothes1432.jpg,1,Clothing,1,Clothing,0.8190858,0.78438663,True
waste_type_identification/clothing/clothes/clothes1438.jpg,1,Clothing,1,Clothing,0.83094984,0.7976008,True
waste_type_identification/clothing/clothes/clothes1441.jpg,1,Clothing,1,Clothing,0.80073845,0.7670433,True
waste_type_identification/clothing/clothes/clothes1460.jpg,1,Clothing,1,Clothing,0.83171785,0.7976028,True
waste_type_identification/clothing/clothes/clothes1461.jpg,1,Clothing,1,Clothing,0.8112998,0.77663237,True
waste_type_identification/clothing/clothes/clothes1462.jpg,1,Clothing,1,Clothing,0.83742404,0.8064593,True
waste_type_identification/clothing/clothes/clothes1466.jpg,1,Clothing,1,Clothing,0.84457326,0.81476694,True
waste_type_identification/clothing/clothes/clothes1467.jpg,1,Clothing,1,Clothing,0.7686821,0.72666377,True
waste_type_identification/clothing/clothes/clothes1471.jpg,1,Clothing,1,Clothing,0.80191433,0.7656631,True
waste_type_identification/clothing/clothes/clothes1472.jpg,1,Clothing,1,Clothing,0.86129767,0.8253107,True
waste_type_identification/clothing/clothes/clothes1475.jpg,1,Clothing,1,Clothing,0.65966386,0.57779235,True
waste_type_identification/clothing/clothes/clothes1481.jpg,1,Clothing,1,Clothing,0.83863145,0.80577993,True
waste_type_identification/clothing/clothes/clothes149.jpg,1,Clothing,1,Clothing,0.8267735,0.78970844,True
waste_type_identification/clothing/clothes/clothes1496.jpg,1,Clothing,1,Clothing,0.816203,0.7781225,True
waste_type_identification/clothing/clothes/clothes15.jpg,1,Clothing,1,Clothing,0.7947735,0.74992824,True
waste_type_identification/clothing/clothes/clothes1512.jpg,1,Clothing,1,Clothing,0.81438583,0.7579639,True
waste_type_identification/clothing/clothes/clothes1515.jpg,1,Clothing,1,Clothing,0.7891974,0.7433198,True
waste_type_identification/clothing/clothes/clothes1516.jpg,1,Clothing,1,Clothing,0.82637876,0.7940274,True
waste_type_identification/clothing/clothes/clothes1523.jpg,1,Clothing,1,Clothing,0.79806584,0.7571017,True
waste_type_identification/clothing/clothes/clothes1528.jpg,1,Clothing,1,Clothing,0.7884797,0.7415994,True
waste_type_identification/clothing/clothes/clothes153.jpg,1,Clothing,1,Clothing,0.8166073,0.78228533,True
waste_type_identification/clothing/clothes/clothes1530.jpg,1,Clothing,1,Clothing,0.8411521,0.8086079,True
waste_type_identification/clothing/clothes/clothes1539.jpg,1,Clothing,1,Clothing,0.84151965,0.81077373,True
waste_type_identification/clothing/clothes/clothes1541.jpg,1,Clothing,1,Clothing,0.82285154,0.7876382,True
waste_type_identification/clothing/clothes/clothes1547.jpg,1,Clothing,1,Clothing,0.8196255,0.7822443,True
waste_type_identification/clothing/clothes/clothes1551.jpg,1,Clothing,1,Clothing,0.83112544,0.7977427,True
waste_type_identification/clothing/clothes/clothes1556.jpg,1,Clothing,1,Clothing,0.8079722,0.77353084,True
waste_type_identification/clothing/clothes/clothes1564.jpg,1,Clothing,1,Clothing,0.8312066,0.79951996,True
waste_type_identification/clothing/clothes/clothes1565.jpg,1,Clothing,1,Clothing,0.8535418,0.82639897,True
waste_type_identification/clothing/clothes/clothes1566.jpg,1,Clothing,1,Clothing,0.8334683,0.7997912,True
waste_type_identification/clothing/clothes/clothes157.jpg,1,Clothing,1,Clothing,0.83454984,0.8035044,True
waste_type_identification/clothing/clothes/clothes158.jpg,1,Clothing,1,Clothing,0.7945467,0.7393597,True
waste_type_identification/clothing/clothes/clothes1583.jpg,1,Clothing,1,Clothing,0.4376683,0.119163364,True
waste_type_identification/clothing/clothes/clothes1594.jpg,1,Clothing,1,Clothing,0.8301486,0.7984572,True
waste_type_identification/clothing/clothes/clothes1616.jpg,1,Clothing,1,Clothing,0.86288935,0.83276016,True
waste_type_identification/clothing/clothes/clothes1618.jpg,1,Clothing,1,Clothing,0.8312764,0.78862107,True
waste_type_identification/clothing/clothes/clothes1621.jpg,1,Clothing,1,Clothing,0.71356684,0.618735,True
waste_type_identification/clothing/clothes/clothes1631.jpg,1,Clothing,1,Clothing,0.84028214,0.8026,True
waste_type_identification/clothing/clothes/clothes1632.jpg,1,Clothing,1,Clothing,0.83927774,0.80688876,True
waste_type_identification/clothing/clothes/clothes1637.jpg,1,Clothing,1,Clothing,0.8061868,0.7610601,True
waste_type_identification/clothing/clothes/clothes1640.jpg,1,Clothing,1,Clothing,0.8279914,0.7933778,True
waste_type_identification/clothing/clothes/clothes1641.jpg,1,Clothing,1,Clothing,0.75721663,0.6752982,True
waste_type_identification/clothing/clothes/clothes1642.jpg,1,Clothing,1,Clothing,0.77510417,0.724453,True
waste_type_identification/clothing/clothes/clothes1649.jpg,1,Clothing,1,Clothing,0.79039705,0.74273825,True
waste_type_identification/clothing/clothes/clothes165.jpg,1,Clothing,1,Clothing,0.84026194,0.7936478,True
waste_type_identification/clothing/clothes/clothes1652.jpg,1,Clothing,1,Clothing,0.82345116,0.78570426,True
waste_type_identification/clothing/clothes/clothes1654.jpg,1,Clothing,1,Clothing,0.8232675,0.7900694,True
waste_type_identification/clothing/clothes/clothes1660.jpg,1,Clothing,1,Clothing,0.76720107,0.6863477,True
waste_type_identification/clothing/clothes/clothes1663.jpg,1,Clothing,1,Clothing,0.82273656,0.7881201,True
waste_type_identification/clothing/clothes/clothes1673.jpg,1,Clothing,1,Clothing,0.8349875,0.8003465,True
waste_type_identification/clothing/clothes/clothes1674.jpg,1,Clothing,1,Clothing,0.8413612,0.813482,True
waste_type_identification/clothing/clothes/clothes1678.jpg,1,Clothing,1,Clothing,0.83027005,0.80146414,True
waste_type_identification/clothing/clothes/clothes1685.jpg,1,Clothing,1,Clothing,0.81692433,0.7847852,True
waste_type_identification/clothing/clothes/clothes1690.jpg,1,Clothing,1,Clothing,0.81253296,0.77070206,True
waste_type_identification/clothing/clothes/clothes1691.jpg,1,Clothing,1,Clothing,0.8258841,0.7925606,True
waste_type_identification/clothing/clothes/clothes1696.jpg,1,Clothing,1,Clothing,0.7819649,0.7405344,True
waste_type_identification/clothing/clothes/clothes17.jpg,1,Clothing,1,Clothing,0.857197,0.83224136,True
waste_type_identification/clothing/clothes/clothes1710.jpg,1,Clothing,1,Clothing,0.83081484,0.79425734,True
waste_type_identification/clothing/clothes/clothes1711.jpg,1,Clothing,1,Clothing,0.82344776,0.79278225,True
waste_type_identification/clothing/clothes/clothes1712.jpg,1,Clothing,1,Clothing,0.8033731,0.76821214,True
waste_type_identification/clothing/clothes/clothes1714.jpg,1,Clothing,1,Clothing,0.8024109,0.75822264,True
waste_type_identification/clothing/clothes/clothes1722.jpg,1,Clothing,1,Clothing,0.82363194,0.7713747,True
waste_type_identification/clothing/clothes/clothes1724.jpg,1,Clothing,1,Clothing,0.8220936,0.7880532,True
waste_type_identification/clothing/clothes/clothes1730.jpg,1,Clothing,1,Clothing,0.8183618,0.77078897,True
waste_type_identification/clothing/clothes/clothes1731.jpg,1,Clothing,1,Clothing,0.8262523,0.7898534,True
waste_type_identification/clothing/clothes/clothes1738.jpg,1,Clothing,1,Clothing,0.8456983,0.80145216,True
waste_type_identification/clothing/clothes/clothes1739.jpg,1,Clothing,1,Clothing,0.81321824,0.777572,True
waste_type_identification/clothing/clothes/clothes1740.jpg,1,Clothing,1,Clothing,0.800904,0.75445914,True
waste_type_identification/clothing/clothes/clothes1741.jpg,1,Clothing,1,Clothing,0.81496197,0.777623,True
waste_type_identification/clothing/clothes/clothes1742.jpg,1,Clothing,1,Clothing,0.85271484,0.82180834,True
waste_type_identification/clothing/clothes/clothes1743.jpg,1,Clothing,1,Clothing,0.8082299,0.7714481,True
waste_type_identification/clothing/clothes/clothes1748.jpg,1,Clothing,1,Clothing,0.769396,0.7269051,True
waste_type_identification/clothing/clothes/clothes1760.jpg,1,Clothing,1,Clothing,0.83031356,0.7946441,True
waste_type_identification/clothing/clothes/clothes1763.jpg,1,Clothing,1,Clothing,0.83068067,0.7949765,True
waste_type_identification/clothing/clothes/clothes1764.jpg,1,Clothing,1,Clothing,0.83022964,0.80120575,True
waste_type_identification/clothing/clothes/clothes1784.jpg,1,Clothing,1,Clothing,0.819264,0.7789808,True
waste_type_identification/clothing/clothes/clothes1795.jpg,1,Clothing,1,Clothing,0.8137014,0.78136355,True
waste_type_identification/clothing/clothes/clothes1796.jpg,1,Clothing,1,Clothing,0.8097255,0.7748066,True
waste_type_identification/clothing/clothes/clothes1797.jpg,1,Clothing,1,Clothing,0.8692115,0.84193665,True
waste_type_identification/clothing/clothes/clothes1800.jpg,1,Clothing,1,Clothing,0.848321,0.81940746,True
waste_type_identification/clothing/clothes/clothes1801.jpg,1,Clothing,5,Papery,0.489296,0.31397104,False
waste_type_identification/clothing/clothes/clothes1803.jpg,1,Clothing,1,Clothing,0.82263756,0.78426075,True
waste_type_identification/clothing/clothes/clothes1808.jpg,1,Clothing,1,Clothing,0.80881566,0.77466726,True
waste_type_identification/clothing/clothes/clothes181.jpg,1,Clothing,1,Clothing,0.81262,0.7792066,True
waste_type_identification/clothing/clothes/clothes1810.jpg,1,Clothing,1,Clothing,0.79339445,0.7573667,True
waste_type_identification/clothing/clothes/clothes1814.jpg,1,Clothing,1,Clothing,0.78101665,0.74346656,True
waste_type_identification/clothing/clothes/clothes1820.jpg,1,Clothing,1,Clothing,0.74917835,0.698083,True
waste_type_identification/clothing/clothes/clothes1821.jpg,1,Clothing,1,Clothing,0.7982094,0.7616838,True
waste_type_identification/clothing/clothes/clothes1823.jpg,1,Clothing,3,Metal,0.5377188,0.32996315,False
waste_type_identification/clothing/clothes/clothes1824.jpg,1,Clothing,1,Clothing,0.8510401,0.8180379,True
waste_type_identification/clothing/clothes/clothes1825.jpg,1,Clothing,1,Clothing,0.8467557,0.8157065,True
waste_type_identification/clothing/clothes/clothes1827.jpg,1,Clothing,1,Clothing,0.8430555,0.8076821,True
waste_type_identification/clothing/clothes/clothes1829.jpg,1,Clothing,1,Clothing,0.81804436,0.78168523,True
waste_type_identification/clothing/clothes/clothes1839.jpg,1,Clothing,1,Clothing,0.8152003,0.78251606,True
waste_type_identification/clothing/clothes/clothes184.jpg,1,Clothing,1,Clothing,0.8370248,0.8014187,True
waste_type_identification/clothing/clothes/clothes1840.jpg,1,Clothing,1,Clothing,0.8432154,0.8154181,True
waste_type_identification/clothing/clothes/clothes1841.jpg,1,Clothing,1,Clothing,0.6362515,0.45938075,True
waste_type_identification/clothing/clothes/clothes1843.jpg,1,Clothing,1,Clothing,0.8293773,0.7991644,True
waste_type_identification/clothing/clothes/clothes1844.jpg,1,Clothing,1,Clothing,0.7992087,0.76048946,True
waste_type_identification/clothing/clothes/clothes1848.jpg,1,Clothing,1,Clothing,0.87384045,0.85202026,True
waste_type_identification/clothing/clothes/clothes1850.jpg,1,Clothing,1,Clothing,0.79586846,0.74465275,True
waste_type_identification/clothing/clothes/clothes1854.jpg,1,Clothing,1,Clothing,0.77581656,0.7345609,True
waste_type_identification/clothing/clothes/clothes1855.jpg,1,Clothing,1,Clothing,0.8059932,0.76661724,True
waste_type_identification/clothing/clothes/clothes1858.jpg,1,Clothing,1,Clothing,0.8259839,0.79613817,True
waste_type_identification/clothing/clothes/clothes1859.jpg,1,Clothing,1,Clothing,0.8592998,0.8340664,True
waste_type_identification/clothing/clothes/clothes186.jpg,1,Clothing,1,Clothing,0.8179712,0.7790701,True
waste_type_identification/clothing/clothes/clothes1862.jpg,1,Clothing,1,Clothing,0.790854,0.7529382,True
waste_type_identification/clothing/clothes/clothes1864.jpg,1,Clothing,1,Clothing,0.81914705,0.7873837,True
waste_type_identification/clothing/clothes/clothes1866.jpg,1,Clothing,1,Clothing,0.8160435,0.78007495,True
waste_type_identification/clothing/clothes/clothes1869.jpg,1,Clothing,1,Clothing,0.85341513,0.82196265,True
waste_type_identification/clothing/clothes/clothes1870.jpg,1,Clothing,1,Clothing,0.81453395,0.78138566,True
waste_type_identification/clothing/clothes/clothes1876.jpg,1,Clothing,1,Clothing,0.8655407,0.8384991,True
waste_type_identification/clothing/clothes/clothes1884.jpg,1,Clothing,1,Clothing,0.82217157,0.78596926,True
waste_type_identification/clothing/clothes/clothes1885.jpg,1,Clothing,1,Clothing,0.8387916,0.80793643,True
waste_type_identification/clothing/clothes/clothes1887.jpg,1,Clothing,1,Clothing,0.8119642,0.7768589,True
waste_type_identification/clothing/clothes/clothes1888.jpg,1,Clothing,1,Clothing,0.84228885,0.8032228,True
waste_type_identification/clothing/clothes/clothes1889.jpg,1,Clothing,1,Clothing,0.8080801,0.7725609,True
waste_type_identification/clothing/clothes/clothes189.jpg,1,Clothing,1,Clothing,0.82097745,0.78932834,True
waste_type_identification/clothing/clothes/clothes1892.jpg,1,Clothing,1,Clothing,0.78767616,0.7378155,True
waste_type_identification/clothing/clothes/clothes19.jpg,1,Clothing,1,Clothing,0.82908916,0.79546785,True
waste_type_identification/clothing/clothes/clothes1902.jpg,1,Clothing,1,Clothing,0.65654427,0.51567054,True
waste_type_identification/clothing/clothes/clothes1905.jpg,1,Clothing,1,Clothing,0.8346518,0.8076599,True
waste_type_identification/clothing/clothes/clothes1906.jpg,1,Clothing,1,Clothing,0.80551785,0.75446975,True
waste_type_identification/clothing/clothes/clothes1911.jpg,1,Clothing,1,Clothing,0.840619,0.8111191,True
waste_type_identification/clothing/clothes/clothes1913.jpg,1,Clothing,1,Clothing,0.82573426,0.79236245,True
waste_type_identification/clothing/clothes/clothes1922.jpg,1,Clothing,1,Clothing,0.72334665,0.6367015,True
waste_type_identification/clothing/clothes/clothes1930.jpg,1,Clothing,1,Clothing,0.874281,0.84286475,True
waste_type_identification/clothing/clothes/clothes1935.jpg,1,Clothing,1,Clothing,0.8278877,0.7968437,True
waste_type_identification/clothing/clothes/clothes1938.jpg,1,Clothing,1,Clothing,0.7823479,0.7115167,True
waste_type_identification/clothing/clothes/clothes1944.jpg,1,Clothing,1,Clothing,0.80898374,0.76381546,True
waste_type_identification/clothing/clothes/clothes1951.jpg,1,Clothing,1,Clothing,0.85384804,0.82078063,True
waste_type_identification/clothing/clothes/clothes1958.jpg,1,Clothing,1,Clothing,0.842075,0.8125376,True
waste_type_identification/clothing/clothes/clothes1964.jpg,1,Clothing,1,Clothing,0.5828085,0.4608855,True
waste_type_identification/clothing/clothes/clothes1973.jpg,1,Clothing,1,Clothing,0.8142374,0.78104174,True
waste_type_identification/clothing/clothes/clothes1988.jpg,1,Clothing,1,Clothing,0.80599415,0.7714576,True
waste_type_identification/clothing/clothes/clothes199.jpg,1,Clothing,1,Clothing,0.8325787,0.8023416,True
waste_type_identification/clothing/clothes/clothes1996.jpg,1,Clothing,1,Clothing,0.8272967,0.79115695,True
waste_type_identification/clothing/clothes/clothes2004.jpg,1,Clothing,1,Clothing,0.82978714,0.7972365,True
waste_type_identification/clothing/clothes/clothes2006.jpg,1,Clothing,1,Clothing,0.82900065,0.7995318,True
waste_type_identification/clothing/clothes/clothes2016.jpg,1,Clothing,1,Clothing,0.84528965,0.81231076,True
waste_type_identification/clothing/clothes/clothes2020.jpg,1,Clothing,1,Clothing,0.8311097,0.79735625,True
waste_type_identification/clothing/clothes/clothes2025.jpg,1,Clothing,1,Clothing,0.87415534,0.85238934,True
waste_type_identification/clothing/clothes/clothes2047.jpg,1,Clothing,1,Clothing,0.79307896,0.75078535,True
waste_type_identification/clothing/clothes/clothes2058.jpg,1,Clothing,1,Clothing,0.7782338,0.73599744,True
waste_type_identification/clothing/clothes/clothes2062.jpg,1,Clothing,1,Clothing,0.31295845,0.016946316,True
waste_type_identification/clothing/clothes/clothes2077.jpg,1,Clothing,1,Clothing,0.82301724,0.7882577,True
waste_type_identification/clothing/clothes/clothes2080.jpg,1,Clothing,1,Clothing,0.81624746,0.7803661,True
waste_type_identification/clothing/clothes/clothes2083.jpg,1,Clothing,1,Clothing,0.8457738,0.8152862,True
waste_type_identification/clothing/clothes/clothes2086.jpg,1,Clothing,1,Clothing,0.8297155,0.80000365,True
waste_type_identification/clothing/clothes/clothes2095.jpg,1,Clothing,1,Clothing,0.82502806,0.79144824,True
waste_type_identification/clothing/clothes/clothes2104.jpg,1,Clothing,1,Clothing,0.7838271,0.7420882,True
waste_type_identification/clothing/clothes/clothes2113.jpg,1,Clothing,1,Clothing,0.82202524,0.7859767,True
waste_type_identification/clothing/clothes/clothes2114.jpg,1,Clothing,1,Clothing,0.80449384,0.75361454,True
waste_type_identification/clothing/clothes/clothes2117.jpg,1,Clothing,1,Clothing,0.83627784,0.8023147,True
waste_type_identification/clothing/clothes/clothes2119.jpg,1,Clothing,1,Clothing,0.8138865,0.7793536,True
waste_type_identification/clothing/clothes/clothes2120.jpg,1,Clothing,1,Clothing,0.8439177,0.8079397,True
waste_type_identification/clothing/clothes/clothes2121.jpg,1,Clothing,1,Clothing,0.75910175,0.70831734,True
waste_type_identification/clothing/clothes/clothes2122.jpg,1,Clothing,1,Clothing,0.7950666,0.7544061,True
waste_type_identification/clothing/clothes/clothes2123.jpg,1,Clothing,1,Clothing,0.78824496,0.7395781,True
waste_type_identification/clothing/clothes/clothes2125.jpg,1,Clothing,1,Clothing,0.8294773,0.7967089,True
waste_type_identification/clothing/clothes/clothes2127.jpg,1,Clothing,1,Clothing,0.8066928,0.7659712,True
waste_type_identification/clothing/clothes/clothes2134.jpg,1,Clothing,1,Clothing,0.8170078,0.7830112,True
waste_type_identification/clothing/clothes/clothes2137.jpg,1,Clothing,1,Clothing,0.8464203,0.81483305,True
waste_type_identification/clothing/clothes/clothes2138.jpg,1,Clothing,1,Clothing,0.6838902,0.5836678,True
waste_type_identification/clothing/clothes/clothes2140.jpg,1,Clothing,1,Clothing,0.81610733,0.7784217,True
waste_type_identification/clothing/clothes/clothes2144.jpg,1,Clothing,1,Clothing,0.8278731,0.7942551,True
waste_type_identification/clothing/clothes/clothes2145.jpg,1,Clothing,1,Clothing,0.7902078,0.7471694,True
waste_type_identification/clothing/clothes/clothes215.jpg,1,Clothing,1,Clothing,0.8269139,0.78897405,True
waste_type_identification/clothing/clothes/clothes2150.jpg,1,Clothing,1,Clothing,0.7931243,0.75050193,True
waste_type_identification/clothing/clothes/clothes2155.jpg,1,Clothing,1,Clothing,0.81986403,0.78668875,True
waste_type_identification/clothing/clothes/clothes2156.jpg,1,Clothing,1,Clothing,0.8234197,0.7921089,True
waste_type_identification/clothing/clothes/clothes216.jpg,1,Clothing,1,Clothing,0.8177289,0.785058,True
waste_type_identification/clothing/clothes/clothes2169.jpg,1,Clothing,1,Clothing,0.81497455,0.7794657,True
waste_type_identification/clothing/clothes/clothes217.jpg,1,Clothing,1,Clothing,0.79896194,0.75915813,True
waste_type_identification/clothing/clothes/clothes2172.jpg,1,Clothing,1,Clothing,0.7804069,0.7328357,True
waste_type_identification/clothing/clothes/clothes2175.jpg,1,Clothing,1,Clothing,0.81553453,0.7779027,True
waste_type_identification/clothing/clothes/clothes2176.jpg,1,Clothing,1,Clothing,0.7784465,0.73203224,True
waste_type_identification/clothing/clothes/clothes2179.jpg,1,Clothing,1,Clothing,0.8319682,0.80288535,True
waste_type_identification/clothing/clothes/clothes218.jpg,1,Clothing,1,Clothing,0.85942537,0.8338122,True
waste_type_identification/clothing/clothes/clothes2181.jpg,1,Clothing,1,Clothing,0.84268135,0.8098029,True
waste_type_identification/clothing/clothes/clothes2183.jpg,1,Clothing,1,Clothing,0.8481995,0.8172426,True
waste_type_identification/clothing/clothes/clothes2185.jpg,1,Clothing,1,Clothing,0.7440029,0.6955007,True
waste_type_identification/clothing/clothes/clothes2190.jpg,1,Clothing,1,Clothing,0.80950946,0.77043205,True
waste_type_identification/clothing/clothes/clothes2193.jpg,1,Clothing,1,Clothing,0.8434897,0.8142484,True
waste_type_identification/clothing/clothes/clothes2198.jpg,1,Clothing,1,Clothing,0.78283906,0.73329616,True
waste_type_identification/clothing/clothes/clothes2199.jpg,1,Clothing,1,Clothing,0.8078742,0.77487576,True
waste_type_identification/clothing/clothes/clothes2205.jpg,1,Clothing,1,Clothing,0.77096146,0.72631246,True
waste_type_identification/clothing/clothes/clothes2206.jpg,1,Clothing,1,Clothing,0.81719524,0.7841859,True
waste_type_identification/clothing/clothes/clothes2207.jpg,1,Clothing,1,Clothing,0.82556736,0.7787054,True
waste_type_identification/clothing/clothes/clothes2210.jpg,1,Clothing,1,Clothing,0.81662923,0.78136635,True
waste_type_identification/clothing/clothes/clothes2218.jpg,1,Clothing,1,Clothing,0.80460167,0.768517,True
waste_type_identification/clothing/clothes/clothes2226.jpg,1,Clothing,1,Clothing,0.61237293,0.5339047,True
waste_type_identification/clothing/clothes/clothes2229.jpg,1,Clothing,1,Clothing,0.81884754,0.78381157,True
waste_type_identification/clothing/clothes/clothes2240.jpg,1,Clothing,1,Clothing,0.8456878,0.8152229,True
waste_type_identification/clothing/clothes/clothes2246.jpg,1,Clothing,1,Clothing,0.7999849,0.7535261,True
waste_type_identification/clothing/clothes/clothes2247.jpg,1,Clothing,1,Clothing,0.84762096,0.817709,True
waste_type_identification/clothing/clothes/clothes2248.jpg,1,Clothing,1,Clothing,0.69888854,0.58581597,True
waste_type_identification/clothing/clothes/clothes2249.jpg,1,Clothing,1,Clothing,0.81150067,0.77653337,True
waste_type_identification/clothing/clothes/clothes225.jpg,1,Clothing,1,Clothing,0.8493311,0.8226314,True
waste_type_identification/clothing/clothes/clothes2253.jpg,1,Clothing,1,Clothing,0.7736006,0.7288194,True
waste_type_identification/clothing/clothes/clothes2266.jpg,1,Clothing,1,Clothing,0.8634517,0.8370355,True
waste_type_identification/clothing/clothes/clothes2267.jpg,1,Clothing,1,Clothing,0.8104085,0.76981527,True
waste_type_identification/clothing/clothes/clothes2275.jpg,1,Clothing,1,Clothing,0.8261565,0.7922252,True
waste_type_identification/clothing/clothes/clothes2290.jpg,1,Clothing,1,Clothing,0.8178298,0.7819402,True
waste_type_identification/clothing/clothes/clothes2294.jpg,1,Clothing,1,Clothing,0.8135313,0.78035223,True
waste_type_identification/clothing/clothes/clothes2295.jpg,1,Clothing,1,Clothing,0.8061019,0.7596101,True
waste_type_identification/clothing/clothes/clothes2296.jpg,1,Clothing,1,Clothing,0.82867587,0.79414696,True
waste_type_identification/clothing/clothes/clothes2306.jpg,1,Clothing,1,Clothing,0.81109893,0.7791623,True
waste_type_identification/clothing/clothes/clothes2310.jpg,1,Clothing,1,Clothing,0.8187063,0.750931,True
waste_type_identification/clothing/clothes/clothes2314.jpg,1,Clothing,1,Clothing,0.8030596,0.7655005,True
waste_type_identification/clothing/clothes/clothes2315.jpg,1,Clothing,1,Clothing,0.8108847,0.77213126,True
waste_type_identification/clothing/clothes/clothes2318.jpg,1,Clothing,1,Clothing,0.7346039,0.64292836,True
waste_type_identification/clothing/clothes/clothes2326.jpg,1,Clothing,1,Clothing,0.72077954,0.63958824,True
waste_type_identification/clothing/clothes/clothes2331.jpg,1,Clothing,1,Clothing,0.8806585,0.8574369,True
waste_type_identification/clothing/clothes/clothes2349.jpg,1,Clothing,1,Clothing,0.7568745,0.71464264,True
waste_type_identification/clothing/clothes/clothes2365.jpg,1,Clothing,1,Clothing,0.8112052,0.7721293,True
waste_type_identification/clothing/clothes/clothes2368.jpg,1,Clothing,1,Clothing,0.8269901,0.78709507,True
waste_type_identification/clothing/clothes/clothes2370.jpg,1,Clothing,1,Clothing,0.82951343,0.7948564,True
waste_type_identification/clothing/clothes/clothes2371.jpg,1,Clothing,1,Clothing,0.82362425,0.7879553,True
waste_type_identification/clothing/clothes/clothes2390.jpg,1,Clothing,1,Clothing,0.83049196,0.79218626,True
waste_type_identification/clothing/clothes/clothes2391.jpg,1,Clothing,1,Clothing,0.7268566,0.68112206,True
waste_type_identification/clothing/clothes/clothes2399.jpg,1,Clothing,1,Clothing,0.8282989,0.79731834,True
waste_type_identification/clothing/clothes/clothes2402.jpg,1,Clothing,1,Clothing,0.7877954,0.7434512,True
waste_type_identification/clothing/clothes/clothes2409.jpg,1,Clothing,1,Clothing,0.82576627,0.78718036,True
waste_type_identification/clothing/clothes/clothes2411.jpg,1,Clothing,1,Clothing,0.85846305,0.8297903,True
waste_type_identification/clothing/clothes/clothes2414.jpg,1,Clothing,1,Clothing,0.84961706,0.8216764,True
waste_type_identification/clothing/clothes/clothes2415.jpg,1,Clothing,1,Clothing,0.8317514,0.8024651,True
waste_type_identification/clothing/clothes/clothes2417.jpg,1,Clothing,1,Clothing,0.81861943,0.78487307,True
waste_type_identification/clothing/clothes/clothes2418.jpg,1,Clothing,1,Clothing,0.8141803,0.77480125,True
waste_type_identification/clothing/clothes/clothes242.jpg,1,Clothing,1,Clothing,0.8300243,0.7935832,True
waste_type_identification/clothing/clothes/clothes2424.jpg,1,Clothing,1,Clothing,0.8112139,0.778187,True
waste_type_identification/clothing/clothes/clothes2430.jpg,1,Clothing,1,Clothing,0.84006333,0.80797476,True
waste_type_identification/clothing/clothes/clothes2435.jpg,1,Clothing,1,Clothing,0.80447185,0.7627595,True
waste_type_identification/clothing/clothes/clothes2442.jpg,1,Clothing,5,Papery,0.5231694,0.36363703,False
waste_type_identification/clothing/clothes/clothes2445.jpg,1,Clothing,1,Clothing,0.8402564,0.8100439,True
waste_type_identification/clothing/clothes/clothes2456.jpg,1,Clothing,1,Clothing,0.8473605,0.81878155,True
waste_type_identification/clothing/clothes/clothes2459.jpg,1,Clothing,1,Clothing,0.8411893,0.8146919,True
waste_type_identification/clothing/clothes/clothes2460.jpg,1,Clothing,1,Clothing,0.502616,0.29600137,True
waste_type_identification/clothing/clothes/clothes2461.jpg,1,Clothing,1,Clothing,0.7743629,0.7333069,True
waste_type_identification/clothing/clothes/clothes2471.jpg,1,Clothing,1,Clothing,0.7805069,0.7438064,True
waste_type_identification/clothing/clothes/clothes2472.jpg,1,Clothing,1,Clothing,0.8043096,0.7680689,True
waste_type_identification/clothing/clothes/clothes2474.jpg,1,Clothing,1,Clothing,0.8320959,0.7992748,True
waste_type_identification/clothing/clothes/clothes2475.jpg,1,Clothing,1,Clothing,0.8612939,0.8339729,True
waste_type_identification/clothing/clothes/clothes248.jpg,1,Clothing,1,Clothing,0.81592655,0.77622217,True
waste_type_identification/clothing/clothes/clothes2480.jpg,1,Clothing,1,Clothing,0.8227949,0.788282,True
waste_type_identification/clothing/clothes/clothes2489.jpg,1,Clothing,1,Clothing,0.8034797,0.7648013,True
waste_type_identification/clothing/clothes/clothes2493.jpg,1,Clothing,1,Clothing,0.8322855,0.80164564,True
waste_type_identification/clothing/clothes/clothes25.jpg,1,Clothing,1,Clothing,0.85957134,0.83230364,True
waste_type_identification/clothing/clothes/clothes2504.jpg,1,Clothing,2,Glass,0.3160779,0.010066271,False
waste_type_identification/clothing/clothes/clothes2511.jpg,1,Clothing,1,Clothing,0.82267725,0.7809365,True
waste_type_identification/clothing/clothes/clothes2512.jpg,1,Clothing,1,Clothing,0.8201381,0.76967245,True
waste_type_identification/clothing/clothes/clothes252.jpg,1,Clothing,1,Clothing,0.81980836,0.7841549,True
waste_type_identification/clothing/clothes/clothes2521.jpg,1,Clothing,1,Clothing,0.83093786,0.79554135,True
waste_type_identification/clothing/clothes/clothes2532.jpg,1,Clothing,1,Clothing,0.80104965,0.76255673,True
waste_type_identification/clothing/clothes/clothes2536.jpg,1,Clothing,1,Clothing,0.82199115,0.7690569,True
waste_type_identification/clothing/clothes/clothes2537.jpg,1,Clothing,1,Clothing,0.81336695,0.7778436,True
waste_type_identification/clothing/clothes/clothes2539.jpg,1,Clothing,1,Clothing,0.81371963,0.7678153,True
waste_type_identification/clothing/clothes/clothes254.jpg,1,Clothing,1,Clothing,0.80119604,0.7627088,True
waste_type_identification/clothing/clothes/clothes2540.jpg,1,Clothing,1,Clothing,0.8226539,0.78256273,True
waste_type_identification/clothing/clothes/clothes2543.jpg,1,Clothing,1,Clothing,0.7891937,0.7382392,True
waste_type_identification/clothing/clothes/clothes2550.jpg,1,Clothing,1,Clothing,0.8112564,0.77785885,True
waste_type_identification/clothing/clothes/clothes2567.jpg,1,Clothing,1,Clothing,0.82180434,0.78925,True
waste_type_identification/clothing/clothes/clothes2574.jpg,1,Clothing,1,Clothing,0.83168834,0.79521275,True
waste_type_identification/clothing/clothes/clothes2582.jpg,1,Clothing,1,Clothing,0.81354076,0.77594525,True
waste_type_identification/clothing/clothes/clothes2585.jpg,1,Clothing,1,Clothing,0.80582505,0.772046,True
waste_type_identification/clothing/clothes/clothes2586.jpg,1,Clothing,1,Clothing,0.8345522,0.79396904,True
waste_type_identification/clothing/clothes/clothes2593.jpg,1,Clothing,1,Clothing,0.8129981,0.7704772,True
waste_type_identification/clothing/clothes/clothes2605.jpg,1,Clothing,1,Clothing,0.80659413,0.76886123,True
waste_type_identification/clothing/clothes/clothes2611.jpg,1,Clothing,1,Clothing,0.7937237,0.7557173,True
waste_type_identification/clothing/clothes/clothes2615.jpg,1,Clothing,1,Clothing,0.819963,0.7825843,True
waste_type_identification/clothing/clothes/clothes2616.jpg,1,Clothing,1,Clothing,0.8606635,0.8302266,True
waste_type_identification/clothing/clothes/clothes2617.jpg,1,Clothing,1,Clothing,0.78446686,0.7437307,True
waste_type_identification/clothing/clothes/clothes2618.jpg,1,Clothing,1,Clothing,0.8373776,0.8042861,True
waste_type_identification/clothing/clothes/clothes2622.jpg,1,Clothing,1,Clothing,0.810281,0.7620467,True
waste_type_identification/clothing/clothes/clothes2627.jpg,1,Clothing,1,Clothing,0.8149822,0.7812673,True
waste_type_identification/clothing/clothes/clothes2628.jpg,1,Clothing,1,Clothing,0.8051292,0.77052087,True
waste_type_identification/clothing/clothes/clothes264.jpg,1,Clothing,1,Clothing,0.80621886,0.7687677,True
waste_type_identification/clothing/clothes/clothes2644.jpg,1,Clothing,1,Clothing,0.81777865,0.77950275,True
waste_type_identification/clothing/clothes/clothes265.jpg,1,Clothing,1,Clothing,0.785328,0.7494142,True
waste_type_identification/clothing/clothes/clothes2653.jpg,1,Clothing,1,Clothing,0.8276341,0.79005605,True
waste_type_identification/clothing/clothes/clothes266.jpg,1,Clothing,1,Clothing,0.7897881,0.74757946,True
waste_type_identification/clothing/clothes/clothes2668.jpg,1,Clothing,1,Clothing,0.82166606,0.7904365,True
waste_type_identification/clothing/clothes/clothes2669.jpg,1,Clothing,1,Clothing,0.8306739,0.798234,True
waste_type_identification/clothing/clothes/clothes2670.jpg,1,Clothing,1,Clothing,0.81177133,0.7649746,True
waste_type_identification/clothing/clothes/clothes2676.jpg,1,Clothing,1,Clothing,0.55141807,0.4093454,True
waste_type_identification/clothing/clothes/clothes2678.jpg,1,Clothing,1,Clothing,0.79173946,0.7539202,True
waste_type_identification/clothing/clothes/clothes2680.jpg,1,Clothing,1,Clothing,0.8112424,0.780234,True
waste_type_identification/clothing/clothes/clothes2687.jpg,1,Clothing,1,Clothing,0.8273294,0.7838769,True
waste_type_identification/clothing/clothes/clothes2698.jpg,1,Clothing,1,Clothing,0.826923,0.7959087,True
waste_type_identification/clothing/clothes/clothes2704.jpg,1,Clothing,1,Clothing,0.82512623,0.78867245,True
waste_type_identification/clothing/clothes/clothes271.jpg,1,Clothing,1,Clothing,0.83109283,0.79624003,True
waste_type_identification/clothing/clothes/clothes2716.jpg,1,Clothing,1,Clothing,0.84215033,0.8030553,True
waste_type_identification/clothing/clothes/clothes2720.jpg,1,Clothing,1,Clothing,0.8201499,0.78479695,True
waste_type_identification/clothing/clothes/clothes2721.jpg,1,Clothing,1,Clothing,0.81677264,0.7853716,True
waste_type_identification/clothing/clothes/clothes2724.jpg,1,Clothing,1,Clothing,0.79239255,0.75548816,True
waste_type_identification/clothing/clothes/clothes2727.jpg,1,Clothing,1,Clothing,0.7820792,0.7410044,True
waste_type_identification/clothing/clothes/clothes2731.jpg,1,Clothing,2,Glass,0.30230206,0.052777767,False
waste_type_identification/clothing/clothes/clothes2733.jpg,1,Clothing,1,Clothing,0.8158683,0.7769232,True
waste_type_identification/clothing/clothes/clothes2739.jpg,1,Clothing,1,Clothing,0.807715,0.76300496,True
waste_type_identification/clothing/clothes/clothes2744.jpg,1,Clothing,1,Clothing,0.8296182,0.79816246,True
waste_type_identification/clothing/clothes/clothes2751.jpg,1,Clothing,1,Clothing,0.7857833,0.716834,True
waste_type_identification/clothing/clothes/clothes2753.jpg,1,Clothing,1,Clothing,0.8623849,0.83498377,True
waste_type_identification/clothing/clothes/clothes2759.jpg,1,Clothing,1,Clothing,0.79602855,0.75452554,True
waste_type_identification/clothing/clothes/clothes2771.jpg,1,Clothing,1,Clothing,0.8360843,0.8028154,True
waste_type_identification/clothing/clothes/clothes2772.jpg,1,Clothing,1,Clothing,0.83244497,0.79962116,True
waste_type_identification/clothing/clothes/clothes2779.jpg,1,Clothing,1,Clothing,0.84462315,0.8162959,True
waste_type_identification/clothing/clothes/clothes2781.jpg,1,Clothing,1,Clothing,0.519605,0.318596,True
waste_type_identification/clothing/clothes/clothes2786.jpg,1,Clothing,1,Clothing,0.83647376,0.8058623,True
waste_type_identification/clothing/clothes/clothes279.jpg,1,Clothing,1,Clothing,0.81869376,0.78611904,True
waste_type_identification/clothing/clothes/clothes2790.jpg,1,Clothing,1,Clothing,0.721286,0.6164036,True
waste_type_identification/clothing/clothes/clothes2793.jpg,1,Clothing,1,Clothing,0.84868306,0.818541,True
waste_type_identification/clothing/clothes/clothes2794.jpg,1,Clothing,1,Clothing,0.83325034,0.8009956,True
waste_type_identification/clothing/clothes/clothes2796.jpg,1,Clothing,1,Clothing,0.8051643,0.76239717,True
waste_type_identification/clothing/clothes/clothes2797.jpg,1,Clothing,1,Clothing,0.7970666,0.76110375,True
waste_type_identification/clothing/clothes/clothes281.jpg,1,Clothing,1,Clothing,0.83623904,0.8049125,True
waste_type_identification/clothing/clothes/clothes2810.jpg,1,Clothing,1,Clothing,0.7888912,0.7479819,True
waste_type_identification/clothing/clothes/clothes2822.jpg,1,Clothing,1,Clothing,0.7842314,0.73632467,True
waste_type_identification/clothing/clothes/clothes2826.jpg,1,Clothing,1,Clothing,0.8500027,0.8234235,True
waste_type_identification/clothing/clothes/clothes2828.jpg,1,Clothing,1,Clothing,0.803095,0.76120365,True
waste_type_identification/clothing/clothes/clothes2829.jpg,1,Clothing,1,Clothing,0.7934188,0.748232,True
waste_type_identification/clothing/clothes/clothes2830.jpg,1,Clothing,1,Clothing,0.79222196,0.7543888,True
waste_type_identification/clothing/clothes/clothes2833.jpg,1,Clothing,1,Clothing,0.78005135,0.738257,True
waste_type_identification/clothing/clothes/clothes2834.jpg,1,Clothing,1,Clothing,0.8318018,0.79065675,True
waste_type_identification/clothing/clothes/clothes2835.jpg,1,Clothing,1,Clothing,0.8176325,0.77855617,True
waste_type_identification/clothing/clothes/clothes2836.jpg,1,Clothing,1,Clothing,0.78922963,0.75126237,True
waste_type_identification/clothing/clothes/clothes2838.jpg,1,Clothing,1,Clothing,0.83754593,0.8005386,True
waste_type_identification/clothing/clothes/clothes2840.jpg,1,Clothing,1,Clothing,0.8106626,0.76403165,True
waste_type_identification/clothing/clothes/clothes2842.jpg,1,Clothing,1,Clothing,0.82007855,0.78456366,True
waste_type_identification/clothing/clothes/clothes2844.jpg,1,Clothing,1,Clothing,0.81668884,0.78487957,True
waste_type_identification/clothing/clothes/clothes2845.jpg,1,Clothing,1,Clothing,0.84654635,0.81536674,True
waste_type_identification/clothing/clothes/clothes2848.jpg,1,Clothing,1,Clothing,0.77447325,0.7286698,True
waste_type_identification/clothing/clothes/clothes285.jpg,1,Clothing,1,Clothing,0.8512772,0.8050259,True
waste_type_identification/clothing/clothes/clothes2851.jpg,1,Clothing,1,Clothing,0.8364688,0.79973745,True
waste_type_identification/clothing/clothes/clothes2853.jpg,1,Clothing,1,Clothing,0.82995343,0.7870305,True
waste_type_identification/clothing/clothes/clothes2857.jpg,1,Clothing,1,Clothing,0.83616376,0.80749345,True
waste_type_identification/clothing/clothes/clothes2858.jpg,1,Clothing,1,Clothing,0.80064154,0.7569676,True
waste_type_identification/clothing/clothes/clothes2863.jpg,1,Clothing,1,Clothing,0.84573287,0.8091048,True
waste_type_identification/clothing/clothes/clothes2866.jpg,1,Clothing,1,Clothing,0.82631177,0.7915341,True
waste_type_identification/clothing/clothes/clothes2868.jpg,1,Clothing,1,Clothing,0.84528387,0.8153041,True
waste_type_identification/clothing/clothes/clothes2870.jpg,1,Clothing,1,Clothing,0.7754895,0.7334661,True
waste_type_identification/clothing/clothes/clothes2872.jpg,1,Clothing,1,Clothing,0.8128582,0.7820614,True
waste_type_identification/clothing/clothes/clothes2875.jpg,1,Clothing,1,Clothing,0.7459195,0.6991544,True
waste_type_identification/clothing/clothes/clothes288.jpg,1,Clothing,1,Clothing,0.83241606,0.8010593,True
waste_type_identification/clothing/clothes/clothes2895.jpg,1,Clothing,1,Clothing,0.82656765,0.78910154,True
waste_type_identification/clothing/clothes/clothes2897.jpg,1,Clothing,1,Clothing,0.77238935,0.6965785,True
waste_type_identification/clothing/clothes/clothes2898.jpg,1,Clothing,1,Clothing,0.85205144,0.8183838,True
waste_type_identification/clothing/clothes/clothes2900.jpg,1,Clothing,1,Clothing,0.84944016,0.81833726,True
waste_type_identification/clothing/clothes/clothes2903.jpg,1,Clothing,1,Clothing,0.8175338,0.77809745,True
waste_type_identification/clothing/clothes/clothes2907.jpg,1,Clothing,1,Clothing,0.7965735,0.7635028,True
waste_type_identification/clothing/clothes/clothes2909.jpg,1,Clothing,1,Clothing,0.8049487,0.74159384,True
waste_type_identification/clothing/clothes/clothes2915.jpg,1,Clothing,1,Clothing,0.836274,0.80386436,True
waste_type_identification/clothing/clothes/clothes292.jpg,1,Clothing,1,Clothing,0.82339543,0.7872828,True
waste_type_identification/clothing/clothes/clothes2921.jpg,1,Clothing,1,Clothing,0.85052764,0.8212643,True
waste_type_identification/clothing/clothes/clothes2922.jpg,1,Clothing,1,Clothing,0.8026278,0.7565613,True
waste_type_identification/clothing/clothes/clothes2924.jpg,1,Clothing,1,Clothing,0.8555785,0.82955486,True
waste_type_identification/clothing/clothes/clothes2928.jpg,1,Clothing,1,Clothing,0.8053544,0.7576346,True
waste_type_identification/clothing/clothes/clothes2931.jpg,1,Clothing,1,Clothing,0.7995941,0.76309603,True
waste_type_identification/clothing/clothes/clothes2935.jpg,1,Clothing,1,Clothing,0.81376004,0.78027666,True
waste_type_identification/clothing/clothes/clothes2944.jpg,1,Clothing,1,Clothing,0.8006266,0.76282305,True
waste_type_identification/clothing/clothes/clothes2945.jpg,1,Clothing,1,Clothing,0.8958391,0.8571009,True
waste_type_identification/clothing/clothes/clothes2951.jpg,1,Clothing,1,Clothing,0.7949058,0.74990284,True
waste_type_identification/clothing/clothes/clothes2957.jpg,1,Clothing,1,Clothing,0.825966,0.78499615,True
waste_type_identification/clothing/clothes/clothes2969.jpg,1,Clothing,1,Clothing,0.7756633,0.7295561,True
waste_type_identification/clothing/clothes/clothes2970.jpg,1,Clothing,1,Clothing,0.81151456,0.769805,True
waste_type_identification/clothing/clothes/clothes2972.jpg,1,Clothing,1,Clothing,0.8040971,0.7566922,True
waste_type_identification/clothing/clothes/clothes2978.jpg,1,Clothing,1,Clothing,0.7944212,0.75667936,True
waste_type_identification/clothing/clothes/clothes2982.jpg,1,Clothing,1,Clothing,0.82444984,0.7962406,True
waste_type_identification/clothing/clothes/clothes2983.jpg,1,Clothing,1,Clothing,0.8028879,0.76066685,True
waste_type_identification/clothing/clothes/clothes2990.jpg,1,Clothing,1,Clothing,0.80899566,0.7672747,True
waste_type_identification/clothing/clothes/clothes2997.jpg,1,Clothing,1,Clothing,0.82104516,0.7877732,True
waste_type_identification/clothing/clothes/clothes3009.jpg,1,Clothing,1,Clothing,0.72931033,0.6137388,True
waste_type_identification/clothing/clothes/clothes3015.jpg,1,Clothing,1,Clothing,0.8063798,0.7685902,True
waste_type_identification/clothing/clothes/clothes3017.jpg,1,Clothing,1,Clothing,0.78642863,0.7471807,True
waste_type_identification/clothing/clothes/clothes3026.jpg,1,Clothing,1,Clothing,0.8159784,0.7796346,True
waste_type_identification/clothing/clothes/clothes3028.jpg,1,Clothing,1,Clothing,0.81899565,0.78246415,True
waste_type_identification/clothing/clothes/clothes3034.jpg,1,Clothing,1,Clothing,0.8273873,0.7951201,True
waste_type_identification/clothing/clothes/clothes3037.jpg,1,Clothing,1,Clothing,0.8078863,0.7732807,True
waste_type_identification/clothing/clothes/clothes3041.jpg,1,Clothing,1,Clothing,0.83340937,0.80608433,True
waste_type_identification/clothing/clothes/clothes3049.jpg,1,Clothing,1,Clothing,0.756829,0.712032,True
waste_type_identification/clothing/clothes/clothes3059.jpg,1,Clothing,1,Clothing,0.78983295,0.7489484,True
waste_type_identification/clothing/clothes/clothes3089.jpg,1,Clothing,1,Clothing,0.78565985,0.7407476,True
waste_type_identification/clothing/clothes/clothes3098.jpg,1,Clothing,1,Clothing,0.8106312,0.77769727,True
waste_type_identification/clothing/clothes/clothes310.jpg,1,Clothing,1,Clothing,0.8397291,0.8014186,True
waste_type_identification/clothing/clothes/clothes3100.jpg,1,Clothing,1,Clothing,0.83912045,0.8056024,True
waste_type_identification/clothing/clothes/clothes3104.jpg,1,Clothing,1,Clothing,0.88126904,0.85667104,True
waste_type_identification/clothing/clothes/clothes3107.jpg,1,Clothing,1,Clothing,0.8495934,0.8191898,True
waste_type_identification/clothing/clothes/clothes3112.jpg,1,Clothing,1,Clothing,0.82433146,0.791489,True
waste_type_identification/clothing/clothes/clothes3115.jpg,1,Clothing,1,Clothing,0.8057655,0.76341736,True
waste_type_identification/clothing/clothes/clothes3116.jpg,1,Clothing,1,Clothing,0.80285853,0.76529413,True
waste_type_identification/clothing/clothes/clothes3119.jpg,1,Clothing,1,Clothing,0.8433716,0.8120416,True
waste_type_identification/clothing/clothes/clothes3121.jpg,1,Clothing,1,Clothing,0.8459761,0.81762606,True
waste_type_identification/clothing/clothes/clothes3122.jpg,1,Clothing,1,Clothing,0.8356349,0.8006107,True
waste_type_identification/clothing/clothes/clothes3127.jpg,1,Clothing,1,Clothing,0.8391509,0.8082958,True
waste_type_identification/clothing/clothes/clothes3132.jpg,1,Clothing,1,Clothing,0.7224335,0.66200894,True
waste_type_identification/clothing/clothes/clothes3137.jpg,1,Clothing,1,Clothing,0.78632224,0.7474112,True
waste_type_identification/clothing/clothes/clothes3141.jpg,1,Clothing,1,Clothing,0.82427305,0.793415,True
waste_type_identification/clothing/clothes/clothes3142.jpg,1,Clothing,1,Clothing,0.8368353,0.80781096,True
waste_type_identification/clothing/clothes/clothes3143.jpg,1,Clothing,1,Clothing,0.78947204,0.7505734,True
waste_type_identification/clothing/clothes/clothes315.jpg,1,Clothing,1,Clothing,0.85886735,0.83019465,True
waste_type_identification/clothing/clothes/clothes3155.jpg,1,Clothing,1,Clothing,0.8223502,0.78894013,True
waste_type_identification/clothing/clothes/clothes3161.jpg,1,Clothing,1,Clothing,0.8575832,0.8207841,True
waste_type_identification/clothing/clothes/clothes3166.jpg,1,Clothing,1,Clothing,0.8477565,0.81683666,True
waste_type_identification/clothing/clothes/clothes3169.jpg,1,Clothing,1,Clothing,0.8566927,0.83044696,True
waste_type_identification/clothing/clothes/clothes3176.jpg,1,Clothing,1,Clothing,0.8284369,0.7814687,True
waste_type_identification/clothing/clothes/clothes3178.jpg,1,Clothing,1,Clothing,0.763828,0.71986943,True
waste_type_identification/clothing/clothes/clothes3180.jpg,1,Clothing,1,Clothing,0.7819395,0.7344238,True
waste_type_identification/clothing/clothes/clothes3181.jpg,1,Clothing,1,Clothing,0.8059693,0.7656225,True
waste_type_identification/clothing/clothes/clothes3184.jpg,1,Clothing,1,Clothing,0.8234412,0.7591426,True
waste_type_identification/clothing/clothes/clothes3186.jpg,1,Clothing,1,Clothing,0.8073722,0.77381605,True
waste_type_identification/clothing/clothes/clothes3189.jpg,1,Clothing,1,Clothing,0.8216714,0.79217666,True
waste_type_identification/clothing/clothes/clothes3198.jpg,1,Clothing,1,Clothing,0.8216062,0.77723485,True
waste_type_identification/clothing/clothes/clothes3201.jpg,1,Clothing,1,Clothing,0.83721703,0.8022109,True
waste_type_identification/clothing/clothes/clothes3202.jpg,1,Clothing,1,Clothing,0.8508048,0.82226276,True
waste_type_identification/clothing/clothes/clothes3213.jpg,1,Clothing,1,Clothing,0.807387,0.7740793,True
waste_type_identification/clothing/clothes/clothes3218.jpg,1,Clothing,1,Clothing,0.7596662,0.70884943,True
waste_type_identification/clothing/clothes/clothes3220.jpg,1,Clothing,1,Clothing,0.8291941,0.7897485,True
waste_type_identification/clothing/clothes/clothes3225.jpg,1,Clothing,1,Clothing,0.8187403,0.7727706,True
waste_type_identification/clothing/clothes/clothes3232.jpg,1,Clothing,1,Clothing,0.73178434,0.64721835,True
waste_type_identification/clothing/clothes/clothes324.jpg,1,Clothing,1,Clothing,0.8103614,0.77708125,True
waste_type_identification/clothing/clothes/clothes325.jpg,1,Clothing,1,Clothing,0.8471548,0.81432694,True
waste_type_identification/clothing/clothes/clothes3254.jpg,1,Clothing,1,Clothing,0.81691486,0.7863793,True
waste_type_identification/clothing/clothes/clothes3255.jpg,1,Clothing,1,Clothing,0.8046375,0.7694286,True
waste_type_identification/clothing/clothes/clothes3261.jpg,1,Clothing,1,Clothing,0.7895672,0.74873126,True
waste_type_identification/clothing/clothes/clothes3278.jpg,1,Clothing,1,Clothing,0.79598504,0.75757337,True
waste_type_identification/clothing/clothes/clothes3283.jpg,1,Clothing,1,Clothing,0.8270702,0.7879902,True
waste_type_identification/clothing/clothes/clothes3286.jpg,1,Clothing,1,Clothing,0.7777926,0.73943686,True
waste_type_identification/clothing/clothes/clothes329.jpg,1,Clothing,1,Clothing,0.8262027,0.7956837,True
waste_type_identification/clothing/clothes/clothes3295.jpg,1,Clothing,1,Clothing,0.78407323,0.7353589,True
waste_type_identification/clothing/clothes/clothes3297.jpg,1,Clothing,1,Clothing,0.8142528,0.7808668,True
waste_type_identification/clothing/clothes/clothes3302.jpg,1,Clothing,1,Clothing,0.8467616,0.82093984,True
waste_type_identification/clothing/clothes/clothes3314.jpg,1,Clothing,1,Clothing,0.83008456,0.7901865,True
waste_type_identification/clothing/clothes/clothes3336.jpg,1,Clothing,1,Clothing,0.80726695,0.7737951,True
waste_type_identification/clothing/clothes/clothes3338.jpg,1,Clothing,1,Clothing,0.7587154,0.7146672,True
waste_type_identification/clothing/clothes/clothes3342.jpg,1,Clothing,1,Clothing,0.8042372,0.7550999,True
waste_type_identification/clothing/clothes/clothes3358.jpg,1,Clothing,1,Clothing,0.8211373,0.7826177,True
waste_type_identification/clothing/clothes/clothes3360.jpg,1,Clothing,1,Clothing,0.7824222,0.7159922,True
waste_type_identification/clothing/clothes/clothes3361.jpg,1,Clothing,1,Clothing,0.8367339,0.806248,True
waste_type_identification/clothing/clothes/clothes3362.jpg,1,Clothing,1,Clothing,0.80954164,0.7767842,True
waste_type_identification/clothing/clothes/clothes3367.jpg,1,Clothing,1,Clothing,0.842838,0.8116178,True
waste_type_identification/clothing/clothes/clothes3368.jpg,1,Clothing,1,Clothing,0.80625397,0.7738418,True
waste_type_identification/clothing/clothes/clothes3370.jpg,1,Clothing,1,Clothing,0.82831264,0.7914182,True
waste_type_identification/clothing/clothes/clothes3371.jpg,1,Clothing,1,Clothing,0.82282144,0.78389454,True
waste_type_identification/clothing/clothes/clothes3372.jpg,1,Clothing,1,Clothing,0.8401602,0.81244564,True
waste_type_identification/clothing/clothes/clothes3374.jpg,1,Clothing,1,Clothing,0.76811516,0.69628227,True
waste_type_identification/clothing/clothes/clothes338.jpg,1,Clothing,1,Clothing,0.8156187,0.7815446,True
waste_type_identification/clothing/clothes/clothes3390.jpg,1,Clothing,1,Clothing,0.82294583,0.7934318,True
waste_type_identification/clothing/clothes/clothes34.jpg,1,Clothing,1,Clothing,0.8384801,0.8082461,True
waste_type_identification/clothing/clothes/clothes3405.jpg,1,Clothing,1,Clothing,0.75773424,0.711153,True
waste_type_identification/clothing/clothes/clothes341.jpg,1,Clothing,1,Clothing,0.79316545,0.75626135,True
waste_type_identification/clothing/clothes/clothes3411.jpg,1,Clothing,1,Clothing,0.8254046,0.79331577,True
waste_type_identification/clothing/clothes/clothes3412.jpg,1,Clothing,1,Clothing,0.8429479,0.8011315,True
waste_type_identification/clothing/clothes/clothes3436.jpg,1,Clothing,1,Clothing,0.79432696,0.755301,True
waste_type_identification/clothing/clothes/clothes3439.jpg,1,Clothing,1,Clothing,0.8351696,0.80484694,True
waste_type_identification/clothing/clothes/clothes344.jpg,1,Clothing,1,Clothing,0.86096257,0.8350497,True
waste_type_identification/clothing/clothes/clothes3440.jpg,1,Clothing,1,Clothing,0.8262806,0.79502434,True
waste_type_identification/clothing/clothes/clothes3444.jpg,1,Clothing,1,Clothing,0.79710203,0.7571476,True
waste_type_identification/clothing/clothes/clothes3446.jpg,1,Clothing,1,Clothing,0.83001524,0.79060686,True
waste_type_identification/clothing/clothes/clothes3447.jpg,1,Clothing,1,Clothing,0.8458894,0.81346333,True
waste_type_identification/clothing/clothes/clothes3456.jpg,1,Clothing,1,Clothing,0.81901914,0.7822499,True
waste_type_identification/clothing/clothes/clothes346.jpg,1,Clothing,1,Clothing,0.8370759,0.804544,True
waste_type_identification/clothing/clothes/clothes3461.jpg,1,Clothing,1,Clothing,0.8316505,0.7906578,True
waste_type_identification/clothing/clothes/clothes3462.jpg,1,Clothing,1,Clothing,0.82981014,0.7969185,True
waste_type_identification/clothing/clothes/clothes3465.jpg,1,Clothing,1,Clothing,0.83654535,0.7797344,True
waste_type_identification/clothing/clothes/clothes347.jpg,1,Clothing,1,Clothing,0.81300884,0.7717669,True
waste_type_identification/clothing/clothes/clothes3476.jpg,1,Clothing,1,Clothing,0.80853397,0.7340336,True
waste_type_identification/clothing/clothes/clothes3484.jpg,1,Clothing,1,Clothing,0.8008541,0.7643393,True
waste_type_identification/clothing/clothes/clothes3485.jpg,1,Clothing,1,Clothing,0.8413195,0.8068122,True
waste_type_identification/clothing/clothes/clothes3490.jpg,1,Clothing,1,Clothing,0.79750013,0.76205933,True
waste_type_identification/clothing/clothes/clothes3491.jpg,1,Clothing,1,Clothing,0.7983865,0.75855845,True
waste_type_identification/clothing/clothes/clothes3494.jpg,1,Clothing,1,Clothing,0.7764492,0.73053885,True
waste_type_identification/clothing/clothes/clothes350.jpg,1,Clothing,1,Clothing,0.83735967,0.8062756,True
waste_type_identification/clothing/clothes/clothes3512.jpg,1,Clothing,1,Clothing,0.80516946,0.7690942,True
waste_type_identification/clothing/clothes/clothes3519.jpg,1,Clothing,1,Clothing,0.8043037,0.7699921,True
waste_type_identification/clothing/clothes/clothes3524.jpg,1,Clothing,1,Clothing,0.7706712,0.7144331,True
waste_type_identification/clothing/clothes/clothes3526.jpg,1,Clothing,1,Clothing,0.84336096,0.8145433,True
waste_type_identification/clothing/clothes/clothes3540.jpg,1,Clothing,1,Clothing,0.83700716,0.8029241,True
waste_type_identification/clothing/clothes/clothes3546.jpg,1,Clothing,1,Clothing,0.8449321,0.8076226,True
waste_type_identification/clothing/clothes/clothes3548.jpg,1,Clothing,1,Clothing,0.77398354,0.73742723,True
waste_type_identification/clothing/clothes/clothes3559.jpg,1,Clothing,1,Clothing,0.830341,0.7905315,True
waste_type_identification/clothing/clothes/clothes3562.jpg,1,Clothing,1,Clothing,0.8153771,0.7766217,True
waste_type_identification/clothing/clothes/clothes3566.jpg,1,Clothing,1,Clothing,0.8184782,0.78527355,True
waste_type_identification/clothing/clothes/clothes3567.jpg,1,Clothing,1,Clothing,0.84918314,0.8232794,True
waste_type_identification/clothing/clothes/clothes3568.jpg,1,Clothing,1,Clothing,0.8220813,0.7889856,True
waste_type_identification/clothing/clothes/clothes3574.jpg,1,Clothing,1,Clothing,0.84751683,0.81687504,True
waste_type_identification/clothing/clothes/clothes3576.jpg,1,Clothing,1,Clothing,0.80183107,0.76590526,True
waste_type_identification/clothing/clothes/clothes3579.jpg,1,Clothing,1,Clothing,0.79785156,0.75790685,True
waste_type_identification/clothing/clothes/clothes3584.jpg,1,Clothing,1,Clothing,0.84266174,0.8129327,True
waste_type_identification/clothing/clothes/clothes3587.jpg,1,Clothing,1,Clothing,0.8131387,0.7801091,True
waste_type_identification/clothing/clothes/clothes36.jpg,1,Clothing,1,Clothing,0.8514984,0.8111603,True
waste_type_identification/clothing/clothes/clothes3600.jpg,1,Clothing,1,Clothing,0.83852303,0.809441,True
waste_type_identification/clothing/clothes/clothes3605.jpg,1,Clothing,1,Clothing,0.8167361,0.7821594,True
waste_type_identification/clothing/clothes/clothes3607.jpg,1,Clothing,1,Clothing,0.78951967,0.7309716,True
waste_type_identification/clothing/clothes/clothes361.jpg,1,Clothing,1,Clothing,0.78441525,0.74548274,True
waste_type_identification/clothing/clothes/clothes362.jpg,1,Clothing,1,Clothing,0.8177362,0.78657615,True
waste_type_identification/clothing/clothes/clothes3621.jpg,1,Clothing,1,Clothing,0.8544275,0.82461447,True
waste_type_identification/clothing/clothes/clothes3626.jpg,1,Clothing,1,Clothing,0.7833257,0.7270103,True
waste_type_identification/clothing/clothes/clothes3627.jpg,1,Clothing,1,Clothing,0.8228355,0.79088324,True
waste_type_identification/clothing/clothes/clothes3634.jpg,1,Clothing,1,Clothing,0.8228212,0.7852964,True
waste_type_identification/clothing/clothes/clothes3636.jpg,1,Clothing,1,Clothing,0.81963784,0.781838,True
waste_type_identification/clothing/clothes/clothes3640.jpg,1,Clothing,1,Clothing,0.8270417,0.7898758,True
waste_type_identification/clothing/clothes/clothes3641.jpg,1,Clothing,1,Clothing,0.8268079,0.7955559,True
waste_type_identification/clothing/clothes/clothes3643.jpg,1,Clothing,1,Clothing,0.8470178,0.81674,True
waste_type_identification/clothing/clothes/clothes3650.jpg,1,Clothing,1,Clothing,0.78575295,0.73589605,True
waste_type_identification/clothing/clothes/clothes3657.jpg,1,Clothing,1,Clothing,0.84671116,0.8186869,True
waste_type_identification/clothing/clothes/clothes366.jpg,1,Clothing,1,Clothing,0.83776885,0.80646217,True
waste_type_identification/clothing/clothes/clothes3661.jpg,1,Clothing,1,Clothing,0.85527086,0.8306096,True
waste_type_identification/clothing/clothes/clothes3668.jpg,1,Clothing,1,Clothing,0.78428817,0.73112625,True
waste_type_identification/clothing/clothes/clothes3671.jpg,1,Clothing,1,Clothing,0.83075243,0.8003435,True
waste_type_identification/clothing/clothes/clothes3673.jpg,1,Clothing,1,Clothing,0.845405,0.8141857,True
waste_type_identification/clothing/clothes/clothes3680.jpg,1,Clothing,1,Clothing,0.8158281,0.7784418,True
waste_type_identification/clothing/clothes/clothes3684.jpg,1,Clothing,1,Clothing,0.76428753,0.67433584,True
waste_type_identification/clothing/clothes/clothes369.jpg,1,Clothing,1,Clothing,0.78118426,0.736578,True
waste_type_identification/clothing/clothes/clothes3694.jpg,1,Clothing,1,Clothing,0.7660089,0.7033791,True
waste_type_identification/clothing/clothes/clothes3702.jpg,1,Clothing,1,Clothing,0.86161786,0.833587,True
waste_type_identification/clothing/clothes/clothes3703.jpg,1,Clothing,1,Clothing,0.811279,0.7695481,True
waste_type_identification/clothing/clothes/clothes3712.jpg,1,Clothing,1,Clothing,0.45236713,0.15304533,True
waste_type_identification/clothing/clothes/clothes3717.jpg,1,Clothing,1,Clothing,0.8479508,0.81866616,True
waste_type_identification/clothing/clothes/clothes3719.jpg,1,Clothing,1,Clothing,0.8426108,0.8141381,True
waste_type_identification/clothing/clothes/clothes3724.jpg,1,Clothing,1,Clothing,0.81665313,0.7857681,True
waste_type_identification/clothing/clothes/clothes3726.jpg,1,Clothing,1,Clothing,0.8297251,0.7956246,True
waste_type_identification/clothing/clothes/clothes3735.jpg,1,Clothing,1,Clothing,0.8063634,0.7700361,True
waste_type_identification/clothing/clothes/clothes3736.jpg,1,Clothing,1,Clothing,0.7971447,0.7570714,True
waste_type_identification/clothing/clothes/clothes3737.jpg,1,Clothing,1,Clothing,0.79637545,0.75381637,True
waste_type_identification/clothing/clothes/clothes3746.jpg,1,Clothing,1,Clothing,0.8216118,0.7895991,True
waste_type_identification/clothing/clothes/clothes3748.jpg,1,Clothing,1,Clothing,0.8032524,0.7621509,True
waste_type_identification/clothing/clothes/clothes375.jpg,1,Clothing,1,Clothing,0.8091747,0.7676492,True
waste_type_identification/clothing/clothes/clothes3750.jpg,1,Clothing,1,Clothing,0.8003069,0.76447666,True
waste_type_identification/clothing/clothes/clothes376.jpg,1,Clothing,1,Clothing,0.8255013,0.78865683,True
waste_type_identification/clothing/clothes/clothes3760.jpg,1,Clothing,1,Clothing,0.7946715,0.75697464,True
waste_type_identification/clothing/clothes/clothes3764.jpg,1,Clothing,1,Clothing,0.8079302,0.7714754,True
waste_type_identification/clothing/clothes/clothes3770.jpg,1,Clothing,1,Clothing,0.84343934,0.8115238,True
waste_type_identification/clothing/clothes/clothes3772.jpg,1,Clothing,1,Clothing,0.8327208,0.8028559,True
waste_type_identification/clothing/clothes/clothes3783.jpg,1,Clothing,1,Clothing,0.8018515,0.7666727,True
waste_type_identification/clothing/clothes/clothes3787.jpg,1,Clothing,1,Clothing,0.8115284,0.77978414,True
waste_type_identification/clothing/clothes/clothes3793.jpg,1,Clothing,1,Clothing,0.8156057,0.7731392,True
waste_type_identification/clothing/clothes/clothes3799.jpg,1,Clothing,1,Clothing,0.8332373,0.8004128,True
waste_type_identification/clothing/clothes/clothes38.jpg,1,Clothing,1,Clothing,0.80398667,0.7635714,True
waste_type_identification/clothing/clothes/clothes3802.jpg,1,Clothing,1,Clothing,0.8021038,0.76153123,True
waste_type_identification/clothing/clothes/clothes3804.jpg,1,Clothing,1,Clothing,0.8146818,0.76867676,True
waste_type_identification/clothing/clothes/clothes3807.jpg,1,Clothing,1,Clothing,0.7523149,0.6842073,True
waste_type_identification/clothing/clothes/clothes3810.jpg,1,Clothing,1,Clothing,0.83229196,0.79535145,True
waste_type_identification/clothing/clothes/clothes3829.jpg,1,Clothing,1,Clothing,0.8338628,0.8033537,True
waste_type_identification/clothing/clothes/clothes3831.jpg,1,Clothing,1,Clothing,0.7936087,0.7568557,True
waste_type_identification/clothing/clothes/clothes3836.jpg,1,Clothing,1,Clothing,0.79488134,0.75779617,True
waste_type_identification/clothing/clothes/clothes3839.jpg,1,Clothing,1,Clothing,0.8236848,0.79229075,True
waste_type_identification/clothing/clothes/clothes384.jpg,1,Clothing,1,Clothing,0.8154579,0.7768955,True
waste_type_identification/clothing/clothes/clothes3840.jpg,1,Clothing,1,Clothing,0.78788435,0.74978733,True
waste_type_identification/clothing/clothes/clothes3843.jpg,1,Clothing,1,Clothing,0.47538674,0.13284862,True
waste_type_identification/clothing/clothes/clothes3852.jpg,1,Clothing,1,Clothing,0.61484396,0.48094213,True
waste_type_identification/clothing/clothes/clothes3855.jpg,1,Clothing,1,Clothing,0.86320066,0.835518,True
waste_type_identification/clothing/clothes/clothes3856.jpg,1,Clothing,1,Clothing,0.791887,0.75140846,True
waste_type_identification/clothing/clothes/clothes3859.jpg,1,Clothing,1,Clothing,0.8230599,0.79112494,True
waste_type_identification/clothing/clothes/clothes386.jpg,1,Clothing,1,Clothing,0.7929979,0.7503954,True
waste_type_identification/clothing/clothes/clothes3860.jpg,1,Clothing,1,Clothing,0.6197484,0.47793907,True
waste_type_identification/clothing/clothes/clothes3861.jpg,1,Clothing,1,Clothing,0.81295156,0.77975696,True
waste_type_identification/clothing/clothes/clothes3867.jpg,1,Clothing,1,Clothing,0.7678377,0.6767098,True
waste_type_identification/clothing/clothes/clothes3869.jpg,1,Clothing,1,Clothing,0.8030038,0.7637059,True
waste_type_identification/clothing/clothes/clothes3870.jpg,1,Clothing,1,Clothing,0.7981425,0.76072896,True
waste_type_identification/clothing/clothes/clothes3871.jpg,1,Clothing,1,Clothing,0.7997714,0.7520054,True
waste_type_identification/clothing/clothes/clothes3872.jpg,1,Clothing,1,Clothing,0.8092161,0.7734577,True
waste_type_identification/clothing/clothes/clothes3880.jpg,1,Clothing,1,Clothing,0.82041115,0.7868524,True
waste_type_identification/clothing/clothes/clothes3884.jpg,1,Clothing,1,Clothing,0.8001196,0.7475683,True
waste_type_identification/clothing/clothes/clothes3890.jpg,1,Clothing,1,Clothing,0.80441266,0.7630549,True
waste_type_identification/clothing/clothes/clothes3894.jpg,1,Clothing,1,Clothing,0.8494017,0.8227832,True
waste_type_identification/clothing/clothes/clothes390.jpg,1,Clothing,1,Clothing,0.82424885,0.7934982,True
waste_type_identification/clothing/clothes/clothes3900.jpg,1,Clothing,1,Clothing,0.8374044,0.80390084,True
waste_type_identification/clothing/clothes/clothes3901.jpg,1,Clothing,1,Clothing,0.8143313,0.77577513,True
waste_type_identification/clothing/clothes/clothes3904.jpg,1,Clothing,1,Clothing,0.85494304,0.8218404,True
waste_type_identification/clothing/clothes/clothes3906.jpg,1,Clothing,1,Clothing,0.83436996,0.80660295,True
waste_type_identification/clothing/clothes/clothes3908.jpg,1,Clothing,1,Clothing,0.84447896,0.8057024,True
waste_type_identification/clothing/clothes/clothes3909.jpg,1,Clothing,1,Clothing,0.80128694,0.760163,True
waste_type_identification/clothing/clothes/clothes3914.jpg,1,Clothing,1,Clothing,0.80448985,0.764213,True
waste_type_identification/clothing/clothes/clothes3916.jpg,1,Clothing,1,Clothing,0.7879972,0.7430717,True
waste_type_identification/clothing/clothes/clothes3923.jpg,1,Clothing,1,Clothing,0.72162646,0.66812295,True
waste_type_identification/clothing/clothes/clothes3945.jpg,1,Clothing,1,Clothing,0.7963289,0.7610493,True
waste_type_identification/clothing/clothes/clothes3951.jpg,1,Clothing,1,Clothing,0.8178633,0.78688425,True
waste_type_identification/clothing/clothes/clothes3952.jpg,1,Clothing,1,Clothing,0.7655292,0.71750885,True
waste_type_identification/clothing/clothes/clothes3961.jpg,1,Clothing,1,Clothing,0.8151222,0.7843762,True
waste_type_identification/clothing/clothes/clothes3963.jpg,1,Clothing,1,Clothing,0.8249676,0.7918257,True
waste_type_identification/clothing/clothes/clothes3964.jpg,1,Clothing,1,Clothing,0.8005672,0.7418106,True
waste_type_identification/clothing/clothes/clothes397.jpg,1,Clothing,1,Clothing,0.8294413,0.7935729,True
waste_type_identification/clothing/clothes/clothes3979.jpg,1,Clothing,1,Clothing,0.80292624,0.7594075,True
waste_type_identification/clothing/clothes/clothes3992.jpg,1,Clothing,1,Clothing,0.822864,0.78655845,True
waste_type_identification/clothing/clothes/clothes3996.jpg,1,Clothing,1,Clothing,0.7982708,0.76348186,True
waste_type_identification/clothing/clothes/clothes400.jpg,1,Clothing,1,Clothing,0.8083607,0.7665831,True
waste_type_identification/clothing/clothes/clothes4002.jpg,1,Clothing,1,Clothing,0.81836414,0.7791369,True
waste_type_identification/clothing/clothes/clothes4006.jpg,1,Clothing,1,Clothing,0.8231797,0.78967196,True
waste_type_identification/clothing/clothes/clothes4008.jpg,1,Clothing,1,Clothing,0.8207663,0.7901382,True
waste_type_identification/clothing/clothes/clothes4014.jpg,1,Clothing,1,Clothing,0.7918112,0.7342672,True
waste_type_identification/clothing/clothes/clothes4019.jpg,1,Clothing,1,Clothing,0.85045123,0.8215718,True
waste_type_identification/clothing/clothes/clothes4021.jpg,1,Clothing,1,Clothing,0.88475806,0.85794073,True
waste_type_identification/clothing/clothes/clothes4025.jpg,1,Clothing,1,Clothing,0.84952325,0.81865025,True
waste_type_identification/clothing/clothes/clothes4026.jpg,1,Clothing,1,Clothing,0.77005607,0.73154527,True
waste_type_identification/clothing/clothes/clothes4029.jpg,1,Clothing,1,Clothing,0.8337173,0.8021334,True
waste_type_identification/clothing/clothes/clothes403.jpg,1,Clothing,1,Clothing,0.8323698,0.8027018,True
waste_type_identification/clothing/clothes/clothes4030.jpg,1,Clothing,1,Clothing,0.825801,0.7946064,True
waste_type_identification/clothing/clothes/clothes4032.jpg,1,Clothing,1,Clothing,0.79596215,0.7563019,True
waste_type_identification/clothing/clothes/clothes4035.jpg,1,Clothing,1,Clothing,0.8187885,0.78382725,True
waste_type_identification/clothing/clothes/clothes4037.jpg,1,Clothing,1,Clothing,0.8043814,0.7667525,True
waste_type_identification/clothing/clothes/clothes4040.jpg,1,Clothing,1,Clothing,0.74598336,0.69961005,True
waste_type_identification/clothing/clothes/clothes4045.jpg,1,Clothing,1,Clothing,0.8308848,0.7921568,True
waste_type_identification/clothing/clothes/clothes4047.jpg,1,Clothing,1,Clothing,0.8427239,0.8018586,True
waste_type_identification/clothing/clothes/clothes4049.jpg,1,Clothing,1,Clothing,0.79809344,0.7611157,True
waste_type_identification/clothing/clothes/clothes4050.jpg,1,Clothing,1,Clothing,0.8510839,0.8242324,True
waste_type_identification/clothing/clothes/clothes406.jpg,1,Clothing,1,Clothing,0.79222405,0.7438681,True
waste_type_identification/clothing/clothes/clothes4072.jpg,1,Clothing,1,Clothing,0.8357798,0.79523563,True
waste_type_identification/clothing/clothes/clothes4073.jpg,1,Clothing,1,Clothing,0.835707,0.8027917,True
waste_type_identification/clothing/clothes/clothes4074.jpg,1,Clothing,1,Clothing,0.8198223,0.7886557,True
waste_type_identification/clothing/clothes/clothes4083.jpg,1,Clothing,1,Clothing,0.80283815,0.7547676,True
waste_type_identification/clothing/clothes/clothes4086.jpg,1,Clothing,1,Clothing,0.8237652,0.79048544,True
waste_type_identification/clothing/clothes/clothes4088.jpg,1,Clothing,1,Clothing,0.8001392,0.7560911,True
waste_type_identification/clothing/clothes/clothes4102.jpg,1,Clothing,1,Clothing,0.79499894,0.7561908,True
waste_type_identification/clothing/clothes/clothes4104.jpg,1,Clothing,1,Clothing,0.79664433,0.7595887,True
waste_type_identification/clothing/clothes/clothes4105.jpg,1,Clothing,1,Clothing,0.84636384,0.8122768,True
waste_type_identification/clothing/clothes/clothes4106.jpg,1,Clothing,1,Clothing,0.7797331,0.7391121,True
waste_type_identification/clothing/clothes/clothes4113.jpg,1,Clothing,1,Clothing,0.848688,0.82187784,True
waste_type_identification/clothing/clothes/clothes4114.jpg,1,Clothing,1,Clothing,0.81089985,0.773901,True
waste_type_identification/clothing/clothes/clothes4118.jpg,1,Clothing,1,Clothing,0.7935683,0.7522769,True
waste_type_identification/clothing/clothes/clothes4123.jpg,1,Clothing,1,Clothing,0.8023881,0.76332134,True
waste_type_identification/clothing/clothes/clothes4127.jpg,1,Clothing,1,Clothing,0.80291945,0.7616924,True
waste_type_identification/clothing/clothes/clothes4135.jpg,1,Clothing,1,Clothing,0.8145141,0.7774766,True
waste_type_identification/clothing/clothes/clothes414.jpg,1,Clothing,1,Clothing,0.81095743,0.7723588,True
waste_type_identification/clothing/clothes/clothes4144.jpg,1,Clothing,1,Clothing,0.82190394,0.7886504,True
waste_type_identification/clothing/clothes/clothes4145.jpg,1,Clothing,1,Clothing,0.824662,0.79354876,True
waste_type_identification/clothing/clothes/clothes4149.jpg,1,Clothing,1,Clothing,0.858818,0.8248758,True
waste_type_identification/clothing/clothes/clothes4150.jpg,1,Clothing,1,Clothing,0.80081785,0.7397238,True
waste_type_identification/clothing/clothes/clothes4151.jpg,1,Clothing,1,Clothing,0.84502697,0.81422234,True
waste_type_identification/clothing/clothes/clothes4155.jpg,1,Clothing,1,Clothing,0.79386765,0.7578179,True
waste_type_identification/clothing/clothes/clothes4156.jpg,1,Clothing,1,Clothing,0.8070486,0.7635372,True
waste_type_identification/clothing/clothes/clothes4159.jpg,1,Clothing,1,Clothing,0.8249052,0.7910712,True
waste_type_identification/clothing/clothes/clothes4168.jpg,1,Clothing,1,Clothing,0.79642797,0.75806284,True
waste_type_identification/clothing/clothes/clothes4172.jpg,1,Clothing,1,Clothing,0.8348221,0.8027245,True
waste_type_identification/clothing/clothes/clothes4176.jpg,1,Clothing,1,Clothing,0.72156686,0.5792336,True
waste_type_identification/clothing/clothes/clothes4177.jpg,1,Clothing,1,Clothing,0.8404742,0.806324,True
waste_type_identification/clothing/clothes/clothes4179.jpg,1,Clothing,1,Clothing,0.8483966,0.81116515,True
waste_type_identification/clothing/clothes/clothes4193.jpg,1,Clothing,1,Clothing,0.79158103,0.7486973,True
waste_type_identification/clothing/clothes/clothes4197.jpg,1,Clothing,1,Clothing,0.7892018,0.74825084,True
waste_type_identification/clothing/clothes/clothes4203.jpg,1,Clothing,1,Clothing,0.8075082,0.77353126,True
waste_type_identification/clothing/clothes/clothes4206.jpg,1,Clothing,1,Clothing,0.8230808,0.7889108,True
waste_type_identification/clothing/clothes/clothes4208.jpg,1,Clothing,1,Clothing,0.81904966,0.7867063,True
waste_type_identification/clothing/clothes/clothes421.jpg,1,Clothing,1,Clothing,0.8371376,0.80452096,True
waste_type_identification/clothing/clothes/clothes4210.jpg,1,Clothing,1,Clothing,0.8370001,0.80682176,True
waste_type_identification/clothing/clothes/clothes4213.jpg,1,Clothing,1,Clothing,0.80086726,0.7602846,True
waste_type_identification/clothing/clothes/clothes4218.jpg,1,Clothing,1,Clothing,0.75225055,0.6640991,True
waste_type_identification/clothing/clothes/clothes4227.jpg,1,Clothing,1,Clothing,0.8499867,0.8179563,True
waste_type_identification/clothing/clothes/clothes4230.jpg,1,Clothing,1,Clothing,0.86931175,0.83995754,True
waste_type_identification/clothing/clothes/clothes4233.jpg,1,Clothing,1,Clothing,0.81134754,0.7479319,True
waste_type_identification/clothing/clothes/clothes4234.jpg,1,Clothing,1,Clothing,0.7312042,0.6658111,True
waste_type_identification/clothing/clothes/clothes4236.jpg,1,Clothing,1,Clothing,0.8326484,0.7997497,True
waste_type_identification/clothing/clothes/clothes4237.jpg,1,Clothing,1,Clothing,0.815441,0.76673687,True
waste_type_identification/clothing/clothes/clothes4239.jpg,1,Clothing,1,Clothing,0.84465176,0.8046686,True
waste_type_identification/clothing/clothes/clothes4247.jpg,1,Clothing,1,Clothing,0.82430685,0.79065055,True
waste_type_identification/clothing/clothes/clothes4248.jpg,1,Clothing,1,Clothing,0.8141893,0.7790855,True
waste_type_identification/clothing/clothes/clothes426.jpg,1,Clothing,1,Clothing,0.80268,0.7606178,True
waste_type_identification/clothing/clothes/clothes4265.jpg,1,Clothing,1,Clothing,0.81249523,0.7737107,True
waste_type_identification/clothing/clothes/clothes4269.jpg,1,Clothing,1,Clothing,0.8038178,0.76393795,True
waste_type_identification/clothing/clothes/clothes4270.jpg,1,Clothing,1,Clothing,0.79465014,0.7514462,True
waste_type_identification/clothing/clothes/clothes4273.jpg,1,Clothing,1,Clothing,0.7971616,0.7551184,True
waste_type_identification/clothing/clothes/clothes4275.jpg,1,Clothing,1,Clothing,0.83427554,0.7975985,True
waste_type_identification/clothing/clothes/clothes4277.jpg,1,Clothing,1,Clothing,0.8380625,0.80290484,True
waste_type_identification/clothing/clothes/clothes4278.jpg,1,Clothing,1,Clothing,0.59082836,0.41047347,True
waste_type_identification/clothing/clothes/clothes4288.jpg,1,Clothing,1,Clothing,0.8188127,0.7872265,True
waste_type_identification/clothing/clothes/clothes4296.jpg,1,Clothing,1,Clothing,0.84692734,0.8173505,True
waste_type_identification/clothing/clothes/clothes4298.jpg,1,Clothing,1,Clothing,0.8105891,0.7751092,True
waste_type_identification/clothing/clothes/clothes4304.jpg,1,Clothing,1,Clothing,0.7313858,0.682867,True
waste_type_identification/clothing/clothes/clothes4306.jpg,1,Clothing,1,Clothing,0.83303636,0.7977684,True
waste_type_identification/clothing/clothes/clothes4307.jpg,1,Clothing,1,Clothing,0.8363819,0.80496293,True
waste_type_identification/clothing/clothes/clothes4308.jpg,1,Clothing,1,Clothing,0.84086347,0.80671316,True
waste_type_identification/clothing/clothes/clothes4311.jpg,1,Clothing,1,Clothing,0.81528133,0.78277075,True
waste_type_identification/clothing/clothes/clothes4313.jpg,1,Clothing,1,Clothing,0.7823216,0.71281797,True
waste_type_identification/clothing/clothes/clothes4317.jpg,1,Clothing,1,Clothing,0.78913474,0.7353569,True
waste_type_identification/clothing/clothes/clothes4324.jpg,1,Clothing,1,Clothing,0.8125158,0.775699,True
waste_type_identification/clothing/clothes/clothes433.jpg,1,Clothing,1,Clothing,0.8200303,0.7845831,True
waste_type_identification/clothing/clothes/clothes4330.jpg,1,Clothing,1,Clothing,0.76972705,0.6634077,True
waste_type_identification/clothing/clothes/clothes434.jpg,1,Clothing,1,Clothing,0.81261104,0.7719205,True
waste_type_identification/clothing/clothes/clothes4340.jpg,1,Clothing,1,Clothing,0.8267815,0.7936244,True
waste_type_identification/clothing/clothes/clothes4341.jpg,1,Clothing,1,Clothing,0.8222312,0.789697,True
waste_type_identification/clothing/clothes/clothes4346.jpg,1,Clothing,1,Clothing,0.78763086,0.7391064,True
waste_type_identification/clothing/clothes/clothes4352.jpg,1,Clothing,1,Clothing,0.83339864,0.80324316,True
waste_type_identification/clothing/clothes/clothes4355.jpg,1,Clothing,1,Clothing,0.801102,0.75854284,True
waste_type_identification/clothing/clothes/clothes4363.jpg,1,Clothing,1,Clothing,0.8013378,0.766167,True
waste_type_identification/clothing/clothes/clothes4366.jpg,1,Clothing,1,Clothing,0.3785044,0.039857835,True
waste_type_identification/clothing/clothes/clothes4369.jpg,1,Clothing,1,Clothing,0.82897526,0.78969675,True
waste_type_identification/clothing/clothes/clothes4371.jpg,1,Clothing,1,Clothing,0.8141261,0.76632774,True
waste_type_identification/clothing/clothes/clothes438.jpg,1,Clothing,1,Clothing,0.83082783,0.80321443,True
waste_type_identification/clothing/clothes/clothes4383.jpg,1,Clothing,1,Clothing,0.77722925,0.73444426,True
waste_type_identification/clothing/clothes/clothes4385.jpg,1,Clothing,1,Clothing,0.824681,0.7892245,True
waste_type_identification/clothing/clothes/clothes4398.jpg,1,Clothing,1,Clothing,0.7927963,0.7510029,True
waste_type_identification/clothing/clothes/clothes44.jpg,1,Clothing,1,Clothing,0.81342226,0.7715893,True
waste_type_identification/clothing/clothes/clothes4408.jpg,1,Clothing,1,Clothing,0.87250614,0.8478524,True
waste_type_identification/clothing/clothes/clothes4416.jpg,1,Clothing,1,Clothing,0.8022123,0.74663377,True
waste_type_identification/clothing/clothes/clothes4417.jpg,1,Clothing,1,Clothing,0.81401366,0.77848893,True
waste_type_identification/clothing/clothes/clothes4422.jpg,1,Clothing,1,Clothing,0.85013133,0.81853545,True
waste_type_identification/clothing/clothes/clothes4428.jpg,1,Clothing,1,Clothing,0.878684,0.85351527,True
waste_type_identification/clothing/clothes/clothes4429.jpg,1,Clothing,1,Clothing,0.8143151,0.78017443,True
waste_type_identification/clothing/clothes/clothes4431.jpg,1,Clothing,1,Clothing,0.78709424,0.7430387,True
waste_type_identification/clothing/clothes/clothes4444.jpg,1,Clothing,1,Clothing,0.83410823,0.7977604,True
waste_type_identification/clothing/clothes/clothes446.jpg,1,Clothing,1,Clothing,0.84132695,0.80914754,True
waste_type_identification/clothing/clothes/clothes4462.jpg,1,Clothing,1,Clothing,0.8347995,0.80392,True
waste_type_identification/clothing/clothes/clothes4464.jpg,1,Clothing,1,Clothing,0.8639903,0.83240217,True
waste_type_identification/clothing/clothes/clothes4467.jpg,1,Clothing,1,Clothing,0.84735453,0.8169336,True
waste_type_identification/clothing/clothes/clothes4468.jpg,1,Clothing,1,Clothing,0.8081246,0.7676304,True
waste_type_identification/clothing/clothes/clothes4473.jpg,1,Clothing,1,Clothing,0.8247368,0.79111063,True
waste_type_identification/clothing/clothes/clothes4478.jpg,1,Clothing,1,Clothing,0.7907978,0.7475327,True
waste_type_identification/clothing/clothes/clothes4480.jpg,1,Clothing,1,Clothing,0.82137907,0.7880394,True
waste_type_identification/clothing/clothes/clothes4485.jpg,1,Clothing,1,Clothing,0.7491189,0.64121205,True
waste_type_identification/clothing/clothes/clothes4488.jpg,1,Clothing,1,Clothing,0.80602103,0.772977,True
waste_type_identification/clothing/clothes/clothes4499.jpg,1,Clothing,1,Clothing,0.82091117,0.78470397,True
waste_type_identification/clothing/clothes/clothes4503.jpg,1,Clothing,1,Clothing,0.803043,0.7672879,True
waste_type_identification/clothing/clothes/clothes4508.jpg,1,Clothing,1,Clothing,0.84039325,0.8131032,True
waste_type_identification/clothing/clothes/clothes4510.jpg,1,Clothing,1,Clothing,0.83506525,0.80275637,True
waste_type_identification/clothing/clothes/clothes4514.jpg,1,Clothing,1,Clothing,0.76860636,0.6906985,True
waste_type_identification/clothing/clothes/clothes4519.jpg,1,Clothing,1,Clothing,0.82600874,0.783488,True
waste_type_identification/clothing/clothes/clothes4527.jpg,1,Clothing,1,Clothing,0.84107006,0.80750936,True
waste_type_identification/clothing/clothes/clothes453.jpg,1,Clothing,1,Clothing,0.77282864,0.71520704,True
waste_type_identification/clothing/clothes/clothes4530.jpg,1,Clothing,1,Clothing,0.8188539,0.7867305,True
waste_type_identification/clothing/clothes/clothes4534.jpg,1,Clothing,1,Clothing,0.7801266,0.72341585,True
waste_type_identification/clothing/clothes/clothes4536.jpg,1,Clothing,1,Clothing,0.80911905,0.7684842,True
waste_type_identification/clothing/clothes/clothes4556.jpg,1,Clothing,1,Clothing,0.8208225,0.78738785,True
waste_type_identification/clothing/clothes/clothes4557.jpg,1,Clothing,1,Clothing,0.7832065,0.71560174,True
waste_type_identification/clothing/clothes/clothes4560.jpg,1,Clothing,1,Clothing,0.79363126,0.7378581,True
waste_type_identification/clothing/clothes/clothes4562.jpg,1,Clothing,1,Clothing,0.8367081,0.8065129,True
waste_type_identification/clothing/clothes/clothes4566.jpg,1,Clothing,1,Clothing,0.8426977,0.81040883,True
waste_type_identification/clothing/clothes/clothes4568.jpg,1,Clothing,1,Clothing,0.79824424,0.76191646,True
waste_type_identification/clothing/clothes/clothes4574.jpg,1,Clothing,1,Clothing,0.7792372,0.720769,True
waste_type_identification/clothing/clothes/clothes4578.jpg,1,Clothing,1,Clothing,0.8287988,0.79653627,True
waste_type_identification/clothing/clothes/clothes4584.jpg,1,Clothing,1,Clothing,0.8112676,0.7748811,True
waste_type_identification/clothing/clothes/clothes4587.jpg,1,Clothing,1,Clothing,0.8409001,0.8120491,True
waste_type_identification/clothing/clothes/clothes4590.jpg,1,Clothing,1,Clothing,0.83772534,0.8061209,True
waste_type_identification/clothing/clothes/clothes4593.jpg,1,Clothing,1,Clothing,0.80011815,0.7490506,True
waste_type_identification/clothing/clothes/clothes4598.jpg,1,Clothing,1,Clothing,0.8258173,0.7946821,True
waste_type_identification/clothing/clothes/clothes4599.jpg,1,Clothing,1,Clothing,0.8250645,0.7918164,True
waste_type_identification/clothing/clothes/clothes4603.jpg,1,Clothing,1,Clothing,0.8170701,0.784047,True
waste_type_identification/clothing/clothes/clothes4606.jpg,1,Clothing,1,Clothing,0.82134366,0.7863885,True
waste_type_identification/clothing/clothes/clothes4607.jpg,1,Clothing,1,Clothing,0.8246728,0.79319286,True
waste_type_identification/clothing/clothes/clothes4613.jpg,1,Clothing,1,Clothing,0.87164575,0.8417112,True
waste_type_identification/clothing/clothes/clothes4615.jpg,1,Clothing,1,Clothing,0.81899196,0.78659904,True
waste_type_identification/clothing/clothes/clothes4618.jpg,1,Clothing,1,Clothing,0.8315361,0.8036567,True
waste_type_identification/clothing/clothes/clothes462.jpg,1,Clothing,1,Clothing,0.52795696,0.42143047,True
waste_type_identification/clothing/clothes/clothes4622.jpg,1,Clothing,1,Clothing,0.78707963,0.74855494,True
waste_type_identification/clothing/clothes/clothes4623.jpg,1,Clothing,1,Clothing,0.8752631,0.8505704,True
waste_type_identification/clothing/clothes/clothes4629.jpg,1,Clothing,1,Clothing,0.80124295,0.7595776,True
waste_type_identification/clothing/clothes/clothes4631.jpg,1,Clothing,1,Clothing,0.8030725,0.7581467,True
waste_type_identification/clothing/clothes/clothes4639.jpg,1,Clothing,1,Clothing,0.80943227,0.76811147,True
waste_type_identification/clothing/clothes/clothes4643.jpg,1,Clothing,1,Clothing,0.8263362,0.7935732,True
waste_type_identification/clothing/clothes/clothes4646.jpg,1,Clothing,1,Clothing,0.84278584,0.8148809,True
waste_type_identification/clothing/clothes/clothes4655.jpg,1,Clothing,1,Clothing,0.8297068,0.797359,True
waste_type_identification/clothing/clothes/clothes4657.jpg,1,Clothing,1,Clothing,0.8262846,0.79110944,True
waste_type_identification/clothing/clothes/clothes4658.jpg,1,Clothing,1,Clothing,0.80482185,0.7707992,True
waste_type_identification/clothing/clothes/clothes4660.jpg,1,Clothing,1,Clothing,0.771947,0.73296714,True
waste_type_identification/clothing/clothes/clothes4661.jpg,1,Clothing,1,Clothing,0.8235258,0.7925988,True
waste_type_identification/clothing/clothes/clothes468.jpg,1,Clothing,1,Clothing,0.83574325,0.8087838,True
waste_type_identification/clothing/clothes/clothes4680.jpg,1,Clothing,1,Clothing,0.8135046,0.7737675,True
waste_type_identification/clothing/clothes/clothes4687.jpg,1,Clothing,1,Clothing,0.7833283,0.7440827,True
waste_type_identification/clothing/clothes/clothes4695.jpg,1,Clothing,1,Clothing,0.78900856,0.7432029,True
waste_type_identification/clothing/clothes/clothes4696.jpg,1,Clothing,1,Clothing,0.8544772,0.82762086,True
waste_type_identification/clothing/clothes/clothes4698.jpg,1,Clothing,1,Clothing,0.7891605,0.75278753,True
waste_type_identification/clothing/clothes/clothes47.jpg,1,Clothing,1,Clothing,0.7958896,0.7553567,True
waste_type_identification/clothing/clothes/clothes4701.jpg,1,Clothing,1,Clothing,0.8165838,0.7717098,True
waste_type_identification/clothing/clothes/clothes4703.jpg,1,Clothing,1,Clothing,0.83792543,0.8048306,True
waste_type_identification/clothing/clothes/clothes4707.jpg,1,Clothing,1,Clothing,0.78326386,0.74136126,True
waste_type_identification/clothing/clothes/clothes4710.jpg,1,Clothing,1,Clothing,0.7639301,0.7155978,True
waste_type_identification/clothing/clothes/clothes4716.jpg,1,Clothing,1,Clothing,0.833968,0.8060694,True
waste_type_identification/clothing/clothes/clothes4719.jpg,1,Clothing,1,Clothing,0.795459,0.73251355,True
waste_type_identification/clothing/clothes/clothes4720.jpg,1,Clothing,1,Clothing,0.8289955,0.7895573,True
waste_type_identification/clothing/clothes/clothes473.jpg,1,Clothing,1,Clothing,0.827814,0.79261255,True
waste_type_identification/clothing/clothes/clothes4730.jpg,1,Clothing,1,Clothing,0.7956158,0.7579531,True
waste_type_identification/clothing/clothes/clothes4734.jpg,1,Clothing,1,Clothing,0.81983143,0.7859367,True
waste_type_identification/clothing/clothes/clothes4741.jpg,1,Clothing,1,Clothing,0.81241137,0.7776124,True
waste_type_identification/clothing/clothes/clothes475.jpg,1,Clothing,1,Clothing,0.8402021,0.808163,True
waste_type_identification/clothing/clothes/clothes4752.jpg,1,Clothing,1,Clothing,0.6812005,0.6086216,True
waste_type_identification/clothing/clothes/clothes4759.jpg,1,Clothing,1,Clothing,0.82284075,0.78173834,True
waste_type_identification/clothing/clothes/clothes4760.jpg,1,Clothing,1,Clothing,0.8141186,0.7821957,True
waste_type_identification/clothing/clothes/clothes4762.jpg,1,Clothing,1,Clothing,0.83668435,0.80823994,True
waste_type_identification/clothing/clothes/clothes4773.jpg,1,Clothing,1,Clothing,0.8042106,0.7668512,True
waste_type_identification/clothing/clothes/clothes4777.jpg,1,Clothing,1,Clothing,0.8197732,0.77983475,True
waste_type_identification/clothing/clothes/clothes4782.jpg,1,Clothing,1,Clothing,0.8206143,0.7827856,True
waste_type_identification/clothing/clothes/clothes4785.jpg,1,Clothing,1,Clothing,0.820791,0.7735523,True
waste_type_identification/clothing/clothes/clothes4787.jpg,1,Clothing,1,Clothing,0.81914914,0.7817206,True
waste_type_identification/clothing/clothes/clothes4790.jpg,1,Clothing,1,Clothing,0.8017799,0.7610704,True
waste_type_identification/clothing/clothes/clothes480.jpg,1,Clothing,1,Clothing,0.81937754,0.7829844,True
waste_type_identification/clothing/clothes/clothes4801.jpg,1,Clothing,1,Clothing,0.81787413,0.7799039,True
waste_type_identification/clothing/clothes/clothes4802.jpg,1,Clothing,1,Clothing,0.8082437,0.75754476,True
waste_type_identification/clothing/clothes/clothes4803.jpg,1,Clothing,1,Clothing,0.7853817,0.7446974,True
waste_type_identification/clothing/clothes/clothes4808.jpg,1,Clothing,1,Clothing,0.84008336,0.8071257,True
waste_type_identification/clothing/clothes/clothes481.jpg,1,Clothing,1,Clothing,0.86084974,0.82875323,True
waste_type_identification/clothing/clothes/clothes4813.jpg,1,Clothing,1,Clothing,0.83573574,0.8039026,True
waste_type_identification/clothing/clothes/clothes4817.jpg,1,Clothing,1,Clothing,0.79532164,0.7426322,True
waste_type_identification/clothing/clothes/clothes4818.jpg,1,Clothing,1,Clothing,0.83499503,0.8015811,True
waste_type_identification/clothing/clothes/clothes4829.jpg,1,Clothing,1,Clothing,0.83935785,0.80907226,True
waste_type_identification/clothing/clothes/clothes4836.jpg,1,Clothing,1,Clothing,0.77319723,0.7215619,True
waste_type_identification/clothing/clothes/clothes4838.jpg,1,Clothing,1,Clothing,0.7890304,0.7530493,True
waste_type_identification/clothing/clothes/clothes4849.jpg,1,Clothing,1,Clothing,0.8080914,0.7747634,True
waste_type_identification/clothing/clothes/clothes485.jpg,1,Clothing,1,Clothing,0.7581582,0.7065705,True
waste_type_identification/clothing/clothes/clothes4852.jpg,1,Clothing,1,Clothing,0.76148987,0.6573192,True
waste_type_identification/clothing/clothes/clothes4857.jpg,1,Clothing,1,Clothing,0.82398987,0.7916529,True
waste_type_identification/clothing/clothes/clothes486.jpg,1,Clothing,1,Clothing,0.8203147,0.77931124,True
waste_type_identification/clothing/clothes/clothes4863.jpg,1,Clothing,1,Clothing,0.8506075,0.8208832,True
waste_type_identification/clothing/clothes/clothes488.jpg,1,Clothing,1,Clothing,0.82206154,0.78792506,True
waste_type_identification/clothing/clothes/clothes4880.jpg,1,Clothing,1,Clothing,0.79974663,0.7593623,True
waste_type_identification/clothing/clothes/clothes4889.jpg,1,Clothing,1,Clothing,0.80596215,0.77284783,True
waste_type_identification/clothing/clothes/clothes4902.jpg,1,Clothing,1,Clothing,0.74623203,0.6502495,True
waste_type_identification/clothing/clothes/clothes491.jpg,1,Clothing,1,Clothing,0.8761649,0.8529707,True
waste_type_identification/clothing/clothes/clothes4910.jpg,1,Clothing,1,Clothing,0.8188216,0.7833607,True
waste_type_identification/clothing/clothes/clothes492.jpg,1,Clothing,1,Clothing,0.8360449,0.8042368,True
waste_type_identification/clothing/clothes/clothes4921.jpg,1,Clothing,1,Clothing,0.8339578,0.80342704,True
waste_type_identification/clothing/clothes/clothes4924.jpg,1,Clothing,1,Clothing,0.8131708,0.77850324,True
waste_type_identification/clothing/clothes/clothes4941.jpg,1,Clothing,1,Clothing,0.83568585,0.8040147,True
waste_type_identification/clothing/clothes/clothes4949.jpg,1,Clothing,1,Clothing,0.85498077,0.8284153,True
waste_type_identification/clothing/clothes/clothes4950.jpg,1,Clothing,1,Clothing,0.81728864,0.78527474,True
waste_type_identification/clothing/clothes/clothes4956.jpg,1,Clothing,1,Clothing,0.5562228,0.33236957,True
waste_type_identification/clothing/clothes/clothes4959.jpg,1,Clothing,1,Clothing,0.82496274,0.7742489,True
waste_type_identification/clothing/clothes/clothes496.jpg,1,Clothing,1,Clothing,0.8445045,0.81428546,True
waste_type_identification/clothing/clothes/clothes4962.jpg,1,Clothing,1,Clothing,0.80256325,0.7657561,True
waste_type_identification/clothing/clothes/clothes4967.jpg,1,Clothing,1,Clothing,0.8396463,0.8103254,True
waste_type_identification/clothing/clothes/clothes4971.jpg,1,Clothing,1,Clothing,0.83425117,0.7992496,True
waste_type_identification/clothing/clothes/clothes4973.jpg,1,Clothing,1,Clothing,0.819905,0.78902316,True
waste_type_identification/clothing/clothes/clothes4977.jpg,1,Clothing,1,Clothing,0.80768484,0.7698114,True
waste_type_identification/clothing/clothes/clothes498.jpg,1,Clothing,1,Clothing,0.86291355,0.8369712,True
waste_type_identification/clothing/clothes/clothes4982.jpg,1,Clothing,1,Clothing,0.80657613,0.7725587,True
waste_type_identification/clothing/clothes/clothes4986.jpg,1,Clothing,1,Clothing,0.8465916,0.8178974,True
waste_type_identification/clothing/clothes/clothes4987.jpg,1,Clothing,1,Clothing,0.8946172,0.8718339,True
waste_type_identification/clothing/clothes/clothes4988.jpg,1,Clothing,1,Clothing,0.8537933,0.8212235,True
waste_type_identification/clothing/clothes/clothes499.jpg,1,Clothing,1,Clothing,0.8250324,0.7960479,True
waste_type_identification/clothing/clothes/clothes4991.jpg,1,Clothing,1,Clothing,0.82352513,0.78639525,True
waste_type_identification/clothing/clothes/clothes4996.jpg,1,Clothing,1,Clothing,0.7983527,0.750348,True
waste_type_identification/clothing/clothes/clothes5.jpg,1,Clothing,1,Clothing,0.80919695,0.77517766,True
waste_type_identification/clothing/clothes/clothes50.jpg,1,Clothing,1,Clothing,0.85626465,0.8266701,True
waste_type_identification/clothing/clothes/clothes5004.jpg,1,Clothing,1,Clothing,0.8006795,0.7621015,True
waste_type_identification/clothing/clothes/clothes5008.jpg,1,Clothing,1,Clothing,0.79344106,0.75339943,True
waste_type_identification/clothing/clothes/clothes5011.jpg,1,Clothing,1,Clothing,0.78140354,0.71626306,True
waste_type_identification/clothing/clothes/clothes5012.jpg,1,Clothing,1,Clothing,0.8191698,0.7845616,True
waste_type_identification/clothing/clothes/clothes5021.jpg,1,Clothing,1,Clothing,0.8404844,0.81377155,True
waste_type_identification/clothing/clothes/clothes5024.jpg,1,Clothing,1,Clothing,0.7902859,0.7494457,True
waste_type_identification/clothing/clothes/clothes5027.jpg,1,Clothing,1,Clothing,0.63476276,0.5379872,True
waste_type_identification/clothing/clothes/clothes5034.jpg,1,Clothing,1,Clothing,0.79837537,0.7632406,True
waste_type_identification/clothing/clothes/clothes5040.jpg,1,Clothing,1,Clothing,0.8160926,0.78248185,True
waste_type_identification/clothing/clothes/clothes5043.jpg,1,Clothing,1,Clothing,0.7895327,0.7304715,True
waste_type_identification/clothing/clothes/clothes5046.jpg,1,Clothing,1,Clothing,0.8038527,0.76198715,True
waste_type_identification/clothing/clothes/clothes505.jpg,1,Clothing,1,Clothing,0.865542,0.84146696,True
waste_type_identification/clothing/clothes/clothes5068.jpg,1,Clothing,1,Clothing,0.82152295,0.79114944,True
waste_type_identification/clothing/clothes/clothes5070.jpg,1,Clothing,1,Clothing,0.8185661,0.7718728,True
waste_type_identification/clothing/clothes/clothes5085.jpg,1,Clothing,1,Clothing,0.8240589,0.7928066,True
waste_type_identification/clothing/clothes/clothes5088.jpg,1,Clothing,1,Clothing,0.8127113,0.7731778,True
waste_type_identification/clothing/clothes/clothes5091.jpg,1,Clothing,1,Clothing,0.77726585,0.7019869,True
waste_type_identification/clothing/clothes/clothes5093.jpg,1,Clothing,1,Clothing,0.8107691,0.7707115,True
waste_type_identification/clothing/clothes/clothes5099.jpg,1,Clothing,1,Clothing,0.8202491,0.78652906,True
waste_type_identification/clothing/clothes/clothes5107.jpg,1,Clothing,1,Clothing,0.73693925,0.64007604,True
waste_type_identification/clothing/clothes/clothes5108.jpg,1,Clothing,1,Clothing,0.7835001,0.7396875,True
waste_type_identification/clothing/clothes/clothes5110.jpg,1,Clothing,1,Clothing,0.82034343,0.7895434,True
waste_type_identification/clothing/clothes/clothes5113.jpg,1,Clothing,1,Clothing,0.8622699,0.83851033,True
waste_type_identification/clothing/clothes/clothes5114.jpg,1,Clothing,1,Clothing,0.8140209,0.7779206,True
waste_type_identification/clothing/clothes/clothes512.jpg,1,Clothing,1,Clothing,0.81005114,0.7702395,True
waste_type_identification/clothing/clothes/clothes5125.jpg,1,Clothing,1,Clothing,0.80126303,0.7630913,True
waste_type_identification/clothing/clothes/clothes5129.jpg,1,Clothing,1,Clothing,0.8542013,0.82796407,True
waste_type_identification/clothing/clothes/clothes5137.jpg,1,Clothing,1,Clothing,0.79235786,0.75346655,True
waste_type_identification/clothing/clothes/clothes5138.jpg,1,Clothing,1,Clothing,0.81095195,0.7728061,True
waste_type_identification/clothing/clothes/clothes5149.jpg,1,Clothing,1,Clothing,0.8087948,0.7748717,True
waste_type_identification/clothing/clothes/clothes515.jpg,1,Clothing,1,Clothing,0.8258977,0.7897608,True
waste_type_identification/clothing/clothes/clothes5153.jpg,1,Clothing,1,Clothing,0.86346996,0.82699805,True
waste_type_identification/clothing/clothes/clothes5163.jpg,1,Clothing,1,Clothing,0.8348339,0.80028,True
waste_type_identification/clothing/clothes/clothes5179.jpg,1,Clothing,1,Clothing,0.77847487,0.7405211,True
waste_type_identification/clothing/clothes/clothes5182.jpg,1,Clothing,1,Clothing,0.81277037,0.77850056,True
waste_type_identification/clothing/clothes/clothes5188.jpg,1,Clothing,1,Clothing,0.8362023,0.8043481,True
waste_type_identification/clothing/clothes/clothes5195.jpg,1,Clothing,1,Clothing,0.81325567,0.7816557,True
waste_type_identification/clothing/clothes/clothes5198.jpg,1,Clothing,1,Clothing,0.80653185,0.7642938,True
waste_type_identification/clothing/clothes/clothes5201.jpg,1,Clothing,1,Clothing,0.77120906,0.6900697,True
waste_type_identification/clothing/clothes/clothes5206.jpg,1,Clothing,1,Clothing,0.76798373,0.71239406,True
waste_type_identification/clothing/clothes/clothes5207.jpg,1,Clothing,1,Clothing,0.81556946,0.78134084,True
waste_type_identification/clothing/clothes/clothes5211.jpg,1,Clothing,1,Clothing,0.839721,0.8104354,True
waste_type_identification/clothing/clothes/clothes5213.jpg,1,Clothing,1,Clothing,0.84405756,0.81457824,True
waste_type_identification/clothing/clothes/clothes5218.jpg,1,Clothing,1,Clothing,0.84684193,0.8165397,True
waste_type_identification/clothing/clothes/clothes5230.jpg,1,Clothing,1,Clothing,0.82986045,0.7929262,True
waste_type_identification/clothing/clothes/clothes5231.jpg,1,Clothing,1,Clothing,0.82993954,0.7976708,True
waste_type_identification/clothing/clothes/clothes5239.jpg,1,Clothing,1,Clothing,0.7901636,0.7518365,True
waste_type_identification/clothing/clothes/clothes5258.jpg,1,Clothing,1,Clothing,0.79792,0.76274097,True
waste_type_identification/clothing/clothes/clothes5273.jpg,1,Clothing,1,Clothing,0.81774426,0.78777766,True
waste_type_identification/clothing/clothes/clothes5280.jpg,1,Clothing,1,Clothing,0.828968,0.8004205,True
waste_type_identification/clothing/clothes/clothes5282.jpg,1,Clothing,1,Clothing,0.8473575,0.81389266,True
waste_type_identification/clothing/clothes/clothes5283.jpg,1,Clothing,1,Clothing,0.8229389,0.7851587,True
waste_type_identification/clothing/clothes/clothes5290.jpg,1,Clothing,1,Clothing,0.83693224,0.8074578,True
waste_type_identification/clothing/clothes/clothes5292.jpg,1,Clothing,1,Clothing,0.8208143,0.7897905,True
waste_type_identification/clothing/clothes/clothes5300.jpg,1,Clothing,1,Clothing,0.7832616,0.74501276,True
waste_type_identification/clothing/clothes/clothes5303.jpg,1,Clothing,1,Clothing,0.81808597,0.7852874,True
waste_type_identification/clothing/clothes/clothes5305.jpg,1,Clothing,1,Clothing,0.746833,0.64619195,True
waste_type_identification/clothing/clothes/clothes5308.jpg,1,Clothing,1,Clothing,0.8103487,0.77264,True
waste_type_identification/clothing/clothes/clothes531.jpg,1,Clothing,1,Clothing,0.8154912,0.7792179,True
waste_type_identification/clothing/clothes/clothes5311.jpg,1,Clothing,1,Clothing,0.76558775,0.72191334,True
waste_type_identification/clothing/clothes/clothes5314.jpg,1,Clothing,1,Clothing,0.8440276,0.8133053,True
waste_type_identification/clothing/clothes/clothes5316.jpg,1,Clothing,1,Clothing,0.8340809,0.7990013,True
waste_type_identification/clothing/clothes/clothes5318.jpg,1,Clothing,1,Clothing,0.8295326,0.80110776,True
waste_type_identification/clothing/clothes/clothes5320.jpg,1,Clothing,1,Clothing,0.82933795,0.7899977,True
waste_type_identification/clothing/clothes/clothes5323.jpg,1,Clothing,1,Clothing,0.79791003,0.75820905,True
waste_type_identification/clothing/clothes/clothes5324.jpg,1,Clothing,1,Clothing,0.83965915,0.80735403,True
waste_type_identification/clothing/clothes/clothes5325.jpg,1,Clothing,1,Clothing,0.85282385,0.8281799,True
waste_type_identification/clothing/clothes/clothes536.jpg,1,Clothing,1,Clothing,0.85742545,0.81794137,True
waste_type_identification/clothing/clothes/clothes54.jpg,1,Clothing,1,Clothing,0.8345593,0.8029377,True
waste_type_identification/clothing/clothes/clothes544.jpg,1,Clothing,1,Clothing,0.7588695,0.71963453,True
waste_type_identification/clothing/clothes/clothes546.jpg,1,Clothing,1,Clothing,0.8113187,0.7758945,True
waste_type_identification/clothing/clothes/clothes55.jpg,1,Clothing,1,Clothing,0.8164096,0.77740616,True
waste_type_identification/clothing/clothes/clothes554.jpg,1,Clothing,1,Clothing,0.78777635,0.735832,True
waste_type_identification/clothing/clothes/clothes556.jpg,1,Clothing,1,Clothing,0.7040724,0.6044655,True
waste_type_identification/clothing/clothes/clothes563.jpg,1,Clothing,1,Clothing,0.8114958,0.7811965,True
waste_type_identification/clothing/clothes/clothes565.jpg,1,Clothing,1,Clothing,0.8254635,0.79068637,True
waste_type_identification/clothing/clothes/clothes571.jpg,1,Clothing,1,Clothing,0.8092167,0.76686466,True
waste_type_identification/clothing/clothes/clothes574.jpg,1,Clothing,1,Clothing,0.82651997,0.78572196,True
waste_type_identification/clothing/clothes/clothes575.jpg,1,Clothing,1,Clothing,0.80495435,0.7645877,True
waste_type_identification/clothing/clothes/clothes579.jpg,1,Clothing,1,Clothing,0.8335534,0.80381966,True
waste_type_identification/clothing/clothes/clothes587.jpg,1,Clothing,1,Clothing,0.81097966,0.77621824,True
waste_type_identification/clothing/clothes/clothes592.jpg,1,Clothing,1,Clothing,0.87114346,0.8495329,True
waste_type_identification/clothing/clothes/clothes595.jpg,1,Clothing,1,Clothing,0.79800624,0.7472106,True
waste_type_identification/clothing/clothes/clothes60.jpg,1,Clothing,1,Clothing,0.8244652,0.7964413,True
waste_type_identification/clothing/clothes/clothes601.jpg,1,Clothing,1,Clothing,0.852125,0.823103,True
waste_type_identification/clothing/clothes/clothes606.jpg,1,Clothing,1,Clothing,0.8438847,0.8137708,True
waste_type_identification/clothing/clothes/clothes611.jpg,1,Clothing,1,Clothing,0.8155566,0.7750257,True
waste_type_identification/clothing/clothes/clothes62.jpg,1,Clothing,1,Clothing,0.8506725,0.8204024,True
waste_type_identification/clothing/clothes/clothes624.jpg,1,Clothing,1,Clothing,0.83470905,0.805708,True
waste_type_identification/clothing/clothes/clothes625.jpg,1,Clothing,1,Clothing,0.61415887,0.5119414,True
waste_type_identification/clothing/clothes/clothes630.jpg,1,Clothing,1,Clothing,0.84342855,0.8149718,True
waste_type_identification/clothing/clothes/clothes64.jpg,1,Clothing,1,Clothing,0.78800255,0.7538656,True
waste_type_identification/clothing/clothes/clothes646.jpg,1,Clothing,1,Clothing,0.82754487,0.78691304,True
waste_type_identification/clothing/clothes/clothes656.jpg,1,Clothing,1,Clothing,0.7568241,0.6732406,True
waste_type_identification/clothing/clothes/clothes665.jpg,1,Clothing,1,Clothing,0.7719311,0.72416884,True
waste_type_identification/clothing/clothes/clothes668.jpg,1,Clothing,1,Clothing,0.8176318,0.78821445,True
waste_type_identification/clothing/clothes/clothes674.jpg,1,Clothing,1,Clothing,0.841606,0.8084927,True
waste_type_identification/clothing/clothes/clothes679.jpg,1,Clothing,1,Clothing,0.85589194,0.82589835,True
waste_type_identification/clothing/clothes/clothes680.jpg,1,Clothing,1,Clothing,0.8036648,0.7702164,True
waste_type_identification/clothing/clothes/clothes694.jpg,1,Clothing,1,Clothing,0.7898969,0.74508804,True
waste_type_identification/clothing/clothes/clothes706.jpg,1,Clothing,1,Clothing,0.80942994,0.77270657,True
waste_type_identification/clothing/clothes/clothes710.jpg,1,Clothing,1,Clothing,0.8470612,0.81464887,True
waste_type_identification/clothing/clothes/clothes715.jpg,1,Clothing,1,Clothing,0.83282167,0.80150706,True
waste_type_identification/clothing/clothes/clothes720.jpg,1,Clothing,1,Clothing,0.7920405,0.7506703,True
waste_type_identification/clothing/clothes/clothes732.jpg,1,Clothing,1,Clothing,0.8141633,0.7733364,True
waste_type_identification/clothing/clothes/clothes734.jpg,1,Clothing,1,Clothing,0.8061504,0.7708723,True
waste_type_identification/clothing/clothes/clothes735.jpg,1,Clothing,1,Clothing,0.8187686,0.7856154,True
waste_type_identification/clothing/clothes/clothes737.jpg,1,Clothing,1,Clothing,0.8206473,0.75510234,True
waste_type_identification/clothing/clothes/clothes744.jpg,1,Clothing,1,Clothing,0.7954976,0.75886214,True
waste_type_identification/clothing/clothes/clothes745.jpg,1,Clothing,1,Clothing,0.83129716,0.80303097,True
waste_type_identification/clothing/clothes/clothes749.jpg,1,Clothing,1,Clothing,0.79256105,0.757337,True
waste_type_identification/clothing/clothes/clothes754.jpg,1,Clothing,1,Clothing,0.8355905,0.79809785,True
waste_type_identification/clothing/clothes/clothes766.jpg,1,Clothing,1,Clothing,0.80675423,0.7732584,True
waste_type_identification/clothing/clothes/clothes768.jpg,1,Clothing,1,Clothing,0.8079718,0.77089596,True
waste_type_identification/clothing/clothes/clothes769.jpg,1,Clothing,1,Clothing,0.81407845,0.7813145,True
waste_type_identification/clothing/clothes/clothes778.jpg,1,Clothing,1,Clothing,0.84256506,0.812871,True
waste_type_identification/clothing/clothes/clothes781.jpg,1,Clothing,1,Clothing,0.80656326,0.77013123,True
waste_type_identification/clothing/clothes/clothes782.jpg,1,Clothing,1,Clothing,0.81146806,0.7782288,True
waste_type_identification/clothing/clothes/clothes783.jpg,1,Clothing,1,Clothing,0.8583528,0.8291362,True
waste_type_identification/clothing/clothes/clothes787.jpg,1,Clothing,1,Clothing,0.8141025,0.7804832,True
waste_type_identification/clothing/clothes/clothes791.jpg,1,Clothing,1,Clothing,0.79922307,0.7507328,True
waste_type_identification/clothing/clothes/clothes795.jpg,1,Clothing,1,Clothing,0.84259534,0.8117042,True
waste_type_identification/clothing/clothes/clothes800.jpg,1,Clothing,1,Clothing,0.86810166,0.84043014,True
waste_type_identification/clothing/clothes/clothes804.jpg,1,Clothing,1,Clothing,0.78044116,0.7412957,True
waste_type_identification/clothing/clothes/clothes82.jpg,1,Clothing,1,Clothing,0.76962024,0.72464895,True
waste_type_identification/clothing/clothes/clothes828.jpg,1,Clothing,1,Clothing,0.8028207,0.76882577,True
waste_type_identification/clothing/clothes/clothes829.jpg,1,Clothing,1,Clothing,0.7793292,0.7365817,True
waste_type_identification/clothing/clothes/clothes831.jpg,1,Clothing,1,Clothing,0.8514659,0.8225169,True
waste_type_identification/clothing/clothes/clothes834.jpg,1,Clothing,1,Clothing,0.80976844,0.7750631,True
waste_type_identification/clothing/clothes/clothes841.jpg,1,Clothing,1,Clothing,0.80391663,0.76923305,True
waste_type_identification/clothing/clothes/clothes849.jpg,1,Clothing,1,Clothing,0.8073432,0.7641085,True
waste_type_identification/clothing/clothes/clothes861.jpg,1,Clothing,1,Clothing,0.83615035,0.8062668,True
waste_type_identification/clothing/clothes/clothes867.jpg,1,Clothing,1,Clothing,0.7968313,0.75843245,True
waste_type_identification/clothing/clothes/clothes868.jpg,1,Clothing,1,Clothing,0.7886751,0.74226826,True
waste_type_identification/clothing/clothes/clothes87.jpg,1,Clothing,1,Clothing,0.8554503,0.816459,True
waste_type_identification/clothing/clothes/clothes870.jpg,1,Clothing,1,Clothing,0.7710864,0.71385056,True
waste_type_identification/clothing/clothes/clothes871.jpg,1,Clothing,1,Clothing,0.83103365,0.80278355,True
waste_type_identification/clothing/clothes/clothes876.jpg,1,Clothing,1,Clothing,0.8090297,0.77746326,True
waste_type_identification/clothing/clothes/clothes89.jpg,1,Clothing,1,Clothing,0.8768904,0.8458758,True
waste_type_identification/clothing/clothes/clothes891.jpg,1,Clothing,1,Clothing,0.8128326,0.7446624,True
waste_type_identification/clothing/clothes/clothes893.jpg,1,Clothing,1,Clothing,0.8276486,0.79379785,True
waste_type_identification/clothing/clothes/clothes894.jpg,1,Clothing,1,Clothing,0.7894895,0.74777555,True
waste_type_identification/clothing/clothes/clothes901.jpg,1,Clothing,1,Clothing,0.8465799,0.81912136,True
waste_type_identification/clothing/clothes/clothes915.jpg,1,Clothing,1,Clothing,0.37056807,0.07155135,True
waste_type_identification/clothing/clothes/clothes916.jpg,1,Clothing,1,Clothing,0.80781823,0.766964,True
waste_type_identification/clothing/clothes/clothes92.jpg,1,Clothing,1,Clothing,0.8313704,0.80018806,True
waste_type_identification/clothing/clothes/clothes920.jpg,1,Clothing,1,Clothing,0.82168704,0.7887269,True
waste_type_identification/clothing/clothes/clothes925.jpg,1,Clothing,1,Clothing,0.82651126,0.79272515,True
waste_type_identification/clothing/clothes/clothes933.jpg,1,Clothing,1,Clothing,0.79976815,0.7643264,True
waste_type_identification/clothing/clothes/clothes937.jpg,1,Clothing,1,Clothing,0.84668154,0.81920815,True
waste_type_identification/clothing/clothes/clothes954.jpg,1,Clothing,1,Clothing,0.8166915,0.77808464,True
waste_type_identification/clothing/clothes/clothes959.jpg,1,Clothing,1,Clothing,0.8412437,0.8139743,True
waste_type_identification/clothing/clothes/clothes965.jpg,1,Clothing,1,Clothing,0.8330417,0.7988093,True
waste_type_identification/clothing/clothes/clothes967.jpg,1,Clothing,1,Clothing,0.7999758,0.7648678,True
waste_type_identification/clothing/clothes/clothes968.jpg,1,Clothing,1,Clothing,0.81342435,0.77193046,True
waste_type_identification/clothing/clothes/clothes969.jpg,1,Clothing,1,Clothing,0.69599414,0.62614524,True
waste_type_identification/clothing/clothes/clothes972.jpg,1,Clothing,1,Clothing,0.8369056,0.79970586,True
waste_type_identification/clothing/clothes/clothes974.jpg,1,Clothing,1,Clothing,0.83688956,0.8000609,True
waste_type_identification/clothing/clothes/clothes975.jpg,1,Clothing,1,Clothing,0.82071686,0.78920364,True
waste_type_identification/clothing/clothes/clothes976.jpg,1,Clothing,1,Clothing,0.7711695,0.72715074,True
waste_type_identification/clothing/clothes/clothes990.jpg,1,Clothing,1,Clothing,0.78584063,0.73778033,True
waste_type_identification/clothing/clothes/clothes994.jpg,1,Clothing,1,Clothing,0.7851823,0.7198951,True
waste_type_identification/clothing/shoes/shoes10.jpg,1,Clothing,1,Clothing,0.78842086,0.74485564,True
waste_type_identification/clothing/shoes/shoes1013.jpg,1,Clothing,1,Clothing,0.76050574,0.69318366,True
waste_type_identification/clothing/shoes/shoes1014.jpg,1,Clothing,1,Clothing,0.8441051,0.80135876,True
waste_type_identification/clothing/shoes/shoes1017.jpg,1,Clothing,1,Clothing,0.90070367,0.8795501,True
waste_type_identification/clothing/shoes/shoes1022.jpg,1,Clothing,7,Undifferentiated,0.7461009,0.66224605,False
waste_type_identification/clothing/shoes/shoes1025.jpg,1,Clothing,1,Clothing,0.7313063,0.6542188,True
waste_type_identification/clothing/shoes/shoes1039.jpg,1,Clothing,1,Clothing,0.8468334,0.8151524,True
waste_type_identification/clothing/shoes/shoes1041.jpg,1,Clothing,1,Clothing,0.8182613,0.7586404,True
waste_type_identification/clothing/shoes/shoes1050.jpg,1,Clothing,1,Clothing,0.8380432,0.80897963,True
waste_type_identification/clothing/shoes/shoes1054.jpg,1,Clothing,1,Clothing,0.45530906,0.3103644,True
waste_type_identification/clothing/shoes/shoes1057.jpg,1,Clothing,1,Clothing,0.4834879,0.20441389,True
waste_type_identification/clothing/shoes/shoes1059.jpg,1,Clothing,1,Clothing,0.87160987,0.8423876,True
waste_type_identification/clothing/shoes/shoes106.jpg,1,Clothing,1,Clothing,0.7815821,0.738855,True
waste_type_identification/clothing/shoes/shoes1065.jpg,1,Clothing,1,Clothing,0.8556329,0.8243903,True
waste_type_identification/clothing/shoes/shoes1071.jpg,1,Clothing,1,Clothing,0.8314819,0.78847986,True
waste_type_identification/clothing/shoes/shoes1073.jpg,1,Clothing,1,Clothing,0.8727762,0.819044,True
waste_type_identification/clothing/shoes/shoes1078.jpg,1,Clothing,1,Clothing,0.84720296,0.81759244,True
waste_type_identification/clothing/shoes/shoes108.jpg,1,Clothing,1,Clothing,0.63855445,0.42880732,True
waste_type_identification/clothing/shoes/shoes1084.jpg,1,Clothing,1,Clothing,0.85044956,0.8080469,True
waste_type_identification/clothing/shoes/shoes1085.jpg,1,Clothing,1,Clothing,0.8156761,0.76471233,True
waste_type_identification/clothing/shoes/shoes1088.jpg,1,Clothing,1,Clothing,0.86650115,0.8410445,True
waste_type_identification/clothing/shoes/shoes1092.jpg,1,Clothing,1,Clothing,0.86494046,0.82727486,True
waste_type_identification/clothing/shoes/shoes11.jpg,1,Clothing,1,Clothing,0.86715674,0.8339654,True
waste_type_identification/clothing/shoes/shoes1100.jpg,1,Clothing,1,Clothing,0.7875632,0.709767,True
waste_type_identification/clothing/shoes/shoes1103.jpg,1,Clothing,1,Clothing,0.84838074,0.8143741,True
waste_type_identification/clothing/shoes/shoes1104.jpg,1,Clothing,1,Clothing,0.8327926,0.7830032,True
waste_type_identification/clothing/shoes/shoes1106.jpg,1,Clothing,1,Clothing,0.8549236,0.8242197,True
waste_type_identification/clothing/shoes/shoes1110.jpg,1,Clothing,1,Clothing,0.8432142,0.8006341,True
waste_type_identification/clothing/shoes/shoes1111.jpg,1,Clothing,1,Clothing,0.83078194,0.7883142,True
waste_type_identification/clothing/shoes/shoes1113.jpg,1,Clothing,1,Clothing,0.758231,0.6934528,True
waste_type_identification/clothing/shoes/shoes1115.jpg,1,Clothing,1,Clothing,0.7906806,0.71319664,True
waste_type_identification/clothing/shoes/shoes1122.jpg,1,Clothing,1,Clothing,0.8711744,0.8431483,True
waste_type_identification/clothing/shoes/shoes1127.jpg,1,Clothing,1,Clothing,0.8400902,0.8073131,True
waste_type_identification/clothing/shoes/shoes1133.jpg,1,Clothing,1,Clothing,0.89506125,0.8720905,True
waste_type_identification/clothing/shoes/shoes1135.jpg,1,Clothing,1,Clothing,0.8668796,0.8245101,True
waste_type_identification/clothing/shoes/shoes1137.jpg,1,Clothing,1,Clothing,0.43310156,0.16722676,True
waste_type_identification/clothing/shoes/shoes1139.jpg,1,Clothing,1,Clothing,0.84034294,0.799706,True
waste_type_identification/clothing/shoes/shoes1147.jpg,1,Clothing,1,Clothing,0.85349864,0.8065008,True
waste_type_identification/clothing/shoes/shoes1151.jpg,1,Clothing,1,Clothing,0.69043666,0.60786813,True
waste_type_identification/clothing/shoes/shoes1153.jpg,1,Clothing,1,Clothing,0.79447305,0.7380087,True
waste_type_identification/clothing/shoes/shoes1161.jpg,1,Clothing,1,Clothing,0.84118557,0.7934057,True
waste_type_identification/clothing/shoes/shoes1166.jpg,1,Clothing,1,Clothing,0.77740794,0.72800934,True
waste_type_identification/clothing/shoes/shoes118.jpg,1,Clothing,1,Clothing,0.8432927,0.80225146,True
waste_type_identification/clothing/shoes/shoes1182.jpg,1,Clothing,1,Clothing,0.8728679,0.84364915,True
waste_type_identification/clothing/shoes/shoes1191.jpg,1,Clothing,1,Clothing,0.37773284,0.13952176,True
waste_type_identification/clothing/shoes/shoes1195.jpg,1,Clothing,1,Clothing,0.8525736,0.80997187,True
waste_type_identification/clothing/shoes/shoes1197.jpg,1,Clothing,1,Clothing,0.8178873,0.7649495,True
waste_type_identification/clothing/shoes/shoes1204.jpg,1,Clothing,1,Clothing,0.8309255,0.78773236,True
waste_type_identification/clothing/shoes/shoes121.jpg,1,Clothing,1,Clothing,0.7758758,0.7242582,True
waste_type_identification/clothing/shoes/shoes1216.jpg,1,Clothing,1,Clothing,0.875439,0.84070444,True
waste_type_identification/clothing/shoes/shoes1217.jpg,1,Clothing,1,Clothing,0.894749,0.8734947,True
waste_type_identification/clothing/shoes/shoes1218.jpg,1,Clothing,1,Clothing,0.81610626,0.74595946,True
waste_type_identification/clothing/shoes/shoes123.jpg,1,Clothing,1,Clothing,0.8757726,0.8506312,True
waste_type_identification/clothing/shoes/shoes1235.jpg,1,Clothing,1,Clothing,0.7990203,0.75744104,True
waste_type_identification/clothing/shoes/shoes1239.jpg,1,Clothing,1,Clothing,0.92872196,0.9157636,True
waste_type_identification/clothing/shoes/shoes125.jpg,1,Clothing,1,Clothing,0.83002263,0.8011201,True
waste_type_identification/clothing/shoes/shoes1260.jpg,1,Clothing,1,Clothing,0.8192745,0.7678895,True
waste_type_identification/clothing/shoes/shoes1263.jpg,1,Clothing,1,Clothing,0.8307775,0.7908208,True
waste_type_identification/clothing/shoes/shoes127.jpg,1,Clothing,1,Clothing,0.8550896,0.81155056,True
waste_type_identification/clothing/shoes/shoes1274.jpg,1,Clothing,1,Clothing,0.7937275,0.73180825,True
waste_type_identification/clothing/shoes/shoes1282.jpg,1,Clothing,1,Clothing,0.8681882,0.83863336,True
waste_type_identification/clothing/shoes/shoes1286.jpg,1,Clothing,1,Clothing,0.89547193,0.87350786,True
waste_type_identification/clothing/shoes/shoes1296.jpg,1,Clothing,1,Clothing,0.8719919,0.8406558,True
waste_type_identification/clothing/shoes/shoes1298.jpg,1,Clothing,1,Clothing,0.8635031,0.8281913,True
waste_type_identification/clothing/shoes/shoes1299.jpg,1,Clothing,1,Clothing,0.7146928,0.61789083,True
waste_type_identification/clothing/shoes/shoes1306.jpg,1,Clothing,1,Clothing,0.85382843,0.8145868,True
waste_type_identification/clothing/shoes/shoes1327.jpg,1,Clothing,1,Clothing,0.8238222,0.7910466,True
waste_type_identification/clothing/shoes/shoes1331.jpg,1,Clothing,1,Clothing,0.9054962,0.875182,True
waste_type_identification/clothing/shoes/shoes1335.jpg,1,Clothing,1,Clothing,0.8632369,0.83322453,True
waste_type_identification/clothing/shoes/shoes1339.jpg,1,Clothing,1,Clothing,0.85892344,0.82436746,True
waste_type_identification/clothing/shoes/shoes134.jpg,1,Clothing,1,Clothing,0.8750076,0.82107663,True
waste_type_identification/clothing/shoes/shoes1352.jpg,1,Clothing,1,Clothing,0.8452463,0.81300384,True
waste_type_identification/clothing/shoes/shoes1355.jpg,1,Clothing,1,Clothing,0.6530994,0.5190685,True
waste_type_identification/clothing/shoes/shoes1358.jpg,1,Clothing,1,Clothing,0.7290958,0.6572173,True
waste_type_identification/clothing/shoes/shoes1359.jpg,1,Clothing,1,Clothing,0.8789676,0.8554158,True
waste_type_identification/clothing/shoes/shoes1360.jpg,1,Clothing,1,Clothing,0.7925246,0.75327533,True
waste_type_identification/clothing/shoes/shoes1365.jpg,1,Clothing,1,Clothing,0.84101015,0.8097289,True
waste_type_identification/clothing/shoes/shoes1374.jpg,1,Clothing,1,Clothing,0.85007375,0.8203861,True
waste_type_identification/clothing/shoes/shoes1383.jpg,1,Clothing,1,Clothing,0.8876535,0.86089826,True
waste_type_identification/clothing/shoes/shoes1385.jpg,1,Clothing,1,Clothing,0.8831852,0.85670173,True
waste_type_identification/clothing/shoes/shoes1388.jpg,1,Clothing,1,Clothing,0.88397044,0.8598836,True
waste_type_identification/clothing/shoes/shoes1390.jpg,1,Clothing,1,Clothing,0.8697601,0.8465293,True
waste_type_identification/clothing/shoes/shoes1394.jpg,1,Clothing,1,Clothing,0.85210776,0.8199701,True
waste_type_identification/clothing/shoes/shoes1395.jpg,1,Clothing,1,Clothing,0.8624511,0.8358824,True
waste_type_identification/clothing/shoes/shoes1397.jpg,1,Clothing,1,Clothing,0.7249997,0.6750218,True
waste_type_identification/clothing/shoes/shoes1401.jpg,1,Clothing,1,Clothing,0.8425576,0.7906001,True
waste_type_identification/clothing/shoes/shoes1404.jpg,1,Clothing,1,Clothing,0.8754055,0.85260725,True
waste_type_identification/clothing/shoes/shoes1407.jpg,1,Clothing,1,Clothing,0.88860077,0.86722773,True
waste_type_identification/clothing/shoes/shoes1415.jpg,1,Clothing,1,Clothing,0.81346226,0.7764022,True
waste_type_identification/clothing/shoes/shoes1418.jpg,1,Clothing,1,Clothing,0.77124316,0.70383704,True
waste_type_identification/clothing/shoes/shoes1422.jpg,1,Clothing,1,Clothing,0.8359215,0.7860011,True
waste_type_identification/clothing/shoes/shoes1423.jpg,1,Clothing,1,Clothing,0.8534815,0.8287069,True
waste_type_identification/clothing/shoes/shoes1428.jpg,1,Clothing,1,Clothing,0.865033,0.8245574,True
waste_type_identification/clothing/shoes/shoes1430.jpg,1,Clothing,1,Clothing,0.82468754,0.75910854,True
waste_type_identification/clothing/shoes/shoes1431.jpg,1,Clothing,1,Clothing,0.8818374,0.8593659,True
waste_type_identification/clothing/shoes/shoes1456.jpg,1,Clothing,1,Clothing,0.8540032,0.8219114,True
waste_type_identification/clothing/shoes/shoes1466.jpg,1,Clothing,1,Clothing,0.7642193,0.68405163,True
waste_type_identification/clothing/shoes/shoes1472.jpg,1,Clothing,1,Clothing,0.9055598,0.88852,True
waste_type_identification/clothing/shoes/shoes1474.jpg,1,Clothing,1,Clothing,0.84456354,0.8090178,True
waste_type_identification/clothing/shoes/shoes148.jpg,1,Clothing,1,Clothing,0.9196188,0.8976631,True
waste_type_identification/clothing/shoes/shoes1484.jpg,1,Clothing,1,Clothing,0.8341457,0.7999171,True
waste_type_identification/clothing/shoes/shoes1488.jpg,1,Clothing,1,Clothing,0.87183136,0.8424977,True
waste_type_identification/clothing/shoes/shoes1491.jpg,1,Clothing,1,Clothing,0.84193164,0.8042517,True
waste_type_identification/clothing/shoes/shoes1496.jpg,1,Clothing,1,Clothing,0.8473141,0.8102813,True
waste_type_identification/clothing/shoes/shoes1503.jpg,1,Clothing,1,Clothing,0.8957536,0.873683,True
waste_type_identification/clothing/shoes/shoes1511.jpg,1,Clothing,1,Clothing,0.6139114,0.44249445,True
waste_type_identification/clothing/shoes/shoes1513.jpg,1,Clothing,1,Clothing,0.87336147,0.8493952,True
waste_type_identification/clothing/shoes/shoes1525.jpg,1,Clothing,1,Clothing,0.8067101,0.7564768,True
waste_type_identification/clothing/shoes/shoes1528.jpg,1,Clothing,1,Clothing,0.66041434,0.52858055,True
waste_type_identification/clothing/shoes/shoes1535.jpg,1,Clothing,1,Clothing,0.8271978,0.7808167,True
waste_type_identification/clothing/shoes/shoes1537.jpg,1,Clothing,1,Clothing,0.5287373,0.27400142,True
waste_type_identification/clothing/shoes/shoes1553.jpg,1,Clothing,1,Clothing,0.88012236,0.85005474,True
waste_type_identification/clothing/shoes/shoes1555.jpg,1,Clothing,1,Clothing,0.9032001,0.8843045,True
waste_type_identification/clothing/shoes/shoes1559.jpg,1,Clothing,1,Clothing,0.7230014,0.6422219,True
waste_type_identification/clothing/shoes/shoes1562.jpg,1,Clothing,1,Clothing,0.8480272,0.80377924,True
waste_type_identification/clothing/shoes/shoes1565.jpg,1,Clothing,1,Clothing,0.8372056,0.80631584,True
waste_type_identification/clothing/shoes/shoes157.jpg,1,Clothing,1,Clothing,0.8363772,0.8090281,True
waste_type_identification/clothing/shoes/shoes1571.jpg,1,Clothing,1,Clothing,0.8586604,0.8285304,True
waste_type_identification/clothing/shoes/shoes1576.jpg,1,Clothing,1,Clothing,0.78117704,0.6878793,True
waste_type_identification/clothing/shoes/shoes1584.jpg,1,Clothing,1,Clothing,0.8627824,0.82853514,True
waste_type_identification/clothing/shoes/shoes1588.jpg,1,Clothing,1,Clothing,0.8606411,0.835346,True
waste_type_identification/clothing/shoes/shoes1592.jpg,1,Clothing,1,Clothing,0.8525972,0.81119347,True
waste_type_identification/clothing/shoes/shoes1593.jpg,1,Clothing,1,Clothing,0.8871033,0.8631269,True
waste_type_identification/clothing/shoes/shoes1594.jpg,1,Clothing,1,Clothing,0.8404318,0.80946064,True
waste_type_identification/clothing/shoes/shoes1602.jpg,1,Clothing,1,Clothing,0.82864606,0.7791482,True
waste_type_identification/clothing/shoes/shoes1612.jpg,1,Clothing,1,Clothing,0.8060564,0.74166596,True
waste_type_identification/clothing/shoes/shoes1615.jpg,1,Clothing,1,Clothing,0.81801,0.7556366,True
waste_type_identification/clothing/shoes/shoes1620.jpg,1,Clothing,1,Clothing,0.8769416,0.84506756,True
waste_type_identification/clothing/shoes/shoes1628.jpg,1,Clothing,1,Clothing,0.82151645,0.7335605,True
waste_type_identification/clothing/shoes/shoes1631.jpg,1,Clothing,7,Undifferentiated,0.7129057,0.544896,False
waste_type_identification/clothing/shoes/shoes1633.jpg,1,Clothing,1,Clothing,0.8599032,0.8299717,True
waste_type_identification/clothing/shoes/shoes1638.jpg,1,Clothing,1,Clothing,0.8167604,0.74324524,True
waste_type_identification/clothing/shoes/shoes1640.jpg,1,Clothing,1,Clothing,0.8082375,0.7560045,True
waste_type_identification/clothing/shoes/shoes1641.jpg,1,Clothing,1,Clothing,0.80890244,0.7565607,True
waste_type_identification/clothing/shoes/shoes1649.jpg,1,Clothing,1,Clothing,0.85309476,0.82151276,True
waste_type_identification/clothing/shoes/shoes1650.jpg,1,Clothing,1,Clothing,0.9193781,0.8954473,True
waste_type_identification/clothing/shoes/shoes1653.jpg,1,Clothing,1,Clothing,0.8154709,0.77699816,True
waste_type_identification/clothing/shoes/shoes166.jpg,1,Clothing,1,Clothing,0.7997515,0.7625641,True
waste_type_identification/clothing/shoes/shoes1671.jpg,1,Clothing,1,Clothing,0.7988489,0.74728626,True
waste_type_identification/clothing/shoes/shoes1676.jpg,1,Clothing,1,Clothing,0.8786486,0.853321,True
waste_type_identification/clothing/shoes/shoes1677.jpg,1,Clothing,1,Clothing,0.8287192,0.76914454,True
waste_type_identification/clothing/shoes/shoes168.jpg,1,Clothing,1,Clothing,0.8792545,0.85435766,True
waste_type_identification/clothing/shoes/shoes1680.jpg,1,Clothing,1,Clothing,0.8470671,0.8031365,True
waste_type_identification/clothing/shoes/shoes1686.jpg,1,Clothing,1,Clothing,0.73016715,0.6758918,True
waste_type_identification/clothing/shoes/shoes1687.jpg,1,Clothing,1,Clothing,0.8015889,0.7454499,True
waste_type_identification/clothing/shoes/shoes1688.jpg,1,Clothing,1,Clothing,0.82121783,0.7776683,True
waste_type_identification/clothing/shoes/shoes1691.jpg,1,Clothing,1,Clothing,0.76189744,0.6999567,True
waste_type_identification/clothing/shoes/shoes1693.jpg,1,Clothing,1,Clothing,0.85033834,0.81287855,True
waste_type_identification/clothing/shoes/shoes1694.jpg,1,Clothing,1,Clothing,0.8466644,0.8023742,True
waste_type_identification/clothing/shoes/shoes1696.jpg,1,Clothing,1,Clothing,0.79484135,0.7507273,True
waste_type_identification/clothing/shoes/shoes1699.jpg,1,Clothing,1,Clothing,0.8468366,0.80354756,True
waste_type_identification/clothing/shoes/shoes17.jpg,1,Clothing,1,Clothing,0.82771355,0.78666943,True
waste_type_identification/clothing/shoes/shoes170.jpg,1,Clothing,1,Clothing,0.9450076,0.9294156,True
waste_type_identification/clothing/shoes/shoes1711.jpg,1,Clothing,1,Clothing,0.9106404,0.88848865,True
waste_type_identification/clothing/shoes/shoes1716.jpg,1,Clothing,1,Clothing,0.61607605,0.5018892,True
waste_type_identification/clothing/shoes/shoes1724.jpg,1,Clothing,1,Clothing,0.91136104,0.89423597,True
waste_type_identification/clothing/shoes/shoes1729.jpg,1,Clothing,1,Clothing,0.8783295,0.85341734,True
waste_type_identification/clothing/shoes/shoes1731.jpg,1,Clothing,1,Clothing,0.8066381,0.74512446,True
waste_type_identification/clothing/shoes/shoes1734.jpg,1,Clothing,1,Clothing,0.78659713,0.72462404,True
waste_type_identification/clothing/shoes/shoes174.jpg,1,Clothing,1,Clothing,0.7659717,0.6911433,True
waste_type_identification/clothing/shoes/shoes1741.jpg,1,Clothing,1,Clothing,0.884886,0.8611694,True
waste_type_identification/clothing/shoes/shoes1745.jpg,1,Clothing,1,Clothing,0.884952,0.8450135,True
waste_type_identification/clothing/shoes/shoes1749.jpg,1,Clothing,1,Clothing,0.81465983,0.77374893,True
waste_type_identification/clothing/shoes/shoes1754.jpg,1,Clothing,1,Clothing,0.8789532,0.84769434,True
waste_type_identification/clothing/shoes/shoes1756.jpg,1,Clothing,1,Clothing,0.8200634,0.7658883,True
waste_type_identification/clothing/shoes/shoes1771.jpg,1,Clothing,1,Clothing,0.82678074,0.78859234,True
waste_type_identification/clothing/shoes/shoes1773.jpg,1,Clothing,1,Clothing,0.84048265,0.7988653,True
waste_type_identification/clothing/shoes/shoes1778.jpg,1,Clothing,1,Clothing,0.869513,0.84303397,True
waste_type_identification/clothing/shoes/shoes1789.jpg,1,Clothing,1,Clothing,0.8709263,0.84222597,True
waste_type_identification/clothing/shoes/shoes1798.jpg,1,Clothing,1,Clothing,0.8544899,0.8279499,True
waste_type_identification/clothing/shoes/shoes1805.jpg,1,Clothing,1,Clothing,0.843588,0.8142543,True
waste_type_identification/clothing/shoes/shoes1806.jpg,1,Clothing,1,Clothing,0.813723,0.7724433,True
waste_type_identification/clothing/shoes/shoes1813.jpg,1,Clothing,1,Clothing,0.83266205,0.80046654,True
waste_type_identification/clothing/shoes/shoes1816.jpg,1,Clothing,1,Clothing,0.8169292,0.77268106,True
waste_type_identification/clothing/shoes/shoes1818.jpg,1,Clothing,1,Clothing,0.88477534,0.85715294,True
waste_type_identification/clothing/shoes/shoes1835.jpg,1,Clothing,1,Clothing,0.8114529,0.7383906,True
waste_type_identification/clothing/shoes/shoes184.jpg,1,Clothing,1,Clothing,0.80038744,0.7593906,True
waste_type_identification/clothing/shoes/shoes1852.jpg,1,Clothing,1,Clothing,0.8185196,0.77864033,True
waste_type_identification/clothing/shoes/shoes1855.jpg,1,Clothing,1,Clothing,0.7679971,0.7123597,True
waste_type_identification/clothing/shoes/shoes1860.jpg,1,Clothing,1,Clothing,0.7523751,0.69640046,True
waste_type_identification/clothing/shoes/shoes1861.jpg,1,Clothing,1,Clothing,0.80566794,0.7404236,True
waste_type_identification/clothing/shoes/shoes1863.jpg,1,Clothing,1,Clothing,0.8752335,0.8497623,True
waste_type_identification/clothing/shoes/shoes1873.jpg,1,Clothing,1,Clothing,0.7236328,0.6465767,True
waste_type_identification/clothing/shoes/shoes1881.jpg,1,Clothing,1,Clothing,0.8009102,0.7577537,True
waste_type_identification/clothing/shoes/shoes1891.jpg,1,Clothing,1,Clothing,0.8200303,0.77041966,True
waste_type_identification/clothing/shoes/shoes1895.jpg,1,Clothing,1,Clothing,0.79370093,0.73316264,True
waste_type_identification/clothing/shoes/shoes1896.jpg,1,Clothing,1,Clothing,0.79333293,0.75212955,True
waste_type_identification/clothing/shoes/shoes1904.jpg,1,Clothing,1,Clothing,0.82508004,0.78620046,True
waste_type_identification/clothing/shoes/shoes1908.jpg,1,Clothing,1,Clothing,0.7949099,0.748835,True
waste_type_identification/clothing/shoes/shoes1914.jpg,1,Clothing,1,Clothing,0.869642,0.8404896,True
waste_type_identification/clothing/shoes/shoes1916.jpg,1,Clothing,1,Clothing,0.89835775,0.8775598,True
waste_type_identification/clothing/shoes/shoes1924.jpg,1,Clothing,1,Clothing,0.75242263,0.67381054,True
waste_type_identification/clothing/shoes/shoes193.jpg,1,Clothing,1,Clothing,0.8415829,0.7795865,True
waste_type_identification/clothing/shoes/shoes1937.jpg,1,Clothing,1,Clothing,0.8609625,0.831271,True
waste_type_identification/clothing/shoes/shoes1939.jpg,1,Clothing,1,Clothing,0.8436332,0.8111739,True
waste_type_identification/clothing/shoes/shoes1940.jpg,1,Clothing,1,Clothing,0.7422516,0.66620517,True
waste_type_identification/clothing/shoes/shoes1944.jpg,1,Clothing,1,Clothing,0.7976161,0.7608792,True
waste_type_identification/clothing/shoes/shoes1955.jpg,1,Clothing,1,Clothing,0.7921893,0.7545232,True
waste_type_identification/clothing/shoes/shoes1966.jpg,1,Clothing,1,Clothing,0.81417614,0.7672392,True
waste_type_identification/clothing/shoes/shoes1968.jpg,1,Clothing,1,Clothing,0.6924745,0.5907784,True
waste_type_identification/clothing/shoes/shoes1969.jpg,1,Clothing,1,Clothing,0.8098016,0.7693896,True
waste_type_identification/clothing/shoes/shoes197.jpg,1,Clothing,4,Organic,0.38442287,0.20239006,False
waste_type_identification/clothing/shoes/shoes1970.jpg,1,Clothing,1,Clothing,0.838105,0.80766684,True
waste_type_identification/clothing/shoes/shoes1971.jpg,1,Clothing,1,Clothing,0.86050624,0.83516645,True
waste_type_identification/clothing/shoes/shoes1977.jpg,1,Clothing,1,Clothing,0.804506,0.74628925,True
waste_type_identification/clothing/shoes/shoes198.jpg,1,Clothing,1,Clothing,0.7134119,0.5428088,True
waste_type_identification/clothing/shoes/shoes199.jpg,1,Clothing,1,Clothing,0.9098069,0.8891202,True
waste_type_identification/clothing/shoes/shoes205.jpg,1,Clothing,1,Clothing,0.5234223,0.31527328,True
waste_type_identification/clothing/shoes/shoes208.jpg,1,Clothing,1,Clothing,0.70578516,0.6221383,True
waste_type_identification/clothing/shoes/shoes229.jpg,1,Clothing,1,Clothing,0.88252664,0.8593042,True
waste_type_identification/clothing/shoes/shoes231.jpg,1,Clothing,1,Clothing,0.8889006,0.86451936,True
waste_type_identification/clothing/shoes/shoes237.jpg,1,Clothing,1,Clothing,0.85257083,0.8137405,True
waste_type_identification/clothing/shoes/shoes241.jpg,1,Clothing,1,Clothing,0.8004581,0.75063014,True
waste_type_identification/clothing/shoes/shoes242.jpg,1,Clothing,1,Clothing,0.8226313,0.787307,True
waste_type_identification/clothing/shoes/shoes247.jpg,1,Clothing,1,Clothing,0.90233743,0.87844104,True
waste_type_identification/clothing/shoes/shoes249.jpg,1,Clothing,1,Clothing,0.8367961,0.8042438,True
waste_type_identification/clothing/shoes/shoes250.jpg,1,Clothing,7,Undifferentiated,0.5290925,0.41809037,False
waste_type_identification/clothing/shoes/shoes251.jpg,1,Clothing,1,Clothing,0.82061476,0.74863815,True
waste_type_identification/clothing/shoes/shoes258.jpg,1,Clothing,1,Clothing,0.8595201,0.82256687,True
waste_type_identification/clothing/shoes/shoes260.jpg,1,Clothing,1,Clothing,0.9092855,0.8903047,True
waste_type_identification/clothing/shoes/shoes268.jpg,1,Clothing,1,Clothing,0.82751644,0.78501856,True
waste_type_identification/clothing/shoes/shoes273.jpg,1,Clothing,1,Clothing,0.8432714,0.7844432,True
waste_type_identification/clothing/shoes/shoes281.jpg,1,Clothing,1,Clothing,0.8210742,0.7775101,True
waste_type_identification/clothing/shoes/shoes29.jpg,1,Clothing,1,Clothing,0.85099643,0.8141916,True
waste_type_identification/clothing/shoes/shoes307.jpg,1,Clothing,1,Clothing,0.31757066,0.13379455,True
waste_type_identification/clothing/shoes/shoes309.jpg,1,Clothing,1,Clothing,0.86355984,0.8342905,True
waste_type_identification/clothing/shoes/shoes322.jpg,1,Clothing,1,Clothing,0.86387765,0.83887774,True
waste_type_identification/clothing/shoes/shoes329.jpg,1,Clothing,1,Clothing,0.89299333,0.87218034,True
waste_type_identification/clothing/shoes/shoes331.jpg,1,Clothing,1,Clothing,0.8151976,0.77106845,True
waste_type_identification/clothing/shoes/shoes333.jpg,1,Clothing,1,Clothing,0.69701874,0.5878606,True
waste_type_identification/clothing/shoes/shoes334.jpg,1,Clothing,1,Clothing,0.8671112,0.84213614,True
waste_type_identification/clothing/shoes/shoes335.jpg,1,Clothing,1,Clothing,0.85101604,0.8177894,True
waste_type_identification/clothing/shoes/shoes336.jpg,1,Clothing,1,Clothing,0.83932865,0.80786633,True
waste_type_identification/clothing/shoes/shoes338.jpg,1,Clothing,1,Clothing,0.8835809,0.8635031,True
waste_type_identification/clothing/shoes/shoes340.jpg,1,Clothing,1,Clothing,0.82046187,0.7796017,True
waste_type_identification/clothing/shoes/shoes355.jpg,1,Clothing,1,Clothing,0.74913967,0.6624468,True
waste_type_identification/clothing/shoes/shoes375.jpg,1,Clothing,1,Clothing,0.716368,0.5868855,True
waste_type_identification/clothing/shoes/shoes378.jpg,1,Clothing,1,Clothing,0.90075743,0.87777364,True
waste_type_identification/clothing/shoes/shoes384.jpg,1,Clothing,1,Clothing,0.85026556,0.81344,True
waste_type_identification/clothing/shoes/shoes395.jpg,1,Clothing,1,Clothing,0.72965443,0.67607105,True
waste_type_identification/clothing/shoes/shoes397.jpg,1,Clothing,5,Papery,0.41654852,0.28756922,False
waste_type_identification/clothing/shoes/shoes401.jpg,1,Clothing,1,Clothing,0.8705497,0.8469071,True
waste_type_identification/clothing/shoes/shoes402.jpg,1,Clothing,1,Clothing,0.47432128,0.279051,True
waste_type_identification/clothing/shoes/shoes403.jpg,1,Clothing,1,Clothing,0.84998894,0.81437975,True
waste_type_identification/clothing/shoes/shoes407.jpg,1,Clothing,1,Clothing,0.8597822,0.8050051,True
waste_type_identification/clothing/shoes/shoes417.jpg,1,Clothing,1,Clothing,0.85016775,0.8190079,True
waste_type_identification/clothing/shoes/shoes427.jpg,1,Clothing,1,Clothing,0.8777923,0.8482545,True
waste_type_identification/clothing/shoes/shoes444.jpg,1,Clothing,1,Clothing,0.8598584,0.8253817,True
waste_type_identification/clothing/shoes/shoes449.jpg,1,Clothing,1,Clothing,0.82024413,0.7802395,True
waste_type_identification/clothing/shoes/shoes454.jpg,1,Clothing,1,Clothing,0.79149455,0.7333297,True
waste_type_identification/clothing/shoes/shoes460.jpg,1,Clothing,1,Clothing,0.8440959,0.81481135,True
waste_type_identification/clothing/shoes/shoes472.jpg,1,Clothing,1,Clothing,0.9076761,0.88783664,True
waste_type_identification/clothing/shoes/shoes477.jpg,1,Clothing,1,Clothing,0.8202283,0.7841665,True
waste_type_identification/clothing/shoes/shoes481.jpg,1,Clothing,1,Clothing,0.87875164,0.8527332,True
waste_type_identification/clothing/shoes/shoes487.jpg,1,Clothing,1,Clothing,0.85548884,0.8099512,True
waste_type_identification/clothing/shoes/shoes49.jpg,1,Clothing,1,Clothing,0.82252383,0.7753418,True
waste_type_identification/clothing/shoes/shoes490.jpg,1,Clothing,1,Clothing,0.84012836,0.8074581,True
waste_type_identification/clothing/shoes/shoes491.jpg,1,Clothing,1,Clothing,0.92693007,0.9107761,True
waste_type_identification/clothing/shoes/shoes492.jpg,1,Clothing,1,Clothing,0.9037293,0.8769031,True
waste_type_identification/clothing/shoes/shoes50.jpg,1,Clothing,1,Clothing,0.48685738,0.2831303,True
waste_type_identification/clothing/shoes/shoes515.jpg,1,Clothing,1,Clothing,0.8685787,0.80744207,True
waste_type_identification/clothing/shoes/shoes516.jpg,1,Clothing,1,Clothing,0.85025185,0.8196956,True
waste_type_identification/clothing/shoes/shoes52.jpg,1,Clothing,1,Clothing,0.87092036,0.8452074,True
waste_type_identification/clothing/shoes/shoes522.jpg,1,Clothing,1,Clothing,0.8974001,0.868931,True
waste_type_identification/clothing/shoes/shoes526.jpg,1,Clothing,1,Clothing,0.85635036,0.8193287,True
waste_type_identification/clothing/shoes/shoes53.jpg,1,Clothing,1,Clothing,0.8572945,0.8198435,True
waste_type_identification/clothing/shoes/shoes531.jpg,1,Clothing,1,Clothing,0.8293143,0.780277,True
waste_type_identification/clothing/shoes/shoes552.jpg,1,Clothing,1,Clothing,0.91017234,0.8925066,True
waste_type_identification/clothing/shoes/shoes555.jpg,1,Clothing,1,Clothing,0.8476168,0.80979776,True
waste_type_identification/clothing/shoes/shoes557.jpg,1,Clothing,1,Clothing,0.7496024,0.6744168,True
waste_type_identification/clothing/shoes/shoes558.jpg,1,Clothing,1,Clothing,0.64623654,0.4576248,True
waste_type_identification/clothing/shoes/shoes573.jpg,1,Clothing,1,Clothing,0.79610395,0.7405269,True
waste_type_identification/clothing/shoes/shoes575.jpg,1,Clothing,1,Clothing,0.87966925,0.8523082,True
waste_type_identification/clothing/shoes/shoes577.jpg,1,Clothing,1,Clothing,0.58968836,0.4637372,True
waste_type_identification/clothing/shoes/shoes580.jpg,1,Clothing,1,Clothing,0.9162853,0.8986092,True
waste_type_identification/clothing/shoes/shoes586.jpg,1,Clothing,1,Clothing,0.8760564,0.846217,True
waste_type_identification/clothing/shoes/shoes594.jpg,1,Clothing,1,Clothing,0.8331,0.7845858,True
waste_type_identification/clothing/shoes/shoes601.jpg,1,Clothing,4,Organic,0.57023937,0.43715712,False
waste_type_identification/clothing/shoes/shoes604.jpg,1,Clothing,1,Clothing,0.81341845,0.77114445,True
waste_type_identification/clothing/shoes/shoes607.jpg,1,Clothing,1,Clothing,0.70574975,0.59461635,True
waste_type_identification/clothing/shoes/shoes609.jpg,1,Clothing,1,Clothing,0.8155438,0.759851,True
waste_type_identification/clothing/shoes/shoes612.jpg,1,Clothing,1,Clothing,0.8491649,0.81724876,True
waste_type_identification/clothing/shoes/shoes613.jpg,1,Clothing,1,Clothing,0.8737788,0.84394115,True
waste_type_identification/clothing/shoes/shoes617.jpg,1,Clothing,1,Clothing,0.8301048,0.7721329,True
waste_type_identification/clothing/shoes/shoes619.jpg,1,Clothing,1,Clothing,0.78231686,0.7246532,True
waste_type_identification/clothing/shoes/shoes620.jpg,1,Clothing,1,Clothing,0.8530422,0.81866944,True
waste_type_identification/clothing/shoes/shoes63.jpg,1,Clothing,1,Clothing,0.75578314,0.65456086,True
waste_type_identification/clothing/shoes/shoes635.jpg,1,Clothing,1,Clothing,0.82995725,0.78299403,True
waste_type_identification/clothing/shoes/shoes640.jpg,1,Clothing,1,Clothing,0.86479187,0.83301514,True
waste_type_identification/clothing/shoes/shoes643.jpg,1,Clothing,1,Clothing,0.8792773,0.8545746,True
waste_type_identification/clothing/shoes/shoes653.jpg,1,Clothing,1,Clothing,0.8753471,0.8472231,True
waste_type_identification/clothing/shoes/shoes655.jpg,1,Clothing,1,Clothing,0.87420034,0.84370106,True
waste_type_identification/clothing/shoes/shoes657.jpg,1,Clothing,1,Clothing,0.84378284,0.8109446,True
waste_type_identification/clothing/shoes/shoes659.jpg,1,Clothing,1,Clothing,0.8360822,0.79061663,True
waste_type_identification/clothing/shoes/shoes661.jpg,1,Clothing,1,Clothing,0.82207036,0.75671613,True
waste_type_identification/clothing/shoes/shoes665.jpg,1,Clothing,1,Clothing,0.8843001,0.85968703,True
waste_type_identification/clothing/shoes/shoes667.jpg,1,Clothing,1,Clothing,0.89684,0.8738963,True
waste_type_identification/clothing/shoes/shoes669.jpg,1,Clothing,1,Clothing,0.8427644,0.81050235,True
waste_type_identification/clothing/shoes/shoes674.jpg,1,Clothing,1,Clothing,0.8136892,0.78109,True
waste_type_identification/clothing/shoes/shoes676.jpg,1,Clothing,1,Clothing,0.82940507,0.77572244,True
waste_type_identification/clothing/shoes/shoes678.jpg,1,Clothing,1,Clothing,0.8334519,0.792016,True
waste_type_identification/clothing/shoes/shoes679.jpg,1,Clothing,1,Clothing,0.8727017,0.83963025,True
waste_type_identification/clothing/shoes/shoes686.jpg,1,Clothing,1,Clothing,0.60670334,0.500993,True
waste_type_identification/clothing/shoes/shoes693.jpg,1,Clothing,1,Clothing,0.7812087,0.692515,True
waste_type_identification/clothing/shoes/shoes695.jpg,1,Clothing,1,Clothing,0.77429485,0.6591234,True
waste_type_identification/clothing/shoes/shoes7.jpg,1,Clothing,1,Clothing,0.82296324,0.7810016,True
waste_type_identification/clothing/shoes/shoes706.jpg,1,Clothing,1,Clothing,0.74767244,0.6732361,True
waste_type_identification/clothing/shoes/shoes707.jpg,1,Clothing,1,Clothing,0.4628412,0.34233126,True
waste_type_identification/clothing/shoes/shoes708.jpg,1,Clothing,1,Clothing,0.7101106,0.597359,True
waste_type_identification/clothing/shoes/shoes711.jpg,1,Clothing,1,Clothing,0.7796334,0.70613027,True
waste_type_identification/clothing/shoes/shoes716.jpg,1,Clothing,1,Clothing,0.84061474,0.7999794,True
waste_type_identification/clothing/shoes/shoes717.jpg,1,Clothing,1,Clothing,0.8101262,0.73340946,True
waste_type_identification/clothing/shoes/shoes722.jpg,1,Clothing,1,Clothing,0.84256834,0.8000423,True
waste_type_identification/clothing/shoes/shoes730.jpg,1,Clothing,1,Clothing,0.8593602,0.81941855,True
waste_type_identification/clothing/shoes/shoes734.jpg,1,Clothing,1,Clothing,0.8340636,0.78654987,True
waste_type_identification/clothing/shoes/shoes735.jpg,1,Clothing,1,Clothing,0.7129634,0.6169919,True
waste_type_identification/clothing/shoes/shoes74.jpg,1,Clothing,1,Clothing,0.8693192,0.8436754,True
waste_type_identification/clothing/shoes/shoes746.jpg,1,Clothing,7,Undifferentiated,0.39992097,0.1366035,False
waste_type_identification/clothing/shoes/shoes749.jpg,1,Clothing,1,Clothing,0.8589417,0.82669395,True
waste_type_identification/clothing/shoes/shoes751.jpg,1,Clothing,1,Clothing,0.78087634,0.6887008,True
waste_type_identification/clothing/shoes/shoes757.jpg,1,Clothing,1,Clothing,0.8319136,0.7955409,True
waste_type_identification/clothing/shoes/shoes764.jpg,1,Clothing,1,Clothing,0.8796345,0.8559689,True
waste_type_identification/clothing/shoes/shoes769.jpg,1,Clothing,1,Clothing,0.8301671,0.78476596,True
waste_type_identification/clothing/shoes/shoes776.jpg,1,Clothing,1,Clothing,0.8289354,0.7742186,True
waste_type_identification/clothing/shoes/shoes782.jpg,1,Clothing,1,Clothing,0.7108519,0.55578065,True
waste_type_identification/clothing/shoes/shoes785.jpg,1,Clothing,1,Clothing,0.82997507,0.76047003,True
waste_type_identification/clothing/shoes/shoes791.jpg,1,Clothing,1,Clothing,0.8822398,0.8558726,True
waste_type_identification/clothing/shoes/shoes798.jpg,1,Clothing,1,Clothing,0.85109127,0.81355965,True
waste_type_identification/clothing/shoes/shoes799.jpg,1,Clothing,1,Clothing,0.8593602,0.83386195,True
waste_type_identification/clothing/shoes/shoes801.jpg,1,Clothing,1,Clothing,0.8176044,0.77160585,True
waste_type_identification/clothing/shoes/shoes808.jpg,1,Clothing,1,Clothing,0.8072444,0.7709906,True
waste_type_identification/clothing/shoes/shoes809.jpg,1,Clothing,1,Clothing,0.8669412,0.8393183,True
waste_type_identification/clothing/shoes/shoes811.jpg,1,Clothing,1,Clothing,0.8786284,0.84891176,True
waste_type_identification/clothing/shoes/shoes812.jpg,1,Clothing,1,Clothing,0.8059433,0.7603224,True
waste_type_identification/clothing/shoes/shoes813.jpg,1,Clothing,1,Clothing,0.806473,0.76495737,True
waste_type_identification/clothing/shoes/shoes816.jpg,1,Clothing,1,Clothing,0.85736513,0.8230336,True
waste_type_identification/clothing/shoes/shoes818.jpg,1,Clothing,1,Clothing,0.805723,0.75527465,True
waste_type_identification/clothing/shoes/shoes836.jpg,1,Clothing,1,Clothing,0.8246921,0.78041494,True
waste_type_identification/clothing/shoes/shoes838.jpg,1,Clothing,1,Clothing,0.772722,0.71938765,True
waste_type_identification/clothing/shoes/shoes841.jpg,1,Clothing,5,Papery,0.5445091,0.2567598,False
waste_type_identification/clothing/shoes/shoes842.jpg,1,Clothing,1,Clothing,0.82026047,0.7484214,True
waste_type_identification/clothing/shoes/shoes845.jpg,1,Clothing,1,Clothing,0.6589464,0.48942268,True
waste_type_identification/clothing/shoes/shoes853.jpg,1,Clothing,1,Clothing,0.7887621,0.71965724,True
waste_type_identification/clothing/shoes/shoes854.jpg,1,Clothing,1,Clothing,0.46425444,0.07952857,True
waste_type_identification/clothing/shoes/shoes863.jpg,1,Clothing,1,Clothing,0.77747005,0.73008525,True
waste_type_identification/clothing/shoes/shoes864.jpg,1,Clothing,1,Clothing,0.77167076,0.7236459,True
waste_type_identification/clothing/shoes/shoes87.jpg,1,Clothing,1,Clothing,0.88451815,0.855259,True
waste_type_identification/clothing/shoes/shoes885.jpg,1,Clothing,1,Clothing,0.85389525,0.8206942,True
waste_type_identification/clothing/shoes/shoes887.jpg,1,Clothing,1,Clothing,0.83856237,0.8024509,True
waste_type_identification/clothing/shoes/shoes891.jpg,1,Clothing,1,Clothing,0.8510359,0.8238441,True
waste_type_identification/clothing/shoes/shoes896.jpg,1,Clothing,1,Clothing,0.80302244,0.7520197,True
waste_type_identification/clothing/shoes/shoes90.jpg,1,Clothing,7,Undifferentiated,0.43291,0.20190527,False
waste_type_identification/clothing/shoes/shoes900.jpg,1,Clothing,1,Clothing,0.49162373,0.19119337,True
waste_type_identification/clothing/shoes/shoes904.jpg,1,Clothing,1,Clothing,0.8686377,0.8340409,True
waste_type_identification/clothing/shoes/shoes913.jpg,1,Clothing,1,Clothing,0.87927383,0.8546128,True
waste_type_identification/clothing/shoes/shoes914.jpg,1,Clothing,1,Clothing,0.8771497,0.84987,True
waste_type_identification/clothing/shoes/shoes915.jpg,1,Clothing,1,Clothing,0.83916736,0.7962156,True
waste_type_identification/clothing/shoes/shoes917.jpg,1,Clothing,1,Clothing,0.79826486,0.7178052,True
waste_type_identification/clothing/shoes/shoes918.jpg,1,Clothing,1,Clothing,0.8835185,0.8605981,True
waste_type_identification/clothing/shoes/shoes922.jpg,1,Clothing,1,Clothing,0.8362548,0.80324453,True
waste_type_identification/clothing/shoes/shoes927.jpg,1,Clothing,1,Clothing,0.83864576,0.8042941,True
waste_type_identification/clothing/shoes/shoes928.jpg,1,Clothing,1,Clothing,0.763486,0.7069738,True
waste_type_identification/clothing/shoes/shoes930.jpg,1,Clothing,1,Clothing,0.84983575,0.81126744,True
waste_type_identification/clothing/shoes/shoes94.jpg,1,Clothing,1,Clothing,0.7814708,0.659823,True
waste_type_identification/clothing/shoes/shoes943.jpg,1,Clothing,1,Clothing,0.8493128,0.8140213,True
waste_type_identification/clothing/shoes/shoes944.jpg,1,Clothing,1,Clothing,0.7818845,0.7128341,True
waste_type_identification/clothing/shoes/shoes955.jpg,1,Clothing,1,Clothing,0.81163406,0.7740863,True
waste_type_identification/clothing/shoes/shoes96.jpg,1,Clothing,1,Clothing,0.8261748,0.7597834,True
waste_type_identification/clothing/shoes/shoes964.jpg,1,Clothing,1,Clothing,0.88923156,0.8643937,True
waste_type_identification/clothing/shoes/shoes982.jpg,1,Clothing,1,Clothing,0.8321217,0.79027575,True
waste_type_identification/clothing/shoes/shoes983.jpg,1,Clothing,1,Clothing,0.7808054,0.7338063,True
waste_type_identification/clothing/shoes/shoes986.jpg,1,Clothing,3,Metal,0.37077412,0.08152202,False
waste_type_identification/clothing/shoes/shoes994.jpg,1,Clothing,1,Clothing,0.7821346,0.7217149,True
waste_type_identification/glass/brown/brown114.jpg,2,Glass,2,Glass,0.75165266,0.62657535,True
waste_type_identification/glass/brown/brown121.jpg,2,Glass,2,Glass,0.6233197,0.42522234,True
waste_type_identification/glass/brown/brown122.jpg,2,Glass,2,Glass,0.9135657,0.8972635,True
waste_type_identification/glass/brown/brown124.jpg,2,Glass,2,Glass,0.8800372,0.83693105,True
waste_type_identification/glass/brown/brown126.jpg,2,Glass,2,Glass,0.9111813,0.8921539,True
waste_type_identification/glass/brown/brown132.jpg,2,Glass,2,Glass,0.89197665,0.8701527,True
waste_type_identification/glass/brown/brown140.jpg,2,Glass,2,Glass,0.9221478,0.9054545,True
waste_type_identification/glass/brown/brown143.jpg,2,Glass,2,Glass,0.84980005,0.7887129,True
waste_type_identification/glass/brown/brown150.jpg,2,Glass,2,Glass,0.7538396,0.6524776,True
waste_type_identification/glass/brown/brown154.jpg,2,Glass,2,Glass,0.8325141,0.7752452,True
waste_type_identification/glass/brown/brown156.jpg,2,Glass,2,Glass,0.65346974,0.4445984,True
waste_type_identification/glass/brown/brown160.jpg,2,Glass,2,Glass,0.91151434,0.89299446,True
waste_type_identification/glass/brown/brown161.jpg,2,Glass,2,Glass,0.46190175,0.21673752,True
waste_type_identification/glass/brown/brown166.jpg,2,Glass,2,Glass,0.8870173,0.86344147,True
waste_type_identification/glass/brown/brown167.jpg,2,Glass,2,Glass,0.8798448,0.8534754,True
waste_type_identification/glass/brown/brown17.jpg,2,Glass,2,Glass,0.92544025,0.9102924,True
waste_type_identification/glass/brown/brown189.jpg,2,Glass,2,Glass,0.91344297,0.89576167,True
waste_type_identification/glass/brown/brown19.jpg,2,Glass,2,Glass,0.9130621,0.89648354,True
waste_type_identification/glass/brown/brown190.jpg,2,Glass,2,Glass,0.9181362,0.9009899,True
waste_type_identification/glass/brown/brown194.jpg,2,Glass,2,Glass,0.9150349,0.8964608,True
waste_type_identification/glass/brown/brown2.jpg,2,Glass,2,Glass,0.848328,0.8159669,True
waste_type_identification/glass/brown/brown200.jpg,2,Glass,2,Glass,0.8653619,0.83619726,True
waste_type_identification/glass/brown/brown201.jpg,2,Glass,2,Glass,0.91950214,0.89029664,True
waste_type_identification/glass/brown/brown203.jpg,2,Glass,2,Glass,0.88171035,0.8472112,True
waste_type_identification/glass/brown/brown207.jpg,2,Glass,2,Glass,0.9484939,0.9335717,True
waste_type_identification/glass/brown/brown211.jpg,2,Glass,2,Glass,0.91438895,0.8924161,True
waste_type_identification/glass/brown/brown214.jpg,2,Glass,2,Glass,0.94677305,0.935113,True
waste_type_identification/glass/brown/brown215.jpg,2,Glass,2,Glass,0.8173533,0.7465786,True
waste_type_identification/glass/brown/brown216.jpg,2,Glass,2,Glass,0.895398,0.8696752,True
waste_type_identification/glass/brown/brown218.jpg,2,Glass,2,Glass,0.8930828,0.865312,True
waste_type_identification/glass/brown/brown223.jpg,2,Glass,2,Glass,0.89320177,0.8698448,True
waste_type_identification/glass/brown/brown233.jpg,2,Glass,2,Glass,0.87134814,0.844624,True
waste_type_identification/glass/brown/brown248.jpg,2,Glass,2,Glass,0.88150716,0.85287017,True
waste_type_identification/glass/brown/brown249.jpg,2,Glass,2,Glass,0.90406114,0.884585,True
waste_type_identification/glass/brown/brown250.jpg,2,Glass,2,Glass,0.90159756,0.87909037,True
waste_type_identification/glass/brown/brown253.jpg,2,Glass,2,Glass,0.8810862,0.85911775,True
waste_type_identification/glass/brown/brown268.jpg,2,Glass,2,Glass,0.9088031,0.88833725,True
waste_type_identification/glass/brown/brown277.jpg,2,Glass,2,Glass,0.9479611,0.93784595,True
waste_type_identification/glass/brown/brown282.jpg,2,Glass,2,Glass,0.8930117,0.8718836,True
waste_type_identification/glass/brown/brown289.jpg,2,Glass,2,Glass,0.9660396,0.9580928,True
waste_type_identification/glass/brown/brown292.jpg,2,Glass,2,Glass,0.922413,0.9073966,True
waste_type_identification/glass/brown/brown297.jpg,2,Glass,2,Glass,0.87444085,0.8364901,True
waste_type_identification/glass/brown/brown301.jpg,2,Glass,2,Glass,0.91516584,0.89668816,True
waste_type_identification/glass/brown/brown304.jpg,2,Glass,2,Glass,0.94433916,0.9304868,True
waste_type_identification/glass/brown/brown306.jpg,2,Glass,2,Glass,0.74984026,0.6541502,True
waste_type_identification/glass/brown/brown308.jpg,2,Glass,2,Glass,0.87567955,0.8393854,True
waste_type_identification/glass/brown/brown309.jpg,2,Glass,2,Glass,0.6243907,0.5144124,True
waste_type_identification/glass/brown/brown310.jpg,2,Glass,2,Glass,0.90383893,0.8832935,True
waste_type_identification/glass/brown/brown324.jpg,2,Glass,2,Glass,0.77752,0.7264797,True
waste_type_identification/glass/brown/brown326.jpg,2,Glass,2,Glass,0.9305183,0.9146597,True
waste_type_identification/glass/brown/brown328.jpg,2,Glass,2,Glass,0.90217924,0.8829865,True
waste_type_identification/glass/brown/brown339.jpg,2,Glass,2,Glass,0.87981457,0.8421512,True
waste_type_identification/glass/brown/brown340.jpg,2,Glass,2,Glass,0.9401518,0.92491114,True
waste_type_identification/glass/brown/brown349.jpg,2,Glass,2,Glass,0.91907346,0.8988669,True
waste_type_identification/glass/brown/brown351.jpg,2,Glass,2,Glass,0.9398813,0.92595387,True
waste_type_identification/glass/brown/brown353.jpg,2,Glass,2,Glass,0.88367665,0.85969234,True
waste_type_identification/glass/brown/brown356.jpg,2,Glass,2,Glass,0.5023265,0.17996362,True
waste_type_identification/glass/brown/brown368.jpg,2,Glass,2,Glass,0.9389513,0.9249215,True
waste_type_identification/glass/brown/brown370.jpg,2,Glass,2,Glass,0.92565656,0.90817773,True
waste_type_identification/glass/brown/brown379.jpg,2,Glass,2,Glass,0.9208163,0.90444046,True
waste_type_identification/glass/brown/brown380.jpg,2,Glass,2,Glass,0.9045601,0.8848755,True
waste_type_identification/glass/brown/brown387.jpg,2,Glass,2,Glass,0.7182571,0.5749862,True
waste_type_identification/glass/brown/brown39.jpg,2,Glass,4,Organic,0.73775035,0.6170989,False
waste_type_identification/glass/brown/brown394.jpg,2,Glass,2,Glass,0.91887295,0.9014156,True
waste_type_identification/glass/brown/brown395.jpg,2,Glass,2,Glass,0.91222334,0.88978934,True
waste_type_identification/glass/brown/brown399.jpg,2,Glass,2,Glass,0.9173503,0.9007639,True
waste_type_identification/glass/brown/brown405.jpg,2,Glass,2,Glass,0.8913609,0.8693864,True
waste_type_identification/glass/brown/brown414.jpg,2,Glass,2,Glass,0.7363367,0.58803034,True
waste_type_identification/glass/brown/brown415.jpg,2,Glass,2,Glass,0.91667074,0.89671063,True
waste_type_identification/glass/brown/brown419.jpg,2,Glass,2,Glass,0.9169157,0.8978664,True
waste_type_identification/glass/brown/brown429.jpg,2,Glass,2,Glass,0.68944645,0.54852635,True
waste_type_identification/glass/brown/brown44.jpg,2,Glass,2,Glass,0.9321441,0.91789013,True
waste_type_identification/glass/brown/brown441.jpg,2,Glass,2,Glass,0.940304,0.9292494,True
waste_type_identification/glass/brown/brown446.jpg,2,Glass,2,Glass,0.9184727,0.9010714,True
waste_type_identification/glass/brown/brown452.jpg,2,Glass,2,Glass,0.87957555,0.8545764,True
waste_type_identification/glass/brown/brown456.jpg,2,Glass,2,Glass,0.9198296,0.90423787,True
waste_type_identification/glass/brown/brown470.jpg,2,Glass,7,Undifferentiated,0.42540747,0.088309735,False
waste_type_identification/glass/brown/brown479.jpg,2,Glass,2,Glass,0.90011567,0.88046503,True
waste_type_identification/glass/brown/brown48.jpg,2,Glass,2,Glass,0.9069285,0.8848787,True
waste_type_identification/glass/brown/brown486.jpg,2,Glass,2,Glass,0.88112307,0.857153,True
waste_type_identification/glass/brown/brown50.jpg,2,Glass,2,Glass,0.90544635,0.8859573,True
waste_type_identification/glass/brown/brown503.jpg,2,Glass,2,Glass,0.905699,0.88083994,True
waste_type_identification/glass/brown/brown507.jpg,2,Glass,2,Glass,0.582137,0.46895638,True
waste_type_identification/glass/brown/brown508.jpg,2,Glass,2,Glass,0.93171567,0.91389006,True
waste_type_identification/glass/brown/brown513.jpg,2,Glass,2,Glass,0.9109248,0.8865216,True
waste_type_identification/glass/brown/brown522.jpg,2,Glass,2,Glass,0.8955115,0.87308896,True
waste_type_identification/glass/brown/brown525.jpg,2,Glass,2,Glass,0.89316237,0.8690152,True
waste_type_identification/glass/brown/brown540.jpg,2,Glass,2,Glass,0.9098546,0.89201665,True
waste_type_identification/glass/brown/brown545.jpg,2,Glass,2,Glass,0.92199636,0.9070572,True
waste_type_identification/glass/brown/brown546.jpg,2,Glass,2,Glass,0.92017096,0.90291005,True
waste_type_identification/glass/brown/brown554.jpg,2,Glass,2,Glass,0.92890424,0.91333985,True
waste_type_identification/glass/brown/brown562.jpg,2,Glass,2,Glass,0.93372345,0.9139507,True
waste_type_identification/glass/brown/brown567.jpg,2,Glass,2,Glass,0.91236556,0.89520603,True
waste_type_identification/glass/brown/brown57.jpg,2,Glass,2,Glass,0.84727955,0.8095093,True
waste_type_identification/glass/brown/brown570.jpg,2,Glass,2,Glass,0.91604644,0.90073407,True
waste_type_identification/glass/brown/brown574.jpg,2,Glass,2,Glass,0.94712365,0.936384,True
waste_type_identification/glass/brown/brown58.jpg,2,Glass,2,Glass,0.8022002,0.76629764,True
waste_type_identification/glass/brown/brown584.jpg,2,Glass,2,Glass,0.9455304,0.932488,True
waste_type_identification/glass/brown/brown587.jpg,2,Glass,2,Glass,0.9600008,0.9519835,True
waste_type_identification/glass/brown/brown595.jpg,2,Glass,2,Glass,0.9261634,0.91009146,True
waste_type_identification/glass/brown/brown596.jpg,2,Glass,2,Glass,0.9077353,0.88833636,True
waste_type_identification/glass/brown/brown598.jpg,2,Glass,2,Glass,0.9033264,0.8797777,True
waste_type_identification/glass/brown/brown6.jpg,2,Glass,2,Glass,0.8978873,0.875715,True
waste_type_identification/glass/brown/brown60.jpg,2,Glass,2,Glass,0.9181388,0.9003612,True
waste_type_identification/glass/brown/brown600.jpg,2,Glass,2,Glass,0.88483787,0.8618171,True
waste_type_identification/glass/brown/brown65.jpg,2,Glass,2,Glass,0.8992447,0.8741023,True
waste_type_identification/glass/brown/brown70.jpg,2,Glass,2,Glass,0.92072344,0.9037147,True
waste_type_identification/glass/brown/brown73.jpg,2,Glass,2,Glass,0.8848123,0.8562342,True
waste_type_identification/glass/brown/brown74.jpg,2,Glass,2,Glass,0.9005758,0.8767228,True
waste_type_identification/glass/brown/brown9.jpg,2,Glass,2,Glass,0.8561261,0.82168645,True
waste_type_identification/glass/brown/brown93.jpg,2,Glass,2,Glass,0.91931826,0.89990616,True
waste_type_identification/glass/brown/brown98.jpg,2,Glass,2,Glass,0.8957892,0.87517995,True
waste_type_identification/glass/green/green101.jpg,2,Glass,2,Glass,0.90767825,0.884585,True
waste_type_identification/glass/green/green105.jpg,2,Glass,2,Glass,0.9332179,0.9194069,True
waste_type_identification/glass/green/green106.jpg,2,Glass,2,Glass,0.9153775,0.8953283,True
waste_type_identification/glass/green/green107.jpg,2,Glass,2,Glass,0.8528149,0.81891906,True
waste_type_identification/glass/green/green115.jpg,2,Glass,2,Glass,0.95893115,0.9492782,True
waste_type_identification/glass/green/green120.jpg,2,Glass,2,Glass,0.84936506,0.8050898,True
waste_type_identification/glass/green/green127.jpg,2,Glass,2,Glass,0.9233886,0.9078846,True
waste_type_identification/glass/green/green130.jpg,2,Glass,2,Glass,0.8108181,0.7454862,True
waste_type_identification/glass/green/green133.jpg,2,Glass,2,Glass,0.9221334,0.90105635,True
waste_type_identification/glass/green/green136.jpg,2,Glass,2,Glass,0.88412184,0.85256535,True
waste_type_identification/glass/green/green138.jpg,2,Glass,2,Glass,0.88161695,0.8572329,True
waste_type_identification/glass/green/green14.jpg,2,Glass,2,Glass,0.95787144,0.94752055,True
waste_type_identification/glass/green/green141.jpg,2,Glass,2,Glass,0.9133683,0.88544554,True
waste_type_identification/glass/green/green144.jpg,2,Glass,2,Glass,0.9133555,0.89619386,True
waste_type_identification/glass/green/green146.jpg,2,Glass,2,Glass,0.92120975,0.9038128,True
waste_type_identification/glass/green/green158.jpg,2,Glass,2,Glass,0.90503955,0.87684125,True
waste_type_identification/glass/green/green16.jpg,2,Glass,2,Glass,0.9415604,0.9281624,True
waste_type_identification/glass/green/green162.jpg,2,Glass,2,Glass,0.8351172,0.75733757,True
waste_type_identification/glass/green/green164.jpg,2,Glass,3,Metal,0.644309,0.42103505,False
waste_type_identification/glass/green/green166.jpg,2,Glass,2,Glass,0.8193006,0.74892294,True
waste_type_identification/glass/green/green167.jpg,2,Glass,2,Glass,0.9011839,0.8747673,True
waste_type_identification/glass/green/green175.jpg,2,Glass,2,Glass,0.8730143,0.84862393,True
waste_type_identification/glass/green/green18.jpg,2,Glass,2,Glass,0.91216373,0.89304,True
waste_type_identification/glass/green/green180.jpg,2,Glass,6,Plastic,0.47613677,0.22208518,False
waste_type_identification/glass/green/green184.jpg,2,Glass,2,Glass,0.913982,0.896085,True
waste_type_identification/glass/green/green186.jpg,2,Glass,2,Glass,0.8837312,0.84090364,True
waste_type_identification/glass/green/green19.jpg,2,Glass,2,Glass,0.92665017,0.91373265,True
waste_type_identification/glass/green/green197.jpg,2,Glass,2,Glass,0.9508953,0.93916565,True
waste_type_identification/glass/green/green2.jpg,2,Glass,2,Glass,0.90415686,0.8854888,True
waste_type_identification/glass/green/green20.jpg,2,Glass,2,Glass,0.88492066,0.8574939,True
waste_type_identification/glass/green/green201.jpg,2,Glass,2,Glass,0.91760606,0.9003571,True
waste_type_identification/glass/green/green204.jpg,2,Glass,2,Glass,0.93399626,0.9198167,True
waste_type_identification/glass/green/green205.jpg,2,Glass,2,Glass,0.90160096,0.882398,True
waste_type_identification/glass/green/green206.jpg,2,Glass,2,Glass,0.8903727,0.8703061,True
waste_type_identification/glass/green/green207.jpg,2,Glass,2,Glass,0.9245613,0.9074002,True
waste_type_identification/glass/green/green210.jpg,2,Glass,2,Glass,0.9505952,0.93779886,True
waste_type_identification/glass/green/green215.jpg,2,Glass,2,Glass,0.9171725,0.8977535,True
waste_type_identification/glass/green/green217.jpg,2,Glass,2,Glass,0.90226036,0.8818117,True
waste_type_identification/glass/green/green22.jpg,2,Glass,2,Glass,0.9161239,0.89699256,True
waste_type_identification/glass/green/green220.jpg,2,Glass,2,Glass,0.90644616,0.8881638,True
waste_type_identification/glass/green/green23.jpg,2,Glass,2,Glass,0.8728973,0.84458613,True
waste_type_identification/glass/green/green231.jpg,2,Glass,2,Glass,0.89435726,0.87181675,True
waste_type_identification/glass/green/green235.jpg,2,Glass,2,Glass,0.5952216,0.43396473,True
waste_type_identification/glass/green/green237.jpg,2,Glass,2,Glass,0.9132394,0.89287436,True
waste_type_identification/glass/green/green243.jpg,2,Glass,2,Glass,0.9019003,0.8818756,True
waste_type_identification/glass/green/green245.jpg,2,Glass,2,Glass,0.90558857,0.8855904,True
waste_type_identification/glass/green/green248.jpg,2,Glass,2,Glass,0.9395642,0.9268658,True
waste_type_identification/glass/green/green249.jpg,2,Glass,2,Glass,0.9170648,0.89475465,True
waste_type_identification/glass/green/green255.jpg,2,Glass,2,Glass,0.76417565,0.7064735,True
waste_type_identification/glass/green/green264.jpg,2,Glass,2,Glass,0.91021335,0.893153,True
waste_type_identification/glass/green/green266.jpg,2,Glass,2,Glass,0.92862463,0.9137897,True
waste_type_identification/glass/green/green270.jpg,2,Glass,2,Glass,0.90876764,0.8912647,True
waste_type_identification/glass/green/green275.jpg,2,Glass,2,Glass,0.9210688,0.9057641,True
waste_type_identification/glass/green/green278.jpg,2,Glass,2,Glass,0.91341907,0.89672613,True
waste_type_identification/glass/green/green280.jpg,2,Glass,2,Glass,0.9111289,0.8944777,True
waste_type_identification/glass/green/green281.jpg,2,Glass,2,Glass,0.92410344,0.9083286,True
waste_type_identification/glass/green/green282.jpg,2,Glass,2,Glass,0.9228123,0.90795064,True
waste_type_identification/glass/green/green283.jpg,2,Glass,2,Glass,0.6483893,0.48035938,True
waste_type_identification/glass/green/green295.jpg,2,Glass,2,Glass,0.9129336,0.8938446,True
waste_type_identification/glass/green/green298.jpg,2,Glass,2,Glass,0.9209254,0.9063705,True
waste_type_identification/glass/green/green301.jpg,2,Glass,2,Glass,0.8545449,0.8098116,True
waste_type_identification/glass/green/green302.jpg,2,Glass,2,Glass,0.913517,0.8953479,True
waste_type_identification/glass/green/green303.jpg,2,Glass,2,Glass,0.9291254,0.91516554,True
waste_type_identification/glass/green/green306.jpg,2,Glass,2,Glass,0.929908,0.91308963,True
waste_type_identification/glass/green/green31.jpg,2,Glass,2,Glass,0.88138694,0.85016996,True
waste_type_identification/glass/green/green310.jpg,2,Glass,2,Glass,0.92001355,0.9046197,True
waste_type_identification/glass/green/green324.jpg,2,Glass,2,Glass,0.9209725,0.9008527,True
waste_type_identification/glass/green/green327.jpg,2,Glass,2,Glass,0.7912815,0.7319093,True
waste_type_identification/glass/green/green336.jpg,2,Glass,2,Glass,0.9510503,0.94026315,True
waste_type_identification/glass/green/green339.jpg,2,Glass,2,Glass,0.92678285,0.91322964,True
waste_type_identification/glass/green/green343.jpg,2,Glass,2,Glass,0.87576604,0.85098153,True
waste_type_identification/glass/green/green35.jpg,2,Glass,2,Glass,0.93361235,0.9196907,True
waste_type_identification/glass/green/green350.jpg,2,Glass,2,Glass,0.9128993,0.89222103,True
waste_type_identification/glass/green/green355.jpg,2,Glass,2,Glass,0.89227706,0.87206954,True
waste_type_identification/glass/green/green360.jpg,2,Glass,2,Glass,0.9375574,0.9195797,True
waste_type_identification/glass/green/green361.jpg,2,Glass,2,Glass,0.89613026,0.87229204,True
waste_type_identification/glass/green/green367.jpg,2,Glass,2,Glass,0.9458891,0.9353761,True
waste_type_identification/glass/green/green381.jpg,2,Glass,2,Glass,0.8875302,0.86171436,True
waste_type_identification/glass/green/green383.jpg,2,Glass,2,Glass,0.89122784,0.85983765,True
waste_type_identification/glass/green/green387.jpg,2,Glass,2,Glass,0.91515666,0.90006083,True
waste_type_identification/glass/green/green388.jpg,2,Glass,2,Glass,0.94416845,0.93040836,True
waste_type_identification/glass/green/green389.jpg,2,Glass,2,Glass,0.94655573,0.93615526,True
waste_type_identification/glass/green/green390.jpg,2,Glass,2,Glass,0.58073574,0.41999874,True
waste_type_identification/glass/green/green4.jpg,2,Glass,2,Glass,0.88912153,0.861882,True
waste_type_identification/glass/green/green401.jpg,2,Glass,2,Glass,0.92120117,0.9053291,True
waste_type_identification/glass/green/green403.jpg,2,Glass,2,Glass,0.90728986,0.8831692,True
waste_type_identification/glass/green/green405.jpg,2,Glass,2,Glass,0.92212117,0.8991846,True
waste_type_identification/glass/green/green410.jpg,2,Glass,2,Glass,0.9086504,0.8918402,True
waste_type_identification/glass/green/green418.jpg,2,Glass,2,Glass,0.8815231,0.85700524,True
waste_type_identification/glass/green/green420.jpg,2,Glass,2,Glass,0.92928773,0.91446537,True
waste_type_identification/glass/green/green43.jpg,2,Glass,2,Glass,0.9291256,0.90802544,True
waste_type_identification/glass/green/green432.jpg,2,Glass,2,Glass,0.9118163,0.89491373,True
waste_type_identification/glass/green/green439.jpg,2,Glass,2,Glass,0.8929088,0.8688779,True
waste_type_identification/glass/green/green44.jpg,2,Glass,2,Glass,0.923063,0.9057707,True
waste_type_identification/glass/green/green441.jpg,2,Glass,2,Glass,0.90638727,0.88613945,True
waste_type_identification/glass/green/green45.jpg,2,Glass,2,Glass,0.9297147,0.91596514,True
waste_type_identification/glass/green/green450.jpg,2,Glass,2,Glass,0.7594313,0.70632535,True
waste_type_identification/glass/green/green460.jpg,2,Glass,2,Glass,0.94084406,0.9290697,True
waste_type_identification/glass/green/green465.jpg,2,Glass,2,Glass,0.9090048,0.89183927,True
waste_type_identification/glass/green/green466.jpg,2,Glass,2,Glass,0.92707247,0.90879637,True
waste_type_identification/glass/green/green473.jpg,2,Glass,2,Glass,0.8411162,0.8042072,True
waste_type_identification/glass/green/green474.jpg,2,Glass,2,Glass,0.91350496,0.89649147,True
waste_type_identification/glass/green/green476.jpg,2,Glass,2,Glass,0.8633115,0.83084476,True
waste_type_identification/glass/green/green49.jpg,2,Glass,2,Glass,0.5435968,0.34809536,True
waste_type_identification/glass/green/green492.jpg,2,Glass,2,Glass,0.8633115,0.83084476,True
waste_type_identification/glass/green/green496.jpg,2,Glass,2,Glass,0.9118092,0.8934152,True
waste_type_identification/glass/green/green498.jpg,2,Glass,2,Glass,0.8467046,0.80582815,True
waste_type_identification/glass/green/green50.jpg,2,Glass,2,Glass,0.9051172,0.8890751,True
waste_type_identification/glass/green/green502.jpg,2,Glass,2,Glass,0.86389637,0.8262645,True
waste_type_identification/glass/green/green504.jpg,2,Glass,2,Glass,0.92363495,0.9065781,True
waste_type_identification/glass/green/green52.jpg,2,Glass,2,Glass,0.9342686,0.9218565,True
waste_type_identification/glass/green/green520.jpg,2,Glass,2,Glass,0.820181,0.74055064,True
waste_type_identification/glass/green/green526.jpg,2,Glass,2,Glass,0.9097326,0.89321953,True
waste_type_identification/glass/green/green536.jpg,2,Glass,2,Glass,0.9114889,0.8948874,True
waste_type_identification/glass/green/green538.jpg,2,Glass,2,Glass,0.9296474,0.91241187,True
waste_type_identification/glass/green/green539.jpg,2,Glass,2,Glass,0.91666245,0.9001465,True
waste_type_identification/glass/green/green549.jpg,2,Glass,2,Glass,0.91503847,0.8995278,True
waste_type_identification/glass/green/green550.jpg,2,Glass,2,Glass,0.923505,0.9084913,True
waste_type_identification/glass/green/green556.jpg,2,Glass,2,Glass,0.5900008,0.45492655,True
waste_type_identification/glass/green/green557.jpg,2,Glass,2,Glass,0.7748307,0.68450373,True
waste_type_identification/glass/green/green562.jpg,2,Glass,2,Glass,0.9373153,0.92482865,True
waste_type_identification/glass/green/green563.jpg,2,Glass,2,Glass,0.916684,0.89929163,True
waste_type_identification/glass/green/green568.jpg,2,Glass,2,Glass,0.9127511,0.8932321,True
waste_type_identification/glass/green/green57.jpg,2,Glass,2,Glass,0.8702892,0.8320694,True
waste_type_identification/glass/green/green578.jpg,2,Glass,2,Glass,0.91394144,0.89454746,True
waste_type_identification/glass/green/green591.jpg,2,Glass,2,Glass,0.8903056,0.85682297,True
waste_type_identification/glass/green/green600.jpg,2,Glass,2,Glass,0.5302505,0.30320352,True
waste_type_identification/glass/green/green603.jpg,2,Glass,2,Glass,0.8873755,0.8493614,True
waste_type_identification/glass/green/green608.jpg,2,Glass,2,Glass,0.9150848,0.8937131,True
waste_type_identification/glass/green/green616.jpg,2,Glass,2,Glass,0.91597617,0.8981684,True
waste_type_identification/glass/green/green62.jpg,2,Glass,2,Glass,0.89012325,0.86376643,True
waste_type_identification/glass/green/green629.jpg,2,Glass,2,Glass,0.8955047,0.8696967,True
waste_type_identification/glass/green/green63.jpg,2,Glass,2,Glass,0.8570925,0.80940676,True
waste_type_identification/glass/green/green64.jpg,2,Glass,2,Glass,0.86110246,0.8206903,True
waste_type_identification/glass/green/green75.jpg,2,Glass,2,Glass,0.87534356,0.82749873,True
waste_type_identification/glass/green/green80.jpg,2,Glass,2,Glass,0.9114464,0.8877179,True
waste_type_identification/glass/green/green83.jpg,2,Glass,2,Glass,0.87828785,0.84050435,True
waste_type_identification/glass/green/green86.jpg,2,Glass,2,Glass,0.9072575,0.8871491,True
waste_type_identification/glass/green/green97.jpg,2,Glass,2,Glass,0.4847271,0.26246086,True
waste_type_identification/glass/transparent/transparent100.jpg,2,Glass,2,Glass,0.6863646,0.52253854,True
waste_type_identification/glass/transparent/transparent101.jpg,2,Glass,2,Glass,0.77146935,0.7252238,True
waste_type_identification/glass/transparent/transparent115.jpg,2,Glass,2,Glass,0.8960302,0.8643646,True
waste_type_identification/glass/transparent/transparent116.jpg,2,Glass,2,Glass,0.8724338,0.8233311,True
waste_type_identification/glass/transparent/transparent129.jpg,2,Glass,6,Plastic,0.8913784,0.8583518,False
waste_type_identification/glass/transparent/transparent130.jpg,2,Glass,2,Glass,0.907116,0.8829633,True
waste_type_identification/glass/transparent/transparent137.jpg,2,Glass,2,Glass,0.8903992,0.8638047,True
waste_type_identification/glass/transparent/transparent145.jpg,2,Glass,2,Glass,0.6518497,0.53291786,True
waste_type_identification/glass/transparent/transparent150.jpg,2,Glass,2,Glass,0.5582107,0.30575413,True
waste_type_identification/glass/transparent/transparent155.jpg,2,Glass,2,Glass,0.9210448,0.89869845,True
waste_type_identification/glass/transparent/transparent156.jpg,2,Glass,2,Glass,0.92786896,0.902784,True
waste_type_identification/glass/transparent/transparent158.jpg,2,Glass,2,Glass,0.90518975,0.87713456,True
waste_type_identification/glass/transparent/transparent161.jpg,2,Glass,2,Glass,0.8160395,0.76055706,True
waste_type_identification/glass/transparent/transparent168.jpg,2,Glass,2,Glass,0.8401841,0.78331643,True
waste_type_identification/glass/transparent/transparent171.jpg,2,Glass,6,Plastic,0.39063105,0.2320341,False
waste_type_identification/glass/transparent/transparent175.jpg,2,Glass,2,Glass,0.8210031,0.76005876,True
waste_type_identification/glass/transparent/transparent178.jpg,2,Glass,2,Glass,0.91227293,0.8926756,True
waste_type_identification/glass/transparent/transparent181.jpg,2,Glass,2,Glass,0.9157913,0.8926726,True
waste_type_identification/glass/transparent/transparent19.jpg,2,Glass,2,Glass,0.8535859,0.78577715,True
waste_type_identification/glass/transparent/transparent193.jpg,2,Glass,2,Glass,0.8525691,0.8196449,True
waste_type_identification/glass/transparent/transparent199.jpg,2,Glass,2,Glass,0.91161555,0.8912671,True
waste_type_identification/glass/transparent/transparent203.jpg,2,Glass,2,Glass,0.49749693,0.34509182,True
waste_type_identification/glass/transparent/transparent204.jpg,2,Glass,2,Glass,0.9262621,0.9102793,True
waste_type_identification/glass/transparent/transparent208.jpg,2,Glass,2,Glass,0.6631202,0.55064285,True
waste_type_identification/glass/transparent/transparent216.jpg,2,Glass,2,Glass,0.8859486,0.8452493,True
waste_type_identification/glass/transparent/transparent22.jpg,2,Glass,2,Glass,0.4466605,0.002245456,True
waste_type_identification/glass/transparent/transparent226.jpg,2,Glass,2,Glass,0.8807458,0.81388396,True
waste_type_identification/glass/transparent/transparent233.jpg,2,Glass,2,Glass,0.93802327,0.92014486,True
waste_type_identification/glass/transparent/transparent24.jpg,2,Glass,2,Glass,0.88983285,0.8665133,True
waste_type_identification/glass/transparent/transparent242.jpg,2,Glass,2,Glass,0.8045584,0.71501267,True
waste_type_identification/glass/transparent/transparent244.jpg,2,Glass,2,Glass,0.901214,0.8826328,True
waste_type_identification/glass/transparent/transparent247.jpg,2,Glass,2,Glass,0.911341,0.88904595,True
waste_type_identification/glass/transparent/transparent252.jpg,2,Glass,2,Glass,0.9193219,0.9040965,True
waste_type_identification/glass/transparent/transparent255.jpg,2,Glass,2,Glass,0.8942211,0.8706744,True
waste_type_identification/glass/transparent/transparent258.jpg,2,Glass,2,Glass,0.49169126,0.3045737,True
waste_type_identification/glass/transparent/transparent261.jpg,2,Glass,2,Glass,0.8922888,0.8694924,True
waste_type_identification/glass/transparent/transparent262.jpg,2,Glass,2,Glass,0.7043515,0.613367,True
waste_type_identification/glass/transparent/transparent270.jpg,2,Glass,2,Glass,0.915159,0.89612645,True
waste_type_identification/glass/transparent/transparent272.jpg,2,Glass,2,Glass,0.8233736,0.7559595,True
waste_type_identification/glass/transparent/transparent273.jpg,2,Glass,2,Glass,0.9287724,0.9117889,True
waste_type_identification/glass/transparent/transparent275.jpg,2,Glass,2,Glass,0.9131702,0.89579153,True
waste_type_identification/glass/transparent/transparent279.jpg,2,Glass,2,Glass,0.5846975,0.295608,True
waste_type_identification/glass/transparent/transparent290.jpg,2,Glass,2,Glass,0.8879157,0.8577342,True
waste_type_identification/glass/transparent/transparent294.jpg,2,Glass,2,Glass,0.92904896,0.9124303,True
waste_type_identification/glass/transparent/transparent297.jpg,2,Glass,2,Glass,0.91376466,0.89560527,True
waste_type_identification/glass/transparent/transparent300.jpg,2,Glass,2,Glass,0.85887975,0.8261991,True
waste_type_identification/glass/transparent/transparent306.jpg,2,Glass,2,Glass,0.79330045,0.7274773,True
waste_type_identification/glass/transparent/transparent308.jpg,2,Glass,2,Glass,0.94892293,0.93805134,True
waste_type_identification/glass/transparent/transparent314.jpg,2,Glass,2,Glass,0.7121196,0.57162285,True
waste_type_identification/glass/transparent/transparent316.jpg,2,Glass,2,Glass,0.93342483,0.91843295,True
waste_type_identification/glass/transparent/transparent321.jpg,2,Glass,2,Glass,0.9063058,0.8857825,True
waste_type_identification/glass/transparent/transparent323.jpg,2,Glass,2,Glass,0.9230328,0.9034912,True
waste_type_identification/glass/transparent/transparent343.jpg,2,Glass,2,Glass,0.9053019,0.879147,True
waste_type_identification/glass/transparent/transparent347.jpg,2,Glass,2,Glass,0.92872816,0.91238916,True
waste_type_identification/glass/transparent/transparent359.jpg,2,Glass,2,Glass,0.9151374,0.8911486,True
waste_type_identification/glass/transparent/transparent36.jpg,2,Glass,2,Glass,0.92195535,0.9047938,True
waste_type_identification/glass/transparent/transparent360.jpg,2,Glass,2,Glass,0.91487414,0.8974386,True
waste_type_identification/glass/transparent/transparent371.jpg,2,Glass,2,Glass,0.9146096,0.8984205,True
waste_type_identification/glass/transparent/transparent377.jpg,2,Glass,2,Glass,0.95238805,0.941924,True
waste_type_identification/glass/transparent/transparent379.jpg,2,Glass,2,Glass,0.76924235,0.6999466,True
waste_type_identification/glass/transparent/transparent38.jpg,2,Glass,2,Glass,0.7982903,0.74977636,True
waste_type_identification/glass/transparent/transparent387.jpg,2,Glass,2,Glass,0.9152919,0.89740694,True
waste_type_identification/glass/transparent/transparent388.jpg,2,Glass,2,Glass,0.93698066,0.9219066,True
waste_type_identification/glass/transparent/transparent391.jpg,2,Glass,2,Glass,0.8843951,0.8595875,True
waste_type_identification/glass/transparent/transparent392.jpg,2,Glass,2,Glass,0.8866618,0.86257505,True
waste_type_identification/glass/transparent/transparent394.jpg,2,Glass,2,Glass,0.9256995,0.91102177,True
waste_type_identification/glass/transparent/transparent395.jpg,2,Glass,2,Glass,0.9196793,0.9024465,True
waste_type_identification/glass/transparent/transparent397.jpg,2,Glass,6,Plastic,0.72124994,0.57821476,False
waste_type_identification/glass/transparent/transparent41.jpg,2,Glass,2,Glass,0.87690645,0.84959173,True
waste_type_identification/glass/transparent/transparent414.jpg,2,Glass,2,Glass,0.90994024,0.89311767,True
waste_type_identification/glass/transparent/transparent416.jpg,2,Glass,2,Glass,0.9135147,0.88497794,True
waste_type_identification/glass/transparent/transparent418.jpg,2,Glass,2,Glass,0.92308563,0.9082066,True
waste_type_identification/glass/transparent/transparent425.jpg,2,Glass,2,Glass,0.8963155,0.87749016,True
waste_type_identification/glass/transparent/transparent430.jpg,2,Glass,2,Glass,0.91068894,0.888347,True
waste_type_identification/glass/transparent/transparent447.jpg,2,Glass,2,Glass,0.93337095,0.9189543,True
waste_type_identification/glass/transparent/transparent451.jpg,2,Glass,2,Glass,0.8534724,0.82255554,True
waste_type_identification/glass/transparent/transparent453.jpg,2,Glass,2,Glass,0.9281907,0.9129036,True
waste_type_identification/glass/transparent/transparent456.jpg,2,Glass,2,Glass,0.90892285,0.8844518,True
waste_type_identification/glass/transparent/transparent457.jpg,2,Glass,2,Glass,0.69151866,0.5050786,True
waste_type_identification/glass/transparent/transparent465.jpg,2,Glass,2,Glass,0.94624186,0.9324923,True
waste_type_identification/glass/transparent/transparent468.jpg,2,Glass,2,Glass,0.81054676,0.75376076,True
waste_type_identification/glass/transparent/transparent471.jpg,2,Glass,2,Glass,0.92941755,0.9129981,True
waste_type_identification/glass/transparent/transparent481.jpg,2,Glass,2,Glass,0.8892861,0.86503315,True
waste_type_identification/glass/transparent/transparent482.jpg,2,Glass,2,Glass,0.41071463,0.04428315,True
waste_type_identification/glass/transparent/transparent486.jpg,2,Glass,2,Glass,0.89997333,0.87768614,True
waste_type_identification/glass/transparent/transparent489.jpg,2,Glass,2,Glass,0.8856487,0.8609973,True
waste_type_identification/glass/transparent/transparent490.jpg,2,Glass,2,Glass,0.55778307,0.28822002,True
waste_type_identification/glass/transparent/transparent495.jpg,2,Glass,2,Glass,0.90190554,0.8633822,True
waste_type_identification/glass/transparent/transparent496.jpg,2,Glass,2,Glass,0.6234428,0.48712146,True
waste_type_identification/glass/transparent/transparent504.jpg,2,Glass,2,Glass,0.88814664,0.86444366,True
waste_type_identification/glass/transparent/transparent505.jpg,2,Glass,2,Glass,0.9029069,0.8699305,True
waste_type_identification/glass/transparent/transparent506.jpg,2,Glass,2,Glass,0.899391,0.8776488,True
waste_type_identification/glass/transparent/transparent507.jpg,2,Glass,2,Glass,0.956418,0.9448675,True
waste_type_identification/glass/transparent/transparent508.jpg,2,Glass,2,Glass,0.9300128,0.9141092,True
waste_type_identification/glass/transparent/transparent511.jpg,2,Glass,2,Glass,0.9178195,0.9030502,True
waste_type_identification/glass/transparent/transparent512.jpg,2,Glass,2,Glass,0.87592834,0.8486538,True
waste_type_identification/glass/transparent/transparent527.jpg,2,Glass,2,Glass,0.92946506,0.9131881,True
waste_type_identification/glass/transparent/transparent528.jpg,2,Glass,2,Glass,0.5656644,0.42249715,True
waste_type_identification/glass/transparent/transparent53.jpg,2,Glass,2,Glass,0.8275294,0.7608551,True
waste_type_identification/glass/transparent/transparent531.jpg,2,Glass,2,Glass,0.9113933,0.8928433,True
waste_type_identification/glass/transparent/transparent532.jpg,2,Glass,2,Glass,0.9385417,0.92418796,True
waste_type_identification/glass/transparent/transparent533.jpg,2,Glass,2,Glass,0.87108773,0.8432086,True
waste_type_identification/glass/transparent/transparent535.jpg,2,Glass,2,Glass,0.86457264,0.83850694,True
waste_type_identification/glass/transparent/transparent537.jpg,2,Glass,2,Glass,0.92960924,0.91530776,True
waste_type_identification/glass/transparent/transparent538.jpg,2,Glass,2,Glass,0.919895,0.90091836,True
waste_type_identification/glass/transparent/transparent541.jpg,2,Glass,2,Glass,0.93057585,0.9093198,True
waste_type_identification/glass/transparent/transparent546.jpg,2,Glass,2,Glass,0.8856985,0.8533078,True
waste_type_identification/glass/transparent/transparent553.jpg,2,Glass,2,Glass,0.91586846,0.89516205,True
waste_type_identification/glass/transparent/transparent558.jpg,2,Glass,2,Glass,0.72759736,0.6608046,True
waste_type_identification/glass/transparent/transparent580.jpg,2,Glass,2,Glass,0.92892736,0.91256666,True
waste_type_identification/glass/transparent/transparent587.jpg,2,Glass,2,Glass,0.8909236,0.86144775,True
waste_type_identification/glass/transparent/transparent590.jpg,2,Glass,2,Glass,0.91988146,0.90234244,True
waste_type_identification/glass/transparent/transparent591.jpg,2,Glass,2,Glass,0.9267042,0.9096776,True
waste_type_identification/glass/transparent/transparent592.jpg,2,Glass,2,Glass,0.9003133,0.8762557,True
waste_type_identification/glass/transparent/transparent596.jpg,2,Glass,2,Glass,0.9286412,0.91281044,True
waste_type_identification/glass/transparent/transparent599.jpg,2,Glass,2,Glass,0.77309585,0.6905043,True
waste_type_identification/glass/transparent/transparent601.jpg,2,Glass,2,Glass,0.92053306,0.9009496,True
waste_type_identification/glass/transparent/transparent622.jpg,2,Glass,2,Glass,0.9051226,0.8728867,True
waste_type_identification/glass/transparent/transparent626.jpg,2,Glass,2,Glass,0.9039298,0.88044405,True
waste_type_identification/glass/transparent/transparent629.jpg,2,Glass,2,Glass,0.89036494,0.8659215,True
waste_type_identification/glass/transparent/transparent63.jpg,2,Glass,2,Glass,0.7254537,0.5461935,True
waste_type_identification/glass/transparent/transparent632.jpg,2,Glass,2,Glass,0.900529,0.8781792,True
waste_type_identification/glass/transparent/transparent634.jpg,2,Glass,2,Glass,0.92113006,0.9033104,True
waste_type_identification/glass/transparent/transparent637.jpg,2,Glass,2,Glass,0.84311616,0.81030643,True
waste_type_identification/glass/transparent/transparent639.jpg,2,Glass,2,Glass,0.91187656,0.88971245,True
waste_type_identification/glass/transparent/transparent640.jpg,2,Glass,2,Glass,0.9183623,0.90109396,True
waste_type_identification/glass/transparent/transparent642.jpg,2,Glass,2,Glass,0.9003888,0.8795094,True
waste_type_identification/glass/transparent/transparent643.jpg,2,Glass,2,Glass,0.69907993,0.5920832,True
waste_type_identification/glass/transparent/transparent644.jpg,2,Glass,2,Glass,0.9296658,0.90953076,True
waste_type_identification/glass/transparent/transparent65.jpg,2,Glass,2,Glass,0.85502076,0.8113489,True
waste_type_identification/glass/transparent/transparent66.jpg,2,Glass,2,Glass,0.8310512,0.7861948,True
waste_type_identification/glass/transparent/transparent669.jpg,2,Glass,2,Glass,0.909784,0.8923456,True
waste_type_identification/glass/transparent/transparent682.jpg,2,Glass,2,Glass,0.8330675,0.75638574,True
waste_type_identification/glass/transparent/transparent687.jpg,2,Glass,2,Glass,0.902931,0.8794812,True
waste_type_identification/glass/transparent/transparent688.jpg,2,Glass,2,Glass,0.91705626,0.89844453,True
waste_type_identification/glass/transparent/transparent702.jpg,2,Glass,2,Glass,0.91267127,0.8950563,True
waste_type_identification/glass/transparent/transparent717.jpg,2,Glass,2,Glass,0.9088845,0.8912492,True
waste_type_identification/glass/transparent/transparent719.jpg,2,Glass,2,Glass,0.90782225,0.8886991,True
waste_type_identification/glass/transparent/transparent727.jpg,2,Glass,2,Glass,0.922691,0.90222275,True
waste_type_identification/glass/transparent/transparent733.jpg,2,Glass,2,Glass,0.8441804,0.8138673,True
waste_type_identification/glass/transparent/transparent738.jpg,2,Glass,2,Glass,0.84057254,0.80136883,True
waste_type_identification/glass/transparent/transparent740.jpg,2,Glass,2,Glass,0.79699075,0.72467643,True
waste_type_identification/glass/transparent/transparent755.jpg,2,Glass,2,Glass,0.7956816,0.7117166,True
waste_type_identification/glass/transparent/transparent759.jpg,2,Glass,2,Glass,0.86938643,0.83709663,True
waste_type_identification/glass/transparent/transparent763.jpg,2,Glass,2,Glass,0.8995921,0.8636726,True
waste_type_identification/glass/transparent/transparent768.jpg,2,Glass,2,Glass,0.89984345,0.87611085,True
waste_type_identification/glass/transparent/transparent770.jpg,2,Glass,2,Glass,0.6849342,0.57066613,True
waste_type_identification/glass/transparent/transparent84.jpg,2,Glass,2,Glass,0.7344191,0.55716133,True
waste_type_identification/glass/transparent/transparent88.jpg,2,Glass,2,Glass,0.8539514,0.8107458,True
waste_type_identification/glass/transparent/transparent90.jpg,2,Glass,2,Glass,0.8337812,0.7804587,True
waste_type_identification/glass/transparent/transparent91.jpg,2,Glass,2,Glass,0.9199339,0.9049541,True
waste_type_identification/metal/metal10.jpg,3,Metal,3,Metal,0.9503839,0.93824536,True
waste_type_identification/metal/metal103.jpg,3,Metal,3,Metal,0.94353294,0.9216046,True
waste_type_identification/metal/metal107.jpg,3,Metal,3,Metal,0.5466384,0.3576905,True
waste_type_identification/metal/metal11.jpg,3,Metal,3,Metal,0.93012977,0.91269493,True
waste_type_identification/metal/metal119.jpg,3,Metal,3,Metal,0.87843335,0.8436129,True
waste_type_identification/metal/metal132.jpg,3,Metal,3,Metal,0.9243363,0.9050424,True
waste_type_identification/metal/metal138.jpg,3,Metal,3,Metal,0.9247656,0.90208286,True
waste_type_identification/metal/metal14.jpg,3,Metal,3,Metal,0.9088808,0.8885425,True
waste_type_identification/metal/metal140.jpg,3,Metal,3,Metal,0.9166374,0.8930487,True
waste_type_identification/metal/metal144.jpg,3,Metal,3,Metal,0.92441636,0.9063949,True
waste_type_identification/metal/metal152.jpg,3,Metal,3,Metal,0.95458865,0.9458792,True
waste_type_identification/metal/metal156.jpg,3,Metal,3,Metal,0.92459774,0.9073274,True
waste_type_identification/metal/metal157.jpg,3,Metal,3,Metal,0.925173,0.9116223,True
waste_type_identification/metal/metal161.jpg,3,Metal,3,Metal,0.8666246,0.8159966,True
waste_type_identification/metal/metal164.jpg,3,Metal,3,Metal,0.9440199,0.9311839,True
waste_type_identification/metal/metal165.jpg,3,Metal,3,Metal,0.9371829,0.92487466,True
waste_type_identification/metal/metal167.jpg,3,Metal,3,Metal,0.935511,0.92133635,True
waste_type_identification/metal/metal172.jpg,3,Metal,3,Metal,0.846749,0.77696025,True
waste_type_identification/metal/metal179.jpg,3,Metal,3,Metal,0.47731277,0.2255094,True
waste_type_identification/metal/metal180.jpg,3,Metal,3,Metal,0.73871773,0.63889587,True
waste_type_identification/metal/metal188.jpg,3,Metal,3,Metal,0.93362933,0.92103744,True
waste_type_identification/metal/metal197.jpg,3,Metal,3,Metal,0.8745232,0.8340526,True
waste_type_identification/metal/metal199.jpg,3,Metal,2,Glass,0.6631323,0.4870656,False
waste_type_identification/metal/metal200.jpg,3,Metal,3,Metal,0.9336338,0.92042494,True
waste_type_identification/metal/metal208.jpg,3,Metal,3,Metal,0.9501914,0.9395622,True
waste_type_identification/metal/metal209.jpg,3,Metal,3,Metal,0.5314097,0.26484546,True
waste_type_identification/metal/metal21.jpg,3,Metal,3,Metal,0.9333175,0.9210852,True
waste_type_identification/metal/metal223.jpg,3,Metal,3,Metal,0.9445201,0.92776483,True
waste_type_identification/metal/metal225.jpg,3,Metal,3,Metal,0.9362298,0.9183794,True
waste_type_identification/metal/metal23.jpg,3,Metal,3,Metal,0.9297569,0.9149675,True
waste_type_identification/metal/metal232.jpg,3,Metal,3,Metal,0.64651215,0.5113183,True
waste_type_identification/metal/metal239.jpg,3,Metal,3,Metal,0.9408434,0.92861027,True
waste_type_identification/metal/metal24.jpg,3,Metal,3,Metal,0.43829763,0.19842815,True
waste_type_identification/metal/metal247.jpg,3,Metal,3,Metal,0.6827889,0.60817236,True
waste_type_identification/metal/metal249.jpg,3,Metal,3,Metal,0.94706655,0.93476266,True
waste_type_identification/metal/metal250.jpg,3,Metal,3,Metal,0.898203,0.86958253,True
waste_type_identification/metal/metal266.jpg,3,Metal,3,Metal,0.90111274,0.8819212,True
waste_type_identification/metal/metal267.jpg,3,Metal,3,Metal,0.9434504,0.9296931,True
waste_type_identification/metal/metal269.jpg,3,Metal,3,Metal,0.9567129,0.9449495,True
waste_type_identification/metal/metal277.jpg,3,Metal,3,Metal,0.943569,0.9287824,True
waste_type_identification/metal/metal278.jpg,3,Metal,3,Metal,0.6729502,0.56205505,True
waste_type_identification/metal/metal281.jpg,3,Metal,3,Metal,0.9170369,0.89778274,True
waste_type_identification/metal/metal283.jpg,3,Metal,3,Metal,0.83602834,0.79337674,True
waste_type_identification/metal/metal285.jpg,3,Metal,3,Metal,0.92249805,0.90584135,True
waste_type_identification/metal/metal286.jpg,3,Metal,3,Metal,0.891532,0.8691296,True
waste_type_identification/metal/metal289.jpg,3,Metal,3,Metal,0.8683342,0.81887835,True
waste_type_identification/metal/metal294.jpg,3,Metal,3,Metal,0.86923087,0.83720875,True
waste_type_identification/metal/metal298.jpg,3,Metal,3,Metal,0.77734065,0.7034848,True
waste_type_identification/metal/metal301.jpg,3,Metal,7,Undifferentiated,0.48342806,0.1032702,False
waste_type_identification/metal/metal312.jpg,3,Metal,3,Metal,0.9129009,0.8956106,True
waste_type_identification/metal/metal313.jpg,3,Metal,3,Metal,0.9368588,0.9222534,True
waste_type_identification/metal/metal314.jpg,3,Metal,3,Metal,0.9371209,0.92495203,True
waste_type_identification/metal/metal318.jpg,3,Metal,3,Metal,0.90334773,0.8683401,True
waste_type_identification/metal/metal326.jpg,3,Metal,3,Metal,0.8205242,0.758667,True
waste_type_identification/metal/metal33.jpg,3,Metal,3,Metal,0.81010014,0.7257526,True
waste_type_identification/metal/metal333.jpg,3,Metal,3,Metal,0.9558502,0.94816124,True
waste_type_identification/metal/metal337.jpg,3,Metal,3,Metal,0.945966,0.9341186,True
waste_type_identification/metal/metal342.jpg,3,Metal,3,Metal,0.919147,0.8975003,True
waste_type_identification/metal/metal344.jpg,3,Metal,3,Metal,0.93946373,0.92325956,True
waste_type_identification/metal/metal345.jpg,3,Metal,3,Metal,0.73184806,0.53724784,True
waste_type_identification/metal/metal350.jpg,3,Metal,3,Metal,0.92694813,0.91040266,True
waste_type_identification/metal/metal352.jpg,3,Metal,3,Metal,0.9513476,0.93955743,True
waste_type_identification/metal/metal357.jpg,3,Metal,3,Metal,0.86456555,0.80032927,True
waste_type_identification/metal/metal358.jpg,3,Metal,3,Metal,0.90041864,0.87713516,True
waste_type_identification/metal/metal365.jpg,3,Metal,3,Metal,0.6129893,0.4415417,True
waste_type_identification/metal/metal368.jpg,3,Metal,3,Metal,0.9395874,0.92471445,True
waste_type_identification/metal/metal374.jpg,3,Metal,3,Metal,0.9550694,0.9458855,True
waste_type_identification/metal/metal377.jpg,3,Metal,3,Metal,0.81978106,0.7784314,True
waste_type_identification/metal/metal39.jpg,3,Metal,3,Metal,0.65306324,0.573328,True
waste_type_identification/metal/metal391.jpg,3,Metal,3,Metal,0.92554146,0.9020997,True
waste_type_identification/metal/metal393.jpg,3,Metal,3,Metal,0.8555877,0.80638623,True
waste_type_identification/metal/metal395.jpg,3,Metal,3,Metal,0.82034236,0.75861585,True
waste_type_identification/metal/metal396.jpg,3,Metal,3,Metal,0.95659345,0.9444313,True
waste_type_identification/metal/metal4.jpg,3,Metal,3,Metal,0.49347517,0.27122658,True
waste_type_identification/metal/metal401.jpg,3,Metal,3,Metal,0.9355632,0.91507256,True
waste_type_identification/metal/metal403.jpg,3,Metal,3,Metal,0.9492518,0.93887687,True
waste_type_identification/metal/metal406.jpg,3,Metal,3,Metal,0.9452272,0.93269837,True
waste_type_identification/metal/metal412.jpg,3,Metal,3,Metal,0.9284075,0.9091731,True
waste_type_identification/metal/metal419.jpg,3,Metal,3,Metal,0.91609114,0.8832923,True
waste_type_identification/metal/metal421.jpg,3,Metal,3,Metal,0.93400437,0.9166641,True
waste_type_identification/metal/metal427.jpg,3,Metal,3,Metal,0.95023674,0.936332,True
waste_type_identification/metal/metal437.jpg,3,Metal,3,Metal,0.93727875,0.9227956,True
waste_type_identification/metal/metal440.jpg,3,Metal,3,Metal,0.9535024,0.94279295,True
waste_type_identification/metal/metal445.jpg,3,Metal,3,Metal,0.81656194,0.72773117,True
waste_type_identification/metal/metal454.jpg,3,Metal,3,Metal,0.9551684,0.9466037,True
waste_type_identification/metal/metal456.jpg,3,Metal,3,Metal,0.89573056,0.87271464,True
waste_type_identification/metal/metal467.jpg,3,Metal,3,Metal,0.9396967,0.92161834,True
waste_type_identification/metal/metal487.jpg,3,Metal,3,Metal,0.8956318,0.87090486,True
waste_type_identification/metal/metal489.jpg,3,Metal,3,Metal,0.91401005,0.89660037,True
waste_type_identification/metal/metal497.jpg,3,Metal,3,Metal,0.9051348,0.88759357,True
waste_type_identification/metal/metal511.jpg,3,Metal,3,Metal,0.9110274,0.89116734,True
waste_type_identification/metal/metal523.jpg,3,Metal,3,Metal,0.94034994,0.91764593,True
waste_type_identification/metal/metal532.jpg,3,Metal,3,Metal,0.9352445,0.9218657,True
waste_type_identification/metal/metal541.jpg,3,Metal,0,Battery,0.7104228,0.59262514,False
waste_type_identification/metal/metal547.jpg,3,Metal,3,Metal,0.8580313,0.82251716,True
waste_type_identification/metal/metal551.jpg,3,Metal,3,Metal,0.94326895,0.9297747,True
waste_type_identification/metal/metal552.jpg,3,Metal,3,Metal,0.68203145,0.52288806,True
waste_type_identification/metal/metal563.jpg,3,Metal,3,Metal,0.8712979,0.83667564,True
waste_type_identification/metal/metal567.jpg,3,Metal,3,Metal,0.93411857,0.9160879,True
waste_type_identification/metal/metal579.jpg,3,Metal,3,Metal,0.5516669,0.3208294,True
waste_type_identification/metal/metal581.jpg,3,Metal,3,Metal,0.92699033,0.91268045,True
waste_type_identification/metal/metal583.jpg,3,Metal,3,Metal,0.93146956,0.9071978,True
waste_type_identification/metal/metal584.jpg,3,Metal,3,Metal,0.8732711,0.8214819,True
waste_type_identification/metal/metal588.jpg,3,Metal,3,Metal,0.8790859,0.85620236,True
waste_type_identification/metal/metal594.jpg,3,Metal,3,Metal,0.8035666,0.7461663,True
waste_type_identification/metal/metal599.jpg,3,Metal,3,Metal,0.93386835,0.91624594,True
waste_type_identification/metal/metal602.jpg,3,Metal,0,Battery,0.5672296,0.41913334,False
waste_type_identification/metal/metal61.jpg,3,Metal,3,Metal,0.94463956,0.93425995,True
waste_type_identification/metal/metal614.jpg,3,Metal,3,Metal,0.90312,0.8759814,True
waste_type_identification/metal/metal615.jpg,3,Metal,3,Metal,0.9480173,0.9336331,True
waste_type_identification/metal/metal618.jpg,3,Metal,3,Metal,0.72014517,0.6300846,True
waste_type_identification/metal/metal620.jpg,3,Metal,3,Metal,0.9319516,0.9138817,True
waste_type_identification/metal/metal63.jpg,3,Metal,3,Metal,0.6492365,0.56609744,True
waste_type_identification/metal/metal630.jpg,3,Metal,3,Metal,0.9662864,0.95852244,True
waste_type_identification/metal/metal64.jpg,3,Metal,3,Metal,0.95231766,0.94238746,True
waste_type_identification/metal/metal640.jpg,3,Metal,3,Metal,0.9303649,0.90858674,True
waste_type_identification/metal/metal651.jpg,3,Metal,3,Metal,0.93248415,0.917884,True
waste_type_identification/metal/metal652.jpg,3,Metal,3,Metal,0.9637327,0.9560246,True
waste_type_identification/metal/metal659.jpg,3,Metal,3,Metal,0.9161289,0.8825585,True
waste_type_identification/metal/metal66.jpg,3,Metal,3,Metal,0.60636735,0.4758333,True
waste_type_identification/metal/metal661.jpg,3,Metal,3,Metal,0.8272102,0.77424544,True
waste_type_identification/metal/metal662.jpg,3,Metal,3,Metal,0.86649406,0.8260857,True
waste_type_identification/metal/metal666.jpg,3,Metal,3,Metal,0.9131425,0.8789876,True
waste_type_identification/metal/metal670.jpg,3,Metal,3,Metal,0.9241877,0.89859927,True
waste_type_identification/metal/metal678.jpg,3,Metal,3,Metal,0.9267615,0.91132265,True
waste_type_identification/metal/metal684.jpg,3,Metal,3,Metal,0.9053148,0.88307637,True
waste_type_identification/metal/metal696.jpg,3,Metal,3,Metal,0.9364533,0.9034394,True
waste_type_identification/metal/metal697.jpg,3,Metal,3,Metal,0.94782495,0.9330089,True
waste_type_identification/metal/metal699.jpg,3,Metal,3,Metal,0.9337979,0.91865844,True
waste_type_identification/metal/metal708.jpg,3,Metal,3,Metal,0.70075476,0.53200054,True
waste_type_identification/metal/metal711.jpg,3,Metal,3,Metal,0.9354442,0.9212527,True
waste_type_identification/metal/metal715.jpg,3,Metal,3,Metal,0.94275194,0.93089867,True
waste_type_identification/metal/metal719.jpg,3,Metal,3,Metal,0.93008894,0.91655934,True
waste_type_identification/metal/metal721.jpg,3,Metal,3,Metal,0.76467705,0.6976641,True
waste_type_identification/metal/metal723.jpg,3,Metal,3,Metal,0.91254514,0.8857875,True
waste_type_identification/metal/metal725.jpg,3,Metal,3,Metal,0.9492393,0.9388128,True
waste_type_identification/metal/metal728.jpg,3,Metal,3,Metal,0.8965468,0.87483984,True
waste_type_identification/metal/metal735.jpg,3,Metal,3,Metal,0.93651706,0.9191238,True
waste_type_identification/metal/metal736.jpg,3,Metal,3,Metal,0.91074115,0.8896213,True
waste_type_identification/metal/metal738.jpg,3,Metal,3,Metal,0.9063343,0.8835208,True
waste_type_identification/metal/metal74.jpg,3,Metal,3,Metal,0.87202895,0.83553886,True
waste_type_identification/metal/metal740.jpg,3,Metal,3,Metal,0.93716156,0.9190827,True
waste_type_identification/metal/metal742.jpg,3,Metal,3,Metal,0.948373,0.93521047,True
waste_type_identification/metal/metal748.jpg,3,Metal,3,Metal,0.5536686,0.31728846,True
waste_type_identification/metal/metal75.jpg,3,Metal,3,Metal,0.829965,0.78451663,True
waste_type_identification/metal/metal755.jpg,3,Metal,3,Metal,0.93061393,0.9154764,True
waste_type_identification/metal/metal757.jpg,3,Metal,3,Metal,0.95911217,0.9487147,True
waste_type_identification/metal/metal762.jpg,3,Metal,3,Metal,0.89331543,0.8646135,True
waste_type_identification/metal/metal769.jpg,3,Metal,3,Metal,0.9506152,0.9392934,True
waste_type_identification/metal/metal84.jpg,3,Metal,3,Metal,0.73740643,0.6331866,True
waste_type_identification/metal/metal90.jpg,3,Metal,3,Metal,0.90784246,0.88935745,True
waste_type_identification/metal/metal94.jpg,3,Metal,3,Metal,0.93722,0.9205716,True
waste_type_identification/metal/metal96.jpg,3,Metal,3,Metal,0.932477,0.91746193,True
waste_type_identification/metal/metal99.jpg,3,Metal,3,Metal,0.85250235,0.7796155,True
waste_type_identification/organic/organic1.jpg,4,Organic,4,Organic,0.29281712,0.0558756,True
waste_type_identification/organic/organic114.jpg,4,Organic,4,Organic,0.93192106,0.91852057,True
waste_type_identification/organic/organic118.jpg,4,Organic,4,Organic,0.94524264,0.93156266,True
waste_type_identification/organic/organic12.jpg,4,Organic,4,Organic,0.96619105,0.95869946,True
waste_type_identification/organic/organic120.jpg,4,Organic,4,Organic,0.927183,0.91329396,True
waste_type_identification/organic/organic126.jpg,4,Organic,4,Organic,0.9427947,0.92819786,True
waste_type_identification/organic/organic128.jpg,4,Organic,4,Organic,0.9081569,0.88644904,True
waste_type_identification/organic/organic134.jpg,4,Organic,4,Organic,0.91726255,0.8970547,True
waste_type_identification/organic/organic138.jpg,4,Organic,4,Organic,0.933634,0.91932267,True
waste_type_identification/organic/organic149.jpg,4,Organic,4,Organic,0.9303168,0.91530037,True
waste_type_identification/organic/organic151.jpg,4,Organic,4,Organic,0.9369114,0.9228101,True
waste_type_identification/organic/organic161.jpg,4,Organic,4,Organic,0.92111105,0.90473217,True
waste_type_identification/organic/organic163.jpg,4,Organic,4,Organic,0.92722315,0.9139438,True
waste_type_identification/organic/organic167.jpg,4,Organic,4,Organic,0.94651335,0.9345548,True
waste_type_identification/organic/organic176.jpg,4,Organic,4,Organic,0.9207255,0.90522134,True
waste_type_identification/organic/organic177.jpg,4,Organic,4,Organic,0.92611855,0.9086606,True
waste_type_identification/organic/organic19.jpg,4,Organic,4,Organic,0.8956415,0.8758746,True
waste_type_identification/organic/organic195.jpg,4,Organic,4,Organic,0.9463169,0.93461853,True
waste_type_identification/organic/organic200.jpg,4,Organic,4,Organic,0.9309181,0.917312,True
waste_type_identification/organic/organic207.jpg,4,Organic,4,Organic,0.9122291,0.89397687,True
waste_type_identification/organic/organic221.jpg,4,Organic,4,Organic,0.8978192,0.86792284,True
waste_type_identification/organic/organic222.jpg,4,Organic,4,Organic,0.9037799,0.88499993,True
waste_type_identification/organic/organic225.jpg,4,Organic,4,Organic,0.9085845,0.89106697,True
waste_type_identification/organic/organic228.jpg,4,Organic,4,Organic,0.87745833,0.84901196,True
waste_type_identification/organic/organic238.jpg,4,Organic,4,Organic,0.9140948,0.8950151,True
waste_type_identification/organic/organic242.jpg,4,Organic,4,Organic,0.7613228,0.6571286,True
waste_type_identification/organic/organic246.jpg,4,Organic,4,Organic,0.95903444,0.95026386,True
waste_type_identification/organic/organic248.jpg,4,Organic,4,Organic,0.95179725,0.9413323,True
waste_type_identification/organic/organic251.jpg,4,Organic,4,Organic,0.92169064,0.9061636,True
waste_type_identification/organic/organic255.jpg,4,Organic,4,Organic,0.91044897,0.8882231,True
waste_type_identification/organic/organic256.jpg,4,Organic,4,Organic,0.9410484,0.9284689,True
waste_type_identification/organic/organic26.jpg,4,Organic,4,Organic,0.92722356,0.9134205,True
waste_type_identification/organic/organic263.jpg,4,Organic,4,Organic,0.9411371,0.92929196,True
waste_type_identification/organic/organic268.jpg,4,Organic,4,Organic,0.9434138,0.9306539,True
waste_type_identification/organic/organic269.jpg,4,Organic,4,Organic,0.8885405,0.86295295,True
waste_type_identification/organic/organic270.jpg,4,Organic,4,Organic,0.93664587,0.9229018,True
waste_type_identification/organic/organic289.jpg,4,Organic,4,Organic,0.93841124,0.9240005,True
waste_type_identification/organic/organic294.jpg,4,Organic,4,Organic,0.9044416,0.8860045,True
waste_type_identification/organic/organic3.jpg,4,Organic,4,Organic,0.96320474,0.95601416,True
waste_type_identification/organic/organic300.jpg,4,Organic,4,Organic,0.9345501,0.9211722,True
waste_type_identification/organic/organic303.jpg,4,Organic,4,Organic,0.93076694,0.9149883,True
waste_type_identification/organic/organic309.jpg,4,Organic,4,Organic,0.87475926,0.84193623,True
waste_type_identification/organic/organic31.jpg,4,Organic,4,Organic,0.90801585,0.8880531,True
waste_type_identification/organic/organic319.jpg,4,Organic,4,Organic,0.91061974,0.88757586,True
waste_type_identification/organic/organic322.jpg,4,Organic,4,Organic,0.9184258,0.900862,True
waste_type_identification/organic/organic323.jpg,4,Organic,4,Organic,0.9278411,0.9097867,True
waste_type_identification/organic/organic326.jpg,4,Organic,4,Organic,0.89663947,0.8594986,True
waste_type_identification/organic/organic328.jpg,4,Organic,4,Organic,0.6801279,0.5342512,True
waste_type_identification/organic/organic332.jpg,4,Organic,4,Organic,0.86112636,0.83204633,True
waste_type_identification/organic/organic339.jpg,4,Organic,4,Organic,0.93925947,0.92713946,True
waste_type_identification/organic/organic340.jpg,4,Organic,4,Organic,0.93736064,0.9210685,True
waste_type_identification/organic/organic351.jpg,4,Organic,4,Organic,0.78026474,0.7361898,True
waste_type_identification/organic/organic358.jpg,4,Organic,4,Organic,0.94290096,0.9316338,True
waste_type_identification/organic/organic370.jpg,4,Organic,4,Organic,0.9361402,0.92061186,True
waste_type_identification/organic/organic371.jpg,4,Organic,4,Organic,0.9182825,0.9017766,True
waste_type_identification/organic/organic376.jpg,4,Organic,4,Organic,0.9604377,0.95189124,True
waste_type_identification/organic/organic384.jpg,4,Organic,4,Organic,0.9073609,0.8872202,True
waste_type_identification/organic/organic385.jpg,4,Organic,4,Organic,0.91887426,0.9006041,True
waste_type_identification/organic/organic387.jpg,4,Organic,4,Organic,0.93605936,0.9207157,True
waste_type_identification/organic/organic391.jpg,4,Organic,4,Organic,0.8483325,0.8165426,True
waste_type_identification/organic/organic400.jpg,4,Organic,4,Organic,0.9390252,0.9261755,True
waste_type_identification/organic/organic402.jpg,4,Organic,4,Organic,0.9396417,0.9274595,True
waste_type_identification/organic/organic409.jpg,4,Organic,4,Organic,0.9106457,0.89113075,True
waste_type_identification/organic/organic411.jpg,4,Organic,4,Organic,0.9258693,0.90521765,True
waste_type_identification/organic/organic416.jpg,4,Organic,4,Organic,0.8430076,0.7897802,True
waste_type_identification/organic/organic426.jpg,4,Organic,4,Organic,0.93695086,0.9250907,True
waste_type_identification/organic/organic438.jpg,4,Organic,4,Organic,0.84695244,0.814027,True
waste_type_identification/organic/organic441.jpg,4,Organic,4,Organic,0.9365069,0.9229976,True
waste_type_identification/organic/organic442.jpg,4,Organic,4,Organic,0.93755203,0.92479724,True
waste_type_identification/organic/organic456.jpg,4,Organic,4,Organic,0.91942495,0.8873596,True
waste_type_identification/organic/organic46.jpg,4,Organic,4,Organic,0.8692222,0.8382452,True
waste_type_identification/organic/organic460.jpg,4,Organic,4,Organic,0.9220082,0.89939845,True
waste_type_identification/organic/organic461.jpg,4,Organic,4,Organic,0.949811,0.9377224,True
waste_type_identification/organic/organic474.jpg,4,Organic,5,Papery,0.6190153,0.397281,False
waste_type_identification/organic/organic477.jpg,4,Organic,4,Organic,0.8388087,0.7925674,True
waste_type_identification/organic/organic481.jpg,4,Organic,4,Organic,0.92101526,0.90034693,True
waste_type_identification/organic/organic487.jpg,4,Organic,4,Organic,0.929407,0.9156238,True
waste_type_identification/organic/organic488.jpg,4,Organic,4,Organic,0.9253481,0.90787864,True
waste_type_identification/organic/organic49.jpg,4,Organic,4,Organic,0.95132285,0.9412808,True
waste_type_identification/organic/organic490.jpg,4,Organic,4,Organic,0.9036042,0.8723408,True
waste_type_identification/organic/organic493.jpg,4,Organic,4,Organic,0.69808537,0.56974596,True
waste_type_identification/organic/organic494.jpg,4,Organic,4,Organic,0.911851,0.89129937,True
waste_type_identification/organic/organic496.jpg,4,Organic,4,Organic,0.9569275,0.94797564,True
waste_type_identification/organic/organic499.jpg,4,Organic,4,Organic,0.9466725,0.93591833,True
waste_type_identification/organic/organic5.jpg,4,Organic,4,Organic,0.8716545,0.84323823,True
waste_type_identification/organic/organic503.jpg,4,Organic,4,Organic,0.81641304,0.76937103,True
waste_type_identification/organic/organic507.jpg,4,Organic,4,Organic,0.927718,0.91261566,True
waste_type_identification/organic/organic509.jpg,4,Organic,4,Organic,0.9293994,0.91595674,True
waste_type_identification/organic/organic519.jpg,4,Organic,4,Organic,0.84425735,0.8041934,True
waste_type_identification/organic/organic520.jpg,4,Organic,4,Organic,0.9211776,0.9051449,True
waste_type_identification/organic/organic521.jpg,4,Organic,4,Organic,0.93811834,0.92503244,True
waste_type_identification/organic/organic527.jpg,4,Organic,4,Organic,0.94338566,0.93253475,True
waste_type_identification/organic/organic531.jpg,4,Organic,4,Organic,0.7826496,0.68560857,True
waste_type_identification/organic/organic535.jpg,4,Organic,4,Organic,0.94495994,0.9306114,True
waste_type_identification/organic/organic541.jpg,4,Organic,4,Organic,0.91884696,0.8973476,True
waste_type_identification/organic/organic548.jpg,4,Organic,4,Organic,0.8934966,0.85252076,True
waste_type_identification/organic/organic550.jpg,4,Organic,4,Organic,0.8863515,0.86090213,True
waste_type_identification/organic/organic551.jpg,4,Organic,4,Organic,0.958092,0.94878197,True
waste_type_identification/organic/organic562.jpg,4,Organic,4,Organic,0.93380207,0.92024297,True
waste_type_identification/organic/organic564.jpg,4,Organic,4,Organic,0.92843276,0.90893203,True
waste_type_identification/organic/organic566.jpg,4,Organic,4,Organic,0.95309895,0.94390464,True
waste_type_identification/organic/organic571.jpg,4,Organic,4,Organic,0.93652827,0.92072594,True
waste_type_identification/organic/organic573.jpg,4,Organic,4,Organic,0.9380877,0.9262036,True
waste_type_identification/organic/organic575.jpg,4,Organic,4,Organic,0.95029837,0.93777466,True
waste_type_identification/organic/organic576.jpg,4,Organic,4,Organic,0.7073548,0.6286687,True
waste_type_identification/organic/organic579.jpg,4,Organic,4,Organic,0.92266905,0.9052529,True
waste_type_identification/organic/organic585.jpg,4,Organic,4,Organic,0.9333479,0.9200643,True
waste_type_identification/organic/organic586.jpg,4,Organic,4,Organic,0.9014663,0.88174176,True
waste_type_identification/organic/organic591.jpg,4,Organic,4,Organic,0.9422842,0.9298736,True
waste_type_identification/organic/organic602.jpg,4,Organic,4,Organic,0.9034947,0.8801986,True
waste_type_identification/organic/organic608.jpg,4,Organic,4,Organic,0.9403162,0.9286297,True
waste_type_identification/organic/organic609.jpg,4,Organic,4,Organic,0.93151385,0.91506815,True
waste_type_identification/organic/organic61.jpg,4,Organic,4,Organic,0.93525326,0.92308164,True
waste_type_identification/organic/organic610.jpg,4,Organic,4,Organic,0.9390127,0.91760015,True
waste_type_identification/organic/organic612.jpg,4,Organic,4,Organic,0.9413086,0.9289572,True
waste_type_identification/organic/organic615.jpg,4,Organic,4,Organic,0.917007,0.89721465,True
waste_type_identification/organic/organic619.jpg,4,Organic,4,Organic,0.90575343,0.88019574,True
waste_type_identification/organic/organic623.jpg,4,Organic,4,Organic,0.9321316,0.9197127,True
waste_type_identification/organic/organic627.jpg,4,Organic,4,Organic,0.92660654,0.90693784,True
waste_type_identification/organic/organic628.jpg,4,Organic,4,Organic,0.9305718,0.91643304,True
waste_type_identification/organic/organic631.jpg,4,Organic,4,Organic,0.9074653,0.88633084,True
waste_type_identification/organic/organic635.jpg,4,Organic,4,Organic,0.92753816,0.9123359,True
waste_type_identification/organic/organic640.jpg,4,Organic,4,Organic,0.9526823,0.94077754,True
waste_type_identification/organic/organic645.jpg,4,Organic,4,Organic,0.9015333,0.8777175,True
waste_type_identification/organic/organic654.jpg,4,Organic,6,Plastic,0.41433883,0.23192504,False
waste_type_identification/organic/organic660.jpg,4,Organic,4,Organic,0.8529196,0.8156159,True
waste_type_identification/organic/organic664.jpg,4,Organic,4,Organic,0.8915335,0.8485715,True
waste_type_identification/organic/organic667.jpg,4,Organic,4,Organic,0.9122012,0.88700753,True
waste_type_identification/organic/organic668.jpg,4,Organic,4,Organic,0.904492,0.88387144,True
waste_type_identification/organic/organic683.jpg,4,Organic,4,Organic,0.919897,0.8995857,True
waste_type_identification/organic/organic696.jpg,4,Organic,4,Organic,0.93726885,0.9248251,True
waste_type_identification/organic/organic702.jpg,4,Organic,4,Organic,0.85708404,0.82856894,True
waste_type_identification/organic/organic706.jpg,4,Organic,4,Organic,0.85616744,0.83035153,True
waste_type_identification/organic/organic71.jpg,4,Organic,4,Organic,0.9434647,0.9312954,True
waste_type_identification/organic/organic714.jpg,4,Organic,4,Organic,0.9200409,0.9059073,True
waste_type_identification/organic/organic715.jpg,4,Organic,4,Organic,0.9357702,0.9209069,True
waste_type_identification/organic/organic716.jpg,4,Organic,4,Organic,0.5378486,0.22300437,True
waste_type_identification/organic/organic718.jpg,4,Organic,4,Organic,0.934031,0.91883457,True
waste_type_identification/organic/organic724.jpg,4,Organic,4,Organic,0.89931595,0.86775005,True
waste_type_identification/organic/organic731.jpg,4,Organic,4,Organic,0.9275264,0.91296786,True
waste_type_identification/organic/organic738.jpg,4,Organic,4,Organic,0.9234243,0.9042312,True
waste_type_identification/organic/organic739.jpg,4,Organic,4,Organic,0.94222695,0.9309644,True
waste_type_identification/organic/organic741.jpg,4,Organic,4,Organic,0.9157951,0.8979226,True
waste_type_identification/organic/organic745.jpg,4,Organic,4,Organic,0.9429117,0.92871416,True
waste_type_identification/organic/organic748.jpg,4,Organic,4,Organic,0.94400245,0.9316862,True
waste_type_identification/organic/organic760.jpg,4,Organic,4,Organic,0.8871621,0.8502533,True
waste_type_identification/organic/organic763.jpg,4,Organic,4,Organic,0.9364263,0.92451614,True
waste_type_identification/organic/organic764.jpg,4,Organic,4,Organic,0.9285897,0.9134433,True
waste_type_identification/organic/organic766.jpg,4,Organic,4,Organic,0.91311675,0.89804333,True
waste_type_identification/organic/organic768.jpg,4,Organic,4,Organic,0.9320586,0.9172074,True
waste_type_identification/organic/organic77.jpg,4,Organic,4,Organic,0.848172,0.8021086,True
waste_type_identification/organic/organic770.jpg,4,Organic,4,Organic,0.9057521,0.8788696,True
waste_type_identification/organic/organic780.jpg,4,Organic,4,Organic,0.9403782,0.9250687,True
waste_type_identification/organic/organic785.jpg,4,Organic,4,Organic,0.61768514,0.529967,True
waste_type_identification/organic/organic789.jpg,4,Organic,4,Organic,0.9227275,0.90940994,True
waste_type_identification/organic/organic791.jpg,4,Organic,4,Organic,0.91168886,0.89173275,True
waste_type_identification/organic/organic798.jpg,4,Organic,4,Organic,0.9389841,0.92627484,True
waste_type_identification/organic/organic801.jpg,4,Organic,4,Organic,0.93205583,0.9192719,True
waste_type_identification/organic/organic802.jpg,4,Organic,4,Organic,0.9234462,0.9081106,True
waste_type_identification/organic/organic812.jpg,4,Organic,4,Organic,0.9202501,0.9043856,True
waste_type_identification/organic/organic815.jpg,4,Organic,4,Organic,0.86187494,0.8135803,True
waste_type_identification/organic/organic816.jpg,4,Organic,4,Organic,0.8632223,0.8256775,True
waste_type_identification/organic/organic817.jpg,4,Organic,4,Organic,0.9088171,0.8906665,True
waste_type_identification/organic/organic819.jpg,4,Organic,4,Organic,0.905566,0.8797514,True
waste_type_identification/organic/organic824.jpg,4,Organic,4,Organic,0.9271283,0.910506,True
waste_type_identification/organic/organic828.jpg,4,Organic,4,Organic,0.91217256,0.8953356,True
waste_type_identification/organic/organic829.jpg,4,Organic,4,Organic,0.9242969,0.90747195,True
waste_type_identification/organic/organic83.jpg,4,Organic,4,Organic,0.9310332,0.91813743,True
waste_type_identification/organic/organic841.jpg,4,Organic,4,Organic,0.943512,0.9313342,True
waste_type_identification/organic/organic844.jpg,4,Organic,4,Organic,0.9302588,0.91570044,True
waste_type_identification/organic/organic846.jpg,4,Organic,4,Organic,0.9183739,0.9019669,True
waste_type_identification/organic/organic849.jpg,4,Organic,4,Organic,0.9360508,0.92219156,True
waste_type_identification/organic/organic851.jpg,4,Organic,4,Organic,0.9478197,0.9368505,True
waste_type_identification/organic/organic853.jpg,4,Organic,2,Glass,0.44590244,0.18240583,False
waste_type_identification/organic/organic855.jpg,4,Organic,4,Organic,0.82696116,0.75087917,True
waste_type_identification/organic/organic858.jpg,4,Organic,4,Organic,0.86569226,0.83749837,True
waste_type_identification/organic/organic859.jpg,4,Organic,4,Organic,0.60625297,0.3042261,True
waste_type_identification/organic/organic871.jpg,4,Organic,4,Organic,0.64816296,0.45034182,True
waste_type_identification/organic/organic881.jpg,4,Organic,4,Organic,0.93133056,0.9173446,True
waste_type_identification/organic/organic889.jpg,4,Organic,4,Organic,0.9122369,0.89158356,True
waste_type_identification/organic/organic895.jpg,4,Organic,4,Organic,0.89320356,0.87011546,True
waste_type_identification/organic/organic899.jpg,4,Organic,4,Organic,0.89911884,0.8702766,True
waste_type_identification/organic/organic902.jpg,4,Organic,4,Organic,0.9105469,0.89162505,True
waste_type_identification/organic/organic907.jpg,4,Organic,4,Organic,0.6441811,0.54978603,True
waste_type_identification/organic/organic930.jpg,4,Organic,4,Organic,0.92738634,0.910657,True
waste_type_identification/organic/organic931.jpg,4,Organic,4,Organic,0.8673195,0.8364461,True
waste_type_identification/organic/organic932.jpg,4,Organic,4,Organic,0.9114325,0.8921291,True
waste_type_identification/organic/organic936.jpg,4,Organic,4,Organic,0.88448983,0.85296404,True
waste_type_identification/organic/organic942.jpg,4,Organic,4,Organic,0.9285222,0.9129583,True
waste_type_identification/organic/organic948.jpg,4,Organic,4,Organic,0.93995506,0.9282656,True
waste_type_identification/organic/organic954.jpg,4,Organic,4,Organic,0.939947,0.9268919,True
waste_type_identification/organic/organic960.jpg,4,Organic,4,Organic,0.9336949,0.9178032,True
waste_type_identification/organic/organic962.jpg,4,Organic,4,Organic,0.93721974,0.92289895,True
waste_type_identification/organic/organic976.jpg,4,Organic,4,Organic,0.89138454,0.85220003,True
waste_type_identification/organic/organic979.jpg,4,Organic,4,Organic,0.8578328,0.8311417,True
waste_type_identification/organic/organic980.jpg,4,Organic,4,Organic,0.8975918,0.87768614,True
waste_type_identification/organic/organic981.jpg,4,Organic,4,Organic,0.92661023,0.90879565,True
waste_type_identification/papery/cardboard/cardboard102.jpg,5,Papery,5,Papery,0.9058833,0.8868508,True
waste_type_identification/papery/cardboard/cardboard105.jpg,5,Papery,5,Papery,0.9134024,0.8962805,True
waste_type_identification/papery/cardboard/cardboard108.jpg,5,Papery,5,Papery,0.92656773,0.9109127,True
waste_type_identification/papery/cardboard/cardboard109.jpg,5,Papery,5,Papery,0.33421874,0.122439116,True
waste_type_identification/papery/cardboard/cardboard110.jpg,5,Papery,5,Papery,0.7091212,0.6168684,True
waste_type_identification/papery/cardboard/cardboard111.jpg,5,Papery,5,Papery,0.8748119,0.847255,True
waste_type_identification/papery/cardboard/cardboard12.jpg,5,Papery,5,Papery,0.88388044,0.85307723,True
waste_type_identification/papery/cardboard/cardboard121.jpg,5,Papery,5,Papery,0.88410777,0.8589456,True
waste_type_identification/papery/cardboard/cardboard122.jpg,5,Papery,5,Papery,0.86815244,0.8405306,True
waste_type_identification/papery/cardboard/cardboard127.jpg,5,Papery,5,Papery,0.8856428,0.85299015,True
waste_type_identification/papery/cardboard/cardboard145.jpg,5,Papery,5,Papery,0.80280864,0.753974,True
waste_type_identification/papery/cardboard/cardboard15.jpg,5,Papery,5,Papery,0.87561464,0.8424444,True
waste_type_identification/papery/cardboard/cardboard152.jpg,5,Papery,5,Papery,0.8649189,0.83896697,True
waste_type_identification/papery/cardboard/cardboard155.jpg,5,Papery,5,Papery,0.9107873,0.8950114,True
waste_type_identification/papery/cardboard/cardboard16.jpg,5,Papery,5,Papery,0.92052835,0.9031501,True
waste_type_identification/papery/cardboard/cardboard160.jpg,5,Papery,5,Papery,0.9129525,0.89665616,True
waste_type_identification/papery/cardboard/cardboard167.jpg,5,Papery,5,Papery,0.89573747,0.87686586,True
waste_type_identification/papery/cardboard/cardboard168.jpg,5,Papery,5,Papery,0.9079329,0.8842238,True
waste_type_identification/papery/cardboard/cardboard172.jpg,5,Papery,5,Papery,0.41989532,0.16246298,True
waste_type_identification/papery/cardboard/cardboard178.jpg,5,Papery,5,Papery,0.8694923,0.8426385,True
waste_type_identification/papery/cardboard/cardboard182.jpg,5,Papery,5,Papery,0.6739223,0.59697795,True
waste_type_identification/papery/cardboard/cardboard185.jpg,5,Papery,5,Papery,0.8814682,0.8573702,True
waste_type_identification/papery/cardboard/cardboard193.jpg,5,Papery,5,Papery,0.9091675,0.88997865,True
waste_type_identification/papery/cardboard/cardboard201.jpg,5,Papery,5,Papery,0.87820166,0.8433116,True
waste_type_identification/papery/cardboard/cardboard205.jpg,5,Papery,5,Papery,0.9052948,0.8856769,True
waste_type_identification/papery/cardboard/cardboard216.jpg,5,Papery,5,Papery,0.8853465,0.86376613,True
waste_type_identification/papery/cardboard/cardboard22.jpg,5,Papery,5,Papery,0.8924879,0.87025094,True
waste_type_identification/papery/cardboard/cardboard232.jpg,5,Papery,5,Papery,0.8654737,0.8355973,True
waste_type_identification/papery/cardboard/cardboard238.jpg,5,Papery,5,Papery,0.8134937,0.77415437,True
waste_type_identification/papery/cardboard/cardboard247.jpg,5,Papery,5,Papery,0.9270992,0.91196835,True
waste_type_identification/papery/cardboard/cardboard253.jpg,5,Papery,5,Papery,0.86108106,0.8350594,True
waste_type_identification/papery/cardboard/cardboard257.jpg,5,Papery,5,Papery,0.76401883,0.6894659,True
waste_type_identification/papery/cardboard/cardboard26.jpg,5,Papery,5,Papery,0.90582293,0.886985,True
waste_type_identification/papery/cardboard/cardboard261.jpg,5,Papery,5,Papery,0.5646444,0.28117177,True
waste_type_identification/papery/cardboard/cardboard267.jpg,5,Papery,5,Papery,0.91229904,0.8949355,True
waste_type_identification/papery/cardboard/cardboard276.jpg,5,Papery,5,Papery,0.9106729,0.8941619,True
waste_type_identification/papery/cardboard/cardboard285.jpg,5,Papery,5,Papery,0.89744294,0.87644464,True
waste_type_identification/papery/cardboard/cardboard286.jpg,5,Papery,5,Papery,0.881995,0.85738766,True
waste_type_identification/papery/cardboard/cardboard29.jpg,5,Papery,5,Papery,0.9388021,0.92616874,True
waste_type_identification/papery/cardboard/cardboard292.jpg,5,Papery,5,Papery,0.8902217,0.8684853,True
waste_type_identification/papery/cardboard/cardboard297.jpg,5,Papery,5,Papery,0.8990932,0.87592494,True
waste_type_identification/papery/cardboard/cardboard306.jpg,5,Papery,5,Papery,0.91853076,0.90140283,True
waste_type_identification/papery/cardboard/cardboard307.jpg,5,Papery,5,Papery,0.8854737,0.86247844,True
waste_type_identification/papery/cardboard/cardboard309.jpg,5,Papery,5,Papery,0.89962584,0.8770356,True
waste_type_identification/papery/cardboard/cardboard316.jpg,5,Papery,5,Papery,0.8933315,0.87391925,True
waste_type_identification/papery/cardboard/cardboard319.jpg,5,Papery,5,Papery,0.8871476,0.8649917,True
waste_type_identification/papery/cardboard/cardboard32.jpg,5,Papery,5,Papery,0.2645332,0.07248448,True
waste_type_identification/papery/cardboard/cardboard328.jpg,5,Papery,5,Papery,0.8984755,0.8785642,True
waste_type_identification/papery/cardboard/cardboard329.jpg,5,Papery,5,Papery,0.899296,0.8794415,True
waste_type_identification/papery/cardboard/cardboard33.jpg,5,Papery,5,Papery,0.90309614,0.8832325,True
waste_type_identification/papery/cardboard/cardboard331.jpg,5,Papery,5,Papery,0.9074371,0.89078206,True
waste_type_identification/papery/cardboard/cardboard342.jpg,5,Papery,5,Papery,0.93987626,0.9245397,True
waste_type_identification/papery/cardboard/cardboard362.jpg,5,Papery,5,Papery,0.8971695,0.87325275,True
waste_type_identification/papery/cardboard/cardboard367.jpg,5,Papery,5,Papery,0.90204704,0.87766606,True
waste_type_identification/papery/cardboard/cardboard369.jpg,5,Papery,5,Papery,0.8163305,0.76905036,True
waste_type_identification/papery/cardboard/cardboard371.jpg,5,Papery,5,Papery,0.812922,0.7321874,True
waste_type_identification/papery/cardboard/cardboard375.jpg,5,Papery,5,Papery,0.70205975,0.54532605,True
waste_type_identification/papery/cardboard/cardboard377.jpg,5,Papery,5,Papery,0.8896863,0.8663776,True
waste_type_identification/papery/cardboard/cardboard379.jpg,5,Papery,5,Papery,0.9029575,0.88055813,True
waste_type_identification/papery/cardboard/cardboard381.jpg,5,Papery,5,Papery,0.850187,0.822317,True
waste_type_identification/papery/cardboard/cardboard384.jpg,5,Papery,7,Undifferentiated,0.49733022,0.21617433,False
waste_type_identification/papery/cardboard/cardboard386.jpg,5,Papery,5,Papery,0.90045315,0.88014275,True
waste_type_identification/papery/cardboard/cardboard387.jpg,5,Papery,5,Papery,0.8977335,0.8755174,True
waste_type_identification/papery/cardboard/cardboard391.jpg,5,Papery,5,Papery,0.740102,0.65667987,True
waste_type_identification/papery/cardboard/cardboard394.jpg,5,Papery,5,Papery,0.4745813,0.19760212,True
waste_type_identification/papery/cardboard/cardboard396.jpg,5,Papery,5,Papery,0.88438797,0.85806054,True
waste_type_identification/papery/cardboard/cardboard397.jpg,5,Papery,5,Papery,0.8845169,0.86219066,True
waste_type_identification/papery/cardboard/cardboard400.jpg,5,Papery,5,Papery,0.8227415,0.77850074,True
waste_type_identification/papery/cardboard/cardboard405.jpg,5,Papery,5,Papery,0.508294,0.24561834,True
waste_type_identification/papery/cardboard/cardboard408.jpg,5,Papery,5,Papery,0.8795713,0.85277927,True
waste_type_identification/papery/cardboard/cardboard410.jpg,5,Papery,5,Papery,0.87945414,0.8511488,True
waste_type_identification/papery/cardboard/cardboard411.jpg,5,Papery,5,Papery,0.90327,0.88232714,True
waste_type_identification/papery/cardboard/cardboard425.jpg,5,Papery,5,Papery,0.8990907,0.8794279,True
waste_type_identification/papery/cardboard/cardboard433.jpg,5,Papery,5,Papery,0.88922304,0.8679386,True
waste_type_identification/papery/cardboard/cardboard436.jpg,5,Papery,5,Papery,0.9000226,0.8809158,True
waste_type_identification/papery/cardboard/cardboard439.jpg,5,Papery,5,Papery,0.8875606,0.8676186,True
waste_type_identification/papery/cardboard/cardboard441.jpg,5,Papery,5,Papery,0.8888917,0.86725646,True
waste_type_identification/papery/cardboard/cardboard442.jpg,5,Papery,3,Metal,0.3902799,0.043790907,False
waste_type_identification/papery/cardboard/cardboard445.jpg,5,Papery,5,Papery,0.85986483,0.8269727,True
waste_type_identification/papery/cardboard/cardboard447.jpg,5,Papery,5,Papery,0.88506967,0.8604231,True
waste_type_identification/papery/cardboard/cardboard450.jpg,5,Papery,5,Papery,0.5884063,0.4308372,True
waste_type_identification/papery/cardboard/cardboard457.jpg,5,Papery,5,Papery,0.87263817,0.847438,True
waste_type_identification/papery/cardboard/cardboard458.jpg,5,Papery,5,Papery,0.8713331,0.8462541,True
waste_type_identification/papery/cardboard/cardboard465.jpg,5,Papery,5,Papery,0.92586476,0.91193366,True
waste_type_identification/papery/cardboard/cardboard466.jpg,5,Papery,5,Papery,0.87534994,0.8395694,True
waste_type_identification/papery/cardboard/cardboard468.jpg,5,Papery,5,Papery,0.8856749,0.8620473,True
waste_type_identification/papery/cardboard/cardboard476.jpg,5,Papery,5,Papery,0.9010799,0.88192666,True
waste_type_identification/papery/cardboard/cardboard481.jpg,5,Papery,5,Papery,0.88107616,0.8373705,True
waste_type_identification/papery/cardboard/cardboard487.jpg,5,Papery,5,Papery,0.89004827,0.86847144,True
waste_type_identification/papery/cardboard/cardboard495.jpg,5,Papery,5,Papery,0.8840883,0.85456204,True
waste_type_identification/papery/cardboard/cardboard502.jpg,5,Papery,5,Papery,0.90503186,0.8857758,True
waste_type_identification/papery/cardboard/cardboard506.jpg,5,Papery,5,Papery,0.9244447,0.9118183,True
waste_type_identification/papery/cardboard/cardboard513.jpg,5,Papery,5,Papery,0.88638663,0.86316353,True
waste_type_identification/papery/cardboard/cardboard514.jpg,5,Papery,5,Papery,0.90680605,0.88453186,True
waste_type_identification/papery/cardboard/cardboard521.jpg,5,Papery,5,Papery,0.90752053,0.8873448,True
waste_type_identification/papery/cardboard/cardboard528.jpg,5,Papery,5,Papery,0.75857204,0.6992178,True
waste_type_identification/papery/cardboard/cardboard534.jpg,5,Papery,5,Papery,0.89978814,0.87892914,True
waste_type_identification/papery/cardboard/cardboard536.jpg,5,Papery,5,Papery,0.9071785,0.8902772,True
waste_type_identification/papery/cardboard/cardboard539.jpg,5,Papery,5,Papery,0.41098973,0.00058045983,True
waste_type_identification/papery/cardboard/cardboard541.jpg,5,Papery,5,Papery,0.8515624,0.81692046,True
waste_type_identification/papery/cardboard/cardboard549.jpg,5,Papery,5,Papery,0.89641964,0.8743018,True
waste_type_identification/papery/cardboard/cardboard55.jpg,5,Papery,5,Papery,0.9067544,0.8887137,True
waste_type_identification/papery/cardboard/cardboard551.jpg,5,Papery,5,Papery,0.91785306,0.90092456,True
waste_type_identification/papery/cardboard/cardboard561.jpg,5,Papery,5,Papery,0.90267575,0.8812536,True
waste_type_identification/papery/cardboard/cardboard571.jpg,5,Papery,5,Papery,0.9026648,0.8813426,True
waste_type_identification/papery/cardboard/cardboard576.jpg,5,Papery,5,Papery,0.8540115,0.8112647,True
waste_type_identification/papery/cardboard/cardboard579.jpg,5,Papery,5,Papery,0.7725025,0.6867987,True
waste_type_identification/papery/cardboard/cardboard585.jpg,5,Papery,5,Papery,0.8847565,0.8599882,True
waste_type_identification/papery/cardboard/cardboard586.jpg,5,Papery,4,Organic,0.4576683,0.319529,False
waste_type_identification/papery/cardboard/cardboard590.jpg,5,Papery,5,Papery,0.8916826,0.8702999,True
waste_type_identification/papery/cardboard/cardboard591.jpg,5,Papery,5,Papery,0.89088607,0.8686989,True
waste_type_identification/papery/cardboard/cardboard593.jpg,5,Papery,5,Papery,0.89858085,0.877742,True
waste_type_identification/papery/cardboard/cardboard594.jpg,5,Papery,5,Papery,0.87861127,0.85200614,True
waste_type_identification/papery/cardboard/cardboard596.jpg,5,Papery,5,Papery,0.81472856,0.7608297,True
waste_type_identification/papery/cardboard/cardboard598.jpg,5,Papery,5,Papery,0.8895691,0.8693262,True
waste_type_identification/papery/cardboard/cardboard599.jpg,5,Papery,5,Papery,0.89279264,0.87082946,True
waste_type_identification/papery/cardboard/cardboard60.jpg,5,Papery,5,Papery,0.8978352,0.87743384,True
waste_type_identification/papery/cardboard/cardboard603.jpg,5,Papery,5,Papery,0.9037371,0.87516665,True
waste_type_identification/papery/cardboard/cardboard605.jpg,5,Papery,5,Papery,0.8796522,0.85273635,True
waste_type_identification/papery/cardboard/cardboard606.jpg,5,Papery,5,Papery,0.88639337,0.86327755,True
waste_type_identification/papery/cardboard/cardboard607.jpg,5,Papery,5,Papery,0.88793296,0.86615324,True
waste_type_identification/papery/cardboard/cardboard615.jpg,5,Papery,5,Papery,0.8990754,0.8773002,True
waste_type_identification/papery/cardboard/cardboard616.jpg,5,Papery,5,Papery,0.86440974,0.83335674,True
waste_type_identification/papery/cardboard/cardboard629.jpg,5,Papery,5,Papery,0.8958929,0.87347287,True
waste_type_identification/papery/cardboard/cardboard631.jpg,5,Papery,5,Papery,0.90221864,0.8819994,True
waste_type_identification/papery/cardboard/cardboard633.jpg,5,Papery,5,Papery,0.8611686,0.8326457,True
waste_type_identification/papery/cardboard/cardboard635.jpg,5,Papery,5,Papery,0.88601255,0.8639805,True
waste_type_identification/papery/cardboard/cardboard638.jpg,5,Papery,5,Papery,0.88278973,0.85158455,True
waste_type_identification/papery/cardboard/cardboard640.jpg,5,Papery,5,Papery,0.8251506,0.78835595,True
waste_type_identification/papery/cardboard/cardboard642.jpg,5,Papery,5,Papery,0.8572132,0.82985234,True
waste_type_identification/papery/cardboard/cardboard646.jpg,5,Papery,5,Papery,0.9137213,0.89631265,True
waste_type_identification/papery/cardboard/cardboard65.jpg,5,Papery,5,Papery,0.88567835,0.85470605,True
waste_type_identification/papery/cardboard/cardboard651.jpg,5,Papery,5,Papery,0.9099436,0.88867116,True
waste_type_identification/papery/cardboard/cardboard654.jpg,5,Papery,5,Papery,0.8782184,0.8486775,True
waste_type_identification/papery/cardboard/cardboard657.jpg,5,Papery,5,Papery,0.90698117,0.88693583,True
waste_type_identification/papery/cardboard/cardboard670.jpg,5,Papery,5,Papery,0.8783802,0.85231966,True
waste_type_identification/papery/cardboard/cardboard675.jpg,5,Papery,5,Papery,0.9064389,0.8874597,True
waste_type_identification/papery/cardboard/cardboard676.jpg,5,Papery,5,Papery,0.892738,0.87294793,True
waste_type_identification/papery/cardboard/cardboard68.jpg,5,Papery,5,Papery,0.4132535,0.19841033,True
waste_type_identification/papery/cardboard/cardboard680.jpg,5,Papery,5,Papery,0.9134335,0.88911283,True
waste_type_identification/papery/cardboard/cardboard681.jpg,5,Papery,5,Papery,0.9002066,0.8798289,True
waste_type_identification/papery/cardboard/cardboard685.jpg,5,Papery,5,Papery,0.8982087,0.879796,True
waste_type_identification/papery/cardboard/cardboard689.jpg,5,Papery,5,Papery,0.84787637,0.79824233,True
waste_type_identification/papery/cardboard/cardboard69.jpg,5,Papery,5,Papery,0.5130483,0.28449342,True
waste_type_identification/papery/cardboard/cardboard693.jpg,5,Papery,5,Papery,0.912182,0.89111334,True
waste_type_identification/papery/cardboard/cardboard70.jpg,5,Papery,5,Papery,0.8817651,0.8553697,True
waste_type_identification/papery/cardboard/cardboard700.jpg,5,Papery,5,Papery,0.8686146,0.83657515,True
waste_type_identification/papery/cardboard/cardboard704.jpg,5,Papery,5,Papery,0.8581406,0.83396983,True
waste_type_identification/papery/cardboard/cardboard705.jpg,5,Papery,5,Papery,0.91411793,0.896765,True
waste_type_identification/papery/cardboard/cardboard707.jpg,5,Papery,5,Papery,0.896148,0.874548,True
waste_type_identification/papery/cardboard/cardboard710.jpg,5,Papery,5,Papery,0.87577844,0.8526244,True
waste_type_identification/papery/cardboard/cardboard716.jpg,5,Papery,5,Papery,0.83259976,0.7746463,True
waste_type_identification/papery/cardboard/cardboard725.jpg,5,Papery,5,Papery,0.90771633,0.8840047,True
waste_type_identification/papery/cardboard/cardboard726.jpg,5,Papery,3,Metal,0.42150182,0.16868508,False
waste_type_identification/papery/cardboard/cardboard728.jpg,5,Papery,5,Papery,0.8729675,0.84436035,True
waste_type_identification/papery/cardboard/cardboard737.jpg,5,Papery,5,Papery,0.8606842,0.8322414,True
waste_type_identification/papery/cardboard/cardboard74.jpg,5,Papery,5,Papery,0.8365252,0.8059331,True
waste_type_identification/papery/cardboard/cardboard75.jpg,5,Papery,5,Papery,0.86054164,0.8327788,True
waste_type_identification/papery/cardboard/cardboard753.jpg,5,Papery,5,Papery,0.87007165,0.83567584,True
waste_type_identification/papery/cardboard/cardboard756.jpg,5,Papery,2,Glass,0.6400207,0.55551726,False
waste_type_identification/papery/cardboard/cardboard757.jpg,5,Papery,5,Papery,0.897741,0.87276417,True
waste_type_identification/papery/cardboard/cardboard758.jpg,5,Papery,5,Papery,0.85786843,0.8321549,True
waste_type_identification/papery/cardboard/cardboard759.jpg,5,Papery,5,Papery,0.89659154,0.87497056,True
waste_type_identification/papery/cardboard/cardboard762.jpg,5,Papery,5,Papery,0.8995115,0.87174684,True
waste_type_identification/papery/cardboard/cardboard768.jpg,5,Papery,5,Papery,0.91385067,0.8969142,True
waste_type_identification/papery/cardboard/cardboard771.jpg,5,Papery,5,Papery,0.87653065,0.8492126,True
waste_type_identification/papery/cardboard/cardboard779.jpg,5,Papery,6,Plastic,0.28317147,0.05669099,False
waste_type_identification/papery/cardboard/cardboard780.jpg,5,Papery,5,Papery,0.89551437,0.874146,True
waste_type_identification/papery/cardboard/cardboard790.jpg,5,Papery,5,Papery,0.8303375,0.7928537,True
waste_type_identification/papery/cardboard/cardboard793.jpg,5,Papery,5,Papery,0.8462326,0.8182696,True
waste_type_identification/papery/cardboard/cardboard804.jpg,5,Papery,5,Papery,0.885671,0.8572705,True
waste_type_identification/papery/cardboard/cardboard805.jpg,5,Papery,5,Papery,0.84760505,0.8163453,True
waste_type_identification/papery/cardboard/cardboard812.jpg,5,Papery,5,Papery,0.8940047,0.8684629,True
waste_type_identification/papery/cardboard/cardboard820.jpg,5,Papery,5,Papery,0.87917805,0.8503613,True
waste_type_identification/papery/cardboard/cardboard830.jpg,5,Papery,5,Papery,0.86693805,0.8300432,True
waste_type_identification/papery/cardboard/cardboard832.jpg,5,Papery,5,Papery,0.88374627,0.8596589,True
waste_type_identification/papery/cardboard/cardboard838.jpg,5,Papery,5,Papery,0.58209175,0.4544232,True
waste_type_identification/papery/cardboard/cardboard844.jpg,5,Papery,5,Papery,0.8720765,0.8373403,True
waste_type_identification/papery/cardboard/cardboard859.jpg,5,Papery,5,Papery,0.86374235,0.8273191,True
waste_type_identification/papery/cardboard/cardboard862.jpg,5,Papery,5,Papery,0.8491665,0.8028916,True
waste_type_identification/papery/cardboard/cardboard864.jpg,5,Papery,5,Papery,0.6612505,0.568778,True
waste_type_identification/papery/cardboard/cardboard87.jpg,5,Papery,5,Papery,0.92128766,0.9027208,True
waste_type_identification/papery/cardboard/cardboard878.jpg,5,Papery,5,Papery,0.90901417,0.8905229,True
waste_type_identification/papery/cardboard/cardboard887.jpg,5,Papery,5,Papery,0.89758414,0.8767652,True
waste_type_identification/papery/paper/paper1005.jpg,5,Papery,5,Papery,0.858706,0.8132154,True
waste_type_identification/papery/paper/paper102.jpg,5,Papery,5,Papery,0.88144785,0.85655093,True
waste_type_identification/papery/paper/paper1022.jpg,5,Papery,5,Papery,0.8386524,0.7881267,True
waste_type_identification/papery/paper/paper1028.jpg,5,Papery,5,Papery,0.78787917,0.7223491,True
waste_type_identification/papery/paper/paper1038.jpg,5,Papery,5,Papery,0.9243461,0.90314114,True
waste_type_identification/papery/paper/paper1039.jpg,5,Papery,5,Papery,0.808611,0.76002514,True
waste_type_identification/papery/paper/paper1043.jpg,5,Papery,5,Papery,0.8919083,0.8678217,True
waste_type_identification/papery/paper/paper1046.jpg,5,Papery,5,Papery,0.9011039,0.8806526,True
waste_type_identification/papery/paper/paper105.jpg,5,Papery,5,Papery,0.87118524,0.8395722,True
waste_type_identification/papery/paper/paper1050.jpg,5,Papery,5,Papery,0.8464592,0.79925954,True
waste_type_identification/papery/paper/paper107.jpg,5,Papery,5,Papery,0.8616079,0.8322358,True
waste_type_identification/papery/paper/paper11.jpg,5,Papery,5,Papery,0.87068045,0.83754754,True
waste_type_identification/papery/paper/paper122.jpg,5,Papery,5,Papery,0.91254616,0.893694,True
waste_type_identification/papery/paper/paper123.jpg,5,Papery,5,Papery,0.83787227,0.7989115,True
waste_type_identification/papery/paper/paper124.jpg,5,Papery,5,Papery,0.8707867,0.84482133,True
waste_type_identification/papery/paper/paper129.jpg,5,Papery,5,Papery,0.91003424,0.8902112,True
waste_type_identification/papery/paper/paper13.jpg,5,Papery,5,Papery,0.8950164,0.8609297,True
waste_type_identification/papery/paper/paper138.jpg,5,Papery,5,Papery,0.8972021,0.87395906,True
waste_type_identification/papery/paper/paper140.jpg,5,Papery,5,Papery,0.90147275,0.8799051,True
waste_type_identification/papery/paper/paper141.jpg,5,Papery,1,Clothing,0.3635852,0.09268138,False
waste_type_identification/papery/paper/paper144.jpg,5,Papery,5,Papery,0.91627,0.89514226,True
waste_type_identification/papery/paper/paper15.jpg,5,Papery,5,Papery,0.91142046,0.89302677,True
waste_type_identification/papery/paper/paper150.jpg,5,Papery,5,Papery,0.8455216,0.80723596,True
waste_type_identification/papery/paper/paper154.jpg,5,Papery,5,Papery,0.87454414,0.8474353,True
waste_type_identification/papery/paper/paper155.jpg,5,Papery,5,Papery,0.8982362,0.8777155,True
waste_type_identification/papery/paper/paper156.jpg,5,Papery,5,Papery,0.8511852,0.81006056,True
waste_type_identification/papery/paper/paper166.jpg,5,Papery,0,Battery,0.63969195,0.4421348,False
waste_type_identification/papery/paper/paper167.jpg,5,Papery,5,Papery,0.88320774,0.85948044,True
waste_type_identification/papery/paper/paper169.jpg,5,Papery,5,Papery,0.91392285,0.8953908,True
waste_type_identification/papery/paper/paper179.jpg,5,Papery,5,Papery,0.8470865,0.81622535,True
waste_type_identification/papery/paper/paper18.jpg,5,Papery,5,Papery,0.8950533,0.87343824,True
waste_type_identification/papery/paper/paper185.jpg,5,Papery,5,Papery,0.8898326,0.8656063,True
waste_type_identification/papery/paper/paper186.jpg,5,Papery,5,Papery,0.87391895,0.8426141,True
waste_type_identification/papery/paper/paper189.jpg,5,Papery,5,Papery,0.8821486,0.85789186,True
waste_type_identification/papery/paper/paper195.jpg,5,Papery,5,Papery,0.8906843,0.8673603,True
waste_type_identification/papery/paper/paper199.jpg,5,Papery,5,Papery,0.90177727,0.8825597,True
waste_type_identification/papery/paper/paper2.jpg,5,Papery,5,Papery,0.33719945,0.030164957,True
waste_type_identification/papery/paper/paper207.jpg,5,Papery,5,Papery,0.84254974,0.8031472,True
waste_type_identification/papery/paper/paper210.jpg,5,Papery,5,Papery,0.91317964,0.8968695,True
waste_type_identification/papery/paper/paper211.jpg,5,Papery,5,Papery,0.90825444,0.8883033,True
waste_type_identification/papery/paper/paper212.jpg,5,Papery,5,Papery,0.8832554,0.8607757,True
waste_type_identification/papery/paper/paper214.jpg,5,Papery,5,Papery,0.89776695,0.8646568,True
waste_type_identification/papery/paper/paper218.jpg,5,Papery,5,Papery,0.82451326,0.7826716,True
waste_type_identification/papery/paper/paper219.jpg,5,Papery,5,Papery,0.9120722,0.8933493,True
waste_type_identification/papery/paper/paper222.jpg,5,Papery,5,Papery,0.71505594,0.5829748,True
waste_type_identification/papery/paper/paper230.jpg,5,Papery,5,Papery,0.8254515,0.78847945,True
waste_type_identification/papery/paper/paper251.jpg,5,Papery,5,Papery,0.8834691,0.8560098,True
waste_type_identification/papery/paper/paper252.jpg,5,Papery,5,Papery,0.8826912,0.8584254,True
waste_type_identification/papery/paper/paper258.jpg,5,Papery,5,Papery,0.9061962,0.8806995,True
waste_type_identification/papery/paper/paper261.jpg,5,Papery,5,Papery,0.8309439,0.7809077,True
waste_type_identification/papery/paper/paper267.jpg,5,Papery,5,Papery,0.8722114,0.84408486,True
waste_type_identification/papery/paper/paper269.jpg,5,Papery,5,Papery,0.9074107,0.8905722,True
waste_type_identification/papery/paper/paper280.jpg,5,Papery,5,Papery,0.9129901,0.89385897,True
waste_type_identification/papery/paper/paper285.jpg,5,Papery,5,Papery,0.89349926,0.8718001,True
waste_type_identification/papery/paper/paper3.jpg,5,Papery,5,Papery,0.9010828,0.87970996,True
waste_type_identification/papery/paper/paper30.jpg,5,Papery,5,Papery,0.8988844,0.87310517,True
waste_type_identification/papery/paper/paper300.jpg,5,Papery,5,Papery,0.90591127,0.882915,True
waste_type_identification/papery/paper/paper304.jpg,5,Papery,1,Clothing,0.42611486,0.2166342,False
waste_type_identification/papery/paper/paper316.jpg,5,Papery,5,Papery,0.887439,0.8634139,True
waste_type_identification/papery/paper/paper32.jpg,5,Papery,5,Papery,0.9384547,0.922923,True
waste_type_identification/papery/paper/paper325.jpg,5,Papery,5,Papery,0.892814,0.8683953,True
waste_type_identification/papery/paper/paper33.jpg,5,Papery,5,Papery,0.8956605,0.8759859,True
waste_type_identification/papery/paper/paper331.jpg,5,Papery,5,Papery,0.39952472,0.10803509,True
waste_type_identification/papery/paper/paper332.jpg,5,Papery,5,Papery,0.88320714,0.85221887,True
waste_type_identification/papery/paper/paper339.jpg,5,Papery,5,Papery,0.894659,0.873256,True
waste_type_identification/papery/paper/paper34.jpg,5,Papery,5,Papery,0.85102147,0.8184548,True
waste_type_identification/papery/paper/paper346.jpg,5,Papery,5,Papery,0.532316,0.4037493,True
waste_type_identification/papery/paper/paper349.jpg,5,Papery,5,Papery,0.8747842,0.84948874,True
waste_type_identification/papery/paper/paper357.jpg,5,Papery,5,Papery,0.8188999,0.753645,True
waste_type_identification/papery/paper/paper36.jpg,5,Papery,5,Papery,0.89266646,0.86576474,True
waste_type_identification/papery/paper/paper368.jpg,5,Papery,5,Papery,0.9158621,0.8963608,True
waste_type_identification/papery/paper/paper371.jpg,5,Papery,5,Papery,0.8912547,0.867012,True
waste_type_identification/papery/paper/paper378.jpg,5,Papery,5,Papery,0.8477174,0.7919543,True
waste_type_identification/papery/paper/paper381.jpg,5,Papery,5,Papery,0.90205127,0.8826182,True
waste_type_identification/papery/paper/paper385.jpg,5,Papery,5,Papery,0.89274955,0.86513054,True
waste_type_identification/papery/paper/paper391.jpg,5,Papery,5,Papery,0.89602053,0.87601525,True
waste_type_identification/papery/paper/paper4.jpg,5,Papery,5,Papery,0.6634024,0.4724418,True
waste_type_identification/papery/paper/paper40.jpg,5,Papery,5,Papery,0.8971619,0.87625617,True
waste_type_identification/papery/paper/paper401.jpg,5,Papery,5,Papery,0.8861537,0.86047673,True
waste_type_identification/papery/paper/paper405.jpg,5,Papery,5,Papery,0.87116945,0.84193325,True
waste_type_identification/papery/paper/paper406.jpg,5,Papery,5,Papery,0.904123,0.88519543,True
waste_type_identification/papery/paper/paper411.jpg,5,Papery,5,Papery,0.8920663,0.8718466,True
waste_type_identification/papery/paper/paper421.jpg,5,Papery,5,Papery,0.9069979,0.8827329,True
waste_type_identification/papery/paper/paper422.jpg,5,Papery,5,Papery,0.8643966,0.8363731,True
waste_type_identification/papery/paper/paper441.jpg,5,Papery,5,Papery,0.8504266,0.8049634,True
waste_type_identification/papery/paper/paper45.jpg,5,Papery,5,Papery,0.821218,0.74211055,True
waste_type_identification/papery/paper/paper452.jpg,5,Papery,5,Papery,0.75229734,0.6631153,True
waste_type_identification/papery/paper/paper459.jpg,5,Papery,5,Papery,0.8873087,0.85892683,True
waste_type_identification/papery/paper/paper464.jpg,5,Papery,5,Papery,0.9120016,0.89354503,True
waste_type_identification/papery/paper/paper467.jpg,5,Papery,5,Papery,0.59435564,0.46385485,True
waste_type_identification/papery/paper/paper469.jpg,5,Papery,5,Papery,0.453099,0.25222737,True
waste_type_identification/papery/paper/paper476.jpg,5,Papery,5,Papery,0.88972014,0.86720103,True
waste_type_identification/papery/paper/paper490.jpg,5,Papery,5,Papery,0.881858,0.85114366,True
waste_type_identification/papery/paper/paper508.jpg,5,Papery,5,Papery,0.88224244,0.85354716,True
waste_type_identification/papery/paper/paper509.jpg,5,Papery,5,Papery,0.7234524,0.66385055,True
waste_type_identification/papery/paper/paper517.jpg,5,Papery,5,Papery,0.88346875,0.86110115,True
waste_type_identification/papery/paper/paper519.jpg,5,Papery,5,Papery,0.8008824,0.75594336,True
waste_type_identification/papery/paper/paper523.jpg,5,Papery,5,Papery,0.8826168,0.84821737,True
waste_type_identification/papery/paper/paper524.jpg,5,Papery,5,Papery,0.85419625,0.8216803,True
waste_type_identification/papery/paper/paper526.jpg,5,Papery,5,Papery,0.8786632,0.8438607,True
waste_type_identification/papery/paper/paper529.jpg,5,Papery,5,Papery,0.43762892,0.28762743,True
waste_type_identification/papery/paper/paper533.jpg,5,Papery,5,Papery,0.8947982,0.86764157,True
waste_type_identification/papery/paper/paper536.jpg,5,Papery,5,Papery,0.85909235,0.83117086,True
waste_type_identification/papery/paper/paper538.jpg,5,Papery,5,Papery,0.87055427,0.8293006,True
waste_type_identification/papery/paper/paper540.jpg,5,Papery,5,Papery,0.6239219,0.482814,True
waste_type_identification/papery/paper/paper543.jpg,5,Papery,5,Papery,0.88476485,0.85526955,True
waste_type_identification/papery/paper/paper546.jpg,5,Papery,5,Papery,0.8159141,0.7560469,True
waste_type_identification/papery/paper/paper554.jpg,5,Papery,5,Papery,0.9015641,0.8771975,True
waste_type_identification/papery/paper/paper558.jpg,5,Papery,5,Papery,0.90735495,0.88315886,True
waste_type_identification/papery/paper/paper57.jpg,5,Papery,5,Papery,0.8993915,0.87925327,True
waste_type_identification/papery/paper/paper577.jpg,5,Papery,5,Papery,0.571924,0.43715778,True
waste_type_identification/papery/paper/paper581.jpg,5,Papery,5,Papery,0.88242424,0.8620984,True
waste_type_identification/papery/paper/paper582.jpg,5,Papery,5,Papery,0.9194962,0.90219474,True
waste_type_identification/papery/paper/paper584.jpg,5,Papery,5,Papery,0.89370304,0.87253374,True
waste_type_identification/papery/paper/paper589.jpg,5,Papery,5,Papery,0.9277511,0.91170233,True
waste_type_identification/papery/paper/paper590.jpg,5,Papery,5,Papery,0.8814913,0.85612017,True
waste_type_identification/papery/paper/paper595.jpg,5,Papery,5,Papery,0.8656447,0.8354881,True
waste_type_identification/papery/paper/paper597.jpg,5,Papery,5,Papery,0.88089055,0.85248154,True
waste_type_identification/papery/paper/paper60.jpg,5,Papery,5,Papery,0.89504415,0.8732421,True
waste_type_identification/papery/paper/paper601.jpg,5,Papery,5,Papery,0.87500596,0.8492169,True
waste_type_identification/papery/paper/paper602.jpg,5,Papery,5,Papery,0.92004865,0.89847195,True
waste_type_identification/papery/paper/paper603.jpg,5,Papery,5,Papery,0.8889287,0.86575407,True
waste_type_identification/papery/paper/paper609.jpg,5,Papery,5,Papery,0.92099917,0.9068652,True
waste_type_identification/papery/paper/paper611.jpg,5,Papery,5,Papery,0.884593,0.85203886,True
waste_type_identification/papery/paper/paper613.jpg,5,Papery,4,Organic,0.65109855,0.5423525,False
waste_type_identification/papery/paper/paper615.jpg,5,Papery,5,Papery,0.9178488,0.9006115,True
waste_type_identification/papery/paper/paper618.jpg,5,Papery,5,Papery,0.6965298,0.5436631,True
waste_type_identification/papery/paper/paper62.jpg,5,Papery,5,Papery,0.87841654,0.8515894,True
waste_type_identification/papery/paper/paper624.jpg,5,Papery,5,Papery,0.8963052,0.8753531,True
waste_type_identification/papery/paper/paper637.jpg,5,Papery,5,Papery,0.89806396,0.87482595,True
waste_type_identification/papery/paper/paper641.jpg,5,Papery,5,Papery,0.86484605,0.83029884,True
waste_type_identification/papery/paper/paper647.jpg,5,Papery,5,Papery,0.82615876,0.7722442,True
waste_type_identification/papery/paper/paper657.jpg,5,Papery,5,Papery,0.8729195,0.8479642,True
waste_type_identification/papery/paper/paper667.jpg,5,Papery,5,Papery,0.90720814,0.88378507,True
waste_type_identification/papery/paper/paper668.jpg,5,Papery,5,Papery,0.8649286,0.8360129,True
waste_type_identification/papery/paper/paper670.jpg,5,Papery,5,Papery,0.9146584,0.8967171,True
waste_type_identification/papery/paper/paper674.jpg,5,Papery,5,Papery,0.89675146,0.87708366,True
waste_type_identification/papery/paper/paper677.jpg,5,Papery,5,Papery,0.91856074,0.901044,True
waste_type_identification/papery/paper/paper678.jpg,5,Papery,5,Papery,0.6258921,0.53896654,True
waste_type_identification/papery/paper/paper681.jpg,5,Papery,5,Papery,0.9107694,0.8917666,True
waste_type_identification/papery/paper/paper683.jpg,5,Papery,5,Papery,0.89974964,0.8768426,True
waste_type_identification/papery/paper/paper685.jpg,5,Papery,5,Papery,0.83742213,0.8039156,True
waste_type_identification/papery/paper/paper688.jpg,5,Papery,5,Papery,0.88504547,0.86260426,True
waste_type_identification/papery/paper/paper689.jpg,5,Papery,5,Papery,0.8378992,0.80305105,True
waste_type_identification/papery/paper/paper701.jpg,5,Papery,5,Papery,0.7862413,0.7198334,True
waste_type_identification/papery/paper/paper708.jpg,5,Papery,5,Papery,0.88782626,0.86631155,True
waste_type_identification/papery/paper/paper717.jpg,5,Papery,5,Papery,0.89670444,0.87560904,True
waste_type_identification/papery/paper/paper720.jpg,5,Papery,5,Papery,0.749141,0.61356753,True
waste_type_identification/papery/paper/paper728.jpg,5,Papery,5,Papery,0.879806,0.8469004,True
waste_type_identification/papery/paper/paper732.jpg,5,Papery,5,Papery,0.87895733,0.8565005,True
waste_type_identification/papery/paper/paper733.jpg,5,Papery,5,Papery,0.8810832,0.8479307,True
waste_type_identification/papery/paper/paper744.jpg,5,Papery,5,Papery,0.86853474,0.84606475,True
waste_type_identification/papery/paper/paper751.jpg,5,Papery,5,Papery,0.88609105,0.8628953,True
waste_type_identification/papery/paper/paper754.jpg,5,Papery,5,Papery,0.88159424,0.84573627,True
waste_type_identification/papery/paper/paper756.jpg,5,Papery,5,Papery,0.8636086,0.83850086,True
waste_type_identification/papery/paper/paper761.jpg,5,Papery,5,Papery,0.87870324,0.853203,True
waste_type_identification/papery/paper/paper768.jpg,5,Papery,5,Papery,0.88984436,0.86614627,True
waste_type_identification/papery/paper/paper772.jpg,5,Papery,5,Papery,0.88961464,0.8607754,True
waste_type_identification/papery/paper/paper788.jpg,5,Papery,5,Papery,0.8589756,0.829646,True
waste_type_identification/papery/paper/paper79.jpg,5,Papery,5,Papery,0.8951879,0.87057304,True
waste_type_identification/papery/paper/paper798.jpg,5,Papery,5,Papery,0.91133076,0.8941241,True
waste_type_identification/papery/paper/paper801.jpg,5,Papery,5,Papery,0.82232916,0.76461977,True
waste_type_identification/papery/paper/paper802.jpg,5,Papery,5,Papery,0.88166106,0.8603364,True
waste_type_identification/papery/paper/paper803.jpg,5,Papery,5,Papery,0.86236197,0.8344538,True
waste_type_identification/papery/paper/paper806.jpg,5,Papery,5,Papery,0.89526224,0.8738337,True
waste_type_identification/papery/paper/paper810.jpg,5,Papery,5,Papery,0.90459347,0.8870354,True
waste_type_identification/papery/paper/paper819.jpg,5,Papery,5,Papery,0.9240126,0.9087504,True
waste_type_identification/papery/paper/paper82.jpg,5,Papery,5,Papery,0.88928807,0.86453795,True
waste_type_identification/papery/paper/paper824.jpg,5,Papery,5,Papery,0.90978885,0.8896702,True
waste_type_identification/papery/paper/paper826.jpg,5,Papery,5,Papery,0.89630324,0.87515813,True
waste_type_identification/papery/paper/paper83.jpg,5,Papery,5,Papery,0.6784862,0.50298876,True
waste_type_identification/papery/paper/paper833.jpg,5,Papery,5,Papery,0.87052375,0.8440227,True
waste_type_identification/papery/paper/paper834.jpg,5,Papery,5,Papery,0.86788404,0.83714736,True
waste_type_identification/papery/paper/paper835.jpg,5,Papery,5,Papery,0.9054435,0.88745075,True
waste_type_identification/papery/paper/paper837.jpg,5,Papery,5,Papery,0.7061444,0.6155947,True
waste_type_identification/papery/paper/paper842.jpg,5,Papery,5,Papery,0.38450098,0.104052424,True
waste_type_identification/papery/paper/paper844.jpg,5,Papery,5,Papery,0.63613296,0.51735795,True
waste_type_identification/papery/paper/paper849.jpg,5,Papery,5,Papery,0.88862175,0.867285,True
waste_type_identification/papery/paper/paper854.jpg,5,Papery,5,Papery,0.88382703,0.8593693,True
waste_type_identification/papery/paper/paper860.jpg,5,Papery,5,Papery,0.92754537,0.90201926,True
waste_type_identification/papery/paper/paper862.jpg,5,Papery,5,Papery,0.91854966,0.8964479,True
waste_type_identification/papery/paper/paper863.jpg,5,Papery,5,Papery,0.88377345,0.8557321,True
waste_type_identification/papery/paper/paper865.jpg,5,Papery,5,Papery,0.9193761,0.8941387,True
waste_type_identification/papery/paper/paper876.jpg,5,Papery,5,Papery,0.8784543,0.8562922,True
waste_type_identification/papery/paper/paper877.jpg,5,Papery,5,Papery,0.9081729,0.8893196,True
waste_type_identification/papery/paper/paper887.jpg,5,Papery,5,Papery,0.90666294,0.88407016,True
waste_type_identification/papery/paper/paper889.jpg,5,Papery,5,Papery,0.9143093,0.8836877,True
waste_type_identification/papery/paper/paper89.jpg,5,Papery,5,Papery,0.88829106,0.86217403,True
waste_type_identification/papery/paper/paper900.jpg,5,Papery,5,Papery,0.85711783,0.83029485,True
waste_type_identification/papery/paper/paper906.jpg,5,Papery,3,Metal,0.59458035,0.38082004,False
waste_type_identification/papery/paper/paper912.jpg,5,Papery,5,Papery,0.8575412,0.82735384,True
waste_type_identification/papery/paper/paper923.jpg,5,Papery,5,Papery,0.8826536,0.85986906,True
waste_type_identification/papery/paper/paper927.jpg,5,Papery,5,Papery,0.89174396,0.8666988,True
waste_type_identification/papery/paper/paper928.jpg,5,Papery,5,Papery,0.71701044,0.653423,True
waste_type_identification/papery/paper/paper941.jpg,5,Papery,1,Clothing,0.5332053,0.24187979,False
waste_type_identification/papery/paper/paper950.jpg,5,Papery,5,Papery,0.909207,0.89111626,True
waste_type_identification/papery/paper/paper952.jpg,5,Papery,4,Organic,0.82747203,0.7618187,False
waste_type_identification/papery/paper/paper963.jpg,5,Papery,5,Papery,0.91018087,0.8908834,True
waste_type_identification/papery/paper/paper966.jpg,5,Papery,5,Papery,0.90800875,0.8872261,True
waste_type_identification/papery/paper/paper969.jpg,5,Papery,5,Papery,0.866435,0.8368966,True
waste_type_identification/papery/paper/paper971.jpg,5,Papery,5,Papery,0.7857037,0.6826252,True
waste_type_identification/papery/paper/paper973.jpg,5,Papery,5,Papery,0.9045788,0.88666934,True
waste_type_identification/papery/paper/paper981.jpg,5,Papery,5,Papery,0.851825,0.7961155,True
waste_type_identification/papery/paper/paper997.jpg,5,Papery,5,Papery,0.9249294,0.90981114,True
waste_type_identification/plastic/plastic1.jpg,6,Plastic,6,Plastic,0.92067665,0.90329456,True
waste_type_identification/plastic/plastic106.jpg,6,Plastic,6,Plastic,0.917753,0.89883244,True
waste_type_identification/plastic/plastic112.jpg,6,Plastic,6,Plastic,0.9207438,0.9029224,True
waste_type_identification/plastic/plastic122.jpg,6,Plastic,6,Plastic,0.94526577,0.92946213,True
waste_type_identification/plastic/plastic127.jpg,6,Plastic,6,Plastic,0.8346772,0.76433885,True
waste_type_identification/plastic/plastic14.jpg,6,Plastic,6,Plastic,0.92675066,0.9121777,True
waste_type_identification/plastic/plastic140.jpg,6,Plastic,6,Plastic,0.88031834,0.84184074,True
waste_type_identification/plastic/plastic143.jpg,6,Plastic,6,Plastic,0.95051634,0.940996,True
waste_type_identification/plastic/plastic144.jpg,6,Plastic,6,Plastic,0.92827606,0.9100211,True
waste_type_identification/plastic/plastic149.jpg,6,Plastic,6,Plastic,0.9179627,0.8999651,True
waste_type_identification/plastic/plastic15.jpg,6,Plastic,6,Plastic,0.9072198,0.88177246,True
waste_type_identification/plastic/plastic151.jpg,6,Plastic,6,Plastic,0.8684474,0.82722706,True
waste_type_identification/plastic/plastic155.jpg,6,Plastic,6,Plastic,0.7089902,0.53375554,True
waste_type_identification/plastic/plastic162.jpg,6,Plastic,6,Plastic,0.91054976,0.8865815,True
waste_type_identification/plastic/plastic167.jpg,6,Plastic,6,Plastic,0.94453317,0.9310199,True
waste_type_identification/plastic/plastic17.jpg,6,Plastic,6,Plastic,0.55419177,0.31168061,True
waste_type_identification/plastic/plastic171.jpg,6,Plastic,6,Plastic,0.91704273,0.8897868,True
waste_type_identification/plastic/plastic176.jpg,6,Plastic,7,Undifferentiated,0.38198793,0.113726854,False
waste_type_identification/plastic/plastic18.jpg,6,Plastic,6,Plastic,0.8206566,0.7784634,True
waste_type_identification/plastic/plastic191.jpg,6,Plastic,6,Plastic,0.47394407,0.19929424,True
waste_type_identification/plastic/plastic193.jpg,6,Plastic,6,Plastic,0.7194448,0.62176794,True
waste_type_identification/plastic/plastic194.jpg,6,Plastic,6,Plastic,0.842687,0.80332136,True
waste_type_identification/plastic/plastic195.jpg,6,Plastic,6,Plastic,0.9381269,0.9237135,True
waste_type_identification/plastic/plastic197.jpg,6,Plastic,6,Plastic,0.85501426,0.82286257,True
waste_type_identification/plastic/plastic202.jpg,6,Plastic,6,Plastic,0.9386743,0.9257182,True
waste_type_identification/plastic/plastic205.jpg,6,Plastic,6,Plastic,0.9524964,0.9403795,True
waste_type_identification/plastic/plastic219.jpg,6,Plastic,6,Plastic,0.94385093,0.9322935,True
waste_type_identification/plastic/plastic225.jpg,6,Plastic,6,Plastic,0.876196,0.84489673,True
waste_type_identification/plastic/plastic226.jpg,6,Plastic,6,Plastic,0.87079835,0.82744086,True
waste_type_identification/plastic/plastic230.jpg,6,Plastic,6,Plastic,0.93921727,0.9270426,True
waste_type_identification/plastic/plastic235.jpg,6,Plastic,6,Plastic,0.39673585,0.20984489,True
waste_type_identification/plastic/plastic247.jpg,6,Plastic,6,Plastic,0.87791675,0.8358728,True
waste_type_identification/plastic/plastic248.jpg,6,Plastic,6,Plastic,0.91245764,0.89071244,True
waste_type_identification/plastic/plastic253.jpg,6,Plastic,6,Plastic,0.8559335,0.81123006,True
waste_type_identification/plastic/plastic255.jpg,6,Plastic,6,Plastic,0.92777985,0.9091046,True
waste_type_identification/plastic/plastic262.jpg,6,Plastic,6,Plastic,0.8805617,0.8538005,True
waste_type_identification/plastic/plastic275.jpg,6,Plastic,6,Plastic,0.673238,0.5530294,True
waste_type_identification/plastic/plastic278.jpg,6,Plastic,6,Plastic,0.71454406,0.6165263,True
waste_type_identification/plastic/plastic28.jpg,6,Plastic,6,Plastic,0.9243745,0.90229106,True
waste_type_identification/plastic/plastic280.jpg,6,Plastic,6,Plastic,0.9101645,0.8914431,True
waste_type_identification/plastic/plastic282.jpg,6,Plastic,6,Plastic,0.8460021,0.807988,True
waste_type_identification/plastic/plastic287.jpg,6,Plastic,6,Plastic,0.96037084,0.95149434,True
waste_type_identification/plastic/plastic288.jpg,6,Plastic,6,Plastic,0.9228631,0.90765697,True
waste_type_identification/plastic/plastic292.jpg,6,Plastic,6,Plastic,0.9187734,0.90244484,True
waste_type_identification/plastic/plastic294.jpg,6,Plastic,6,Plastic,0.6312679,0.43224967,True
waste_type_identification/plastic/plastic299.jpg,6,Plastic,6,Plastic,0.950649,0.9393022,True
waste_type_identification/plastic/plastic302.jpg,6,Plastic,6,Plastic,0.89495564,0.87576437,True
waste_type_identification/plastic/plastic303.jpg,6,Plastic,6,Plastic,0.8736705,0.8270914,True
waste_type_identification/plastic/plastic309.jpg,6,Plastic,6,Plastic,0.90428936,0.8843446,True
waste_type_identification/plastic/plastic316.jpg,6,Plastic,6,Plastic,0.95404017,0.9436645,True
waste_type_identification/plastic/plastic319.jpg,6,Plastic,6,Plastic,0.94216514,0.92704284,True
waste_type_identification/plastic/plastic32.jpg,6,Plastic,6,Plastic,0.9419995,0.92911583,True
waste_type_identification/plastic/plastic33.jpg,6,Plastic,6,Plastic,0.9521717,0.9415765,True
waste_type_identification/plastic/plastic333.jpg,6,Plastic,3,Metal,0.83436775,0.7861745,False
waste_type_identification/plastic/plastic337.jpg,6,Plastic,6,Plastic,0.9286276,0.91154724,True
waste_type_identification/plastic/plastic339.jpg,6,Plastic,5,Papery,0.78318846,0.72167194,False
waste_type_identification/plastic/plastic340.jpg,6,Plastic,6,Plastic,0.90942836,0.88728666,True
waste_type_identification/plastic/plastic343.jpg,6,Plastic,5,Papery,0.34843642,0.063500226,False
waste_type_identification/plastic/plastic344.jpg,6,Plastic,6,Plastic,0.3369972,0.058544636,True
waste_type_identification/plastic/plastic349.jpg,6,Plastic,6,Plastic,0.928446,0.91228247,True
waste_type_identification/plastic/plastic354.jpg,6,Plastic,6,Plastic,0.9118079,0.8890067,True
waste_type_identification/plastic/plastic36.jpg,6,Plastic,6,Plastic,0.8935497,0.8581821,True
waste_type_identification/plastic/plastic365.jpg,6,Plastic,6,Plastic,0.6865211,0.5168445,True
waste_type_identification/plastic/plastic367.jpg,6,Plastic,6,Plastic,0.71785116,0.63477933,True
waste_type_identification/plastic/plastic37.jpg,6,Plastic,6,Plastic,0.9048614,0.88069963,True
waste_type_identification/plastic/plastic383.jpg,6,Plastic,6,Plastic,0.8603072,0.8352102,True
waste_type_identification/plastic/plastic387.jpg,6,Plastic,6,Plastic,0.9217945,0.89370006,True
waste_type_identification/plastic/plastic388.jpg,6,Plastic,6,Plastic,0.93933296,0.92574084,True
waste_type_identification/plastic/plastic393.jpg,6,Plastic,6,Plastic,0.9097189,0.8929422,True
waste_type_identification/plastic/plastic397.jpg,6,Plastic,6,Plastic,0.924408,0.90592873,True
waste_type_identification/plastic/plastic398.jpg,6,Plastic,6,Plastic,0.81191355,0.73758835,True
waste_type_identification/plastic/plastic4.jpg,6,Plastic,2,Glass,0.31102303,0.15533121,False
waste_type_identification/plastic/plastic400.jpg,6,Plastic,6,Plastic,0.9538186,0.94101906,True
waste_type_identification/plastic/plastic404.jpg,6,Plastic,6,Plastic,0.46688378,0.2548668,True
waste_type_identification/plastic/plastic411.jpg,6,Plastic,6,Plastic,0.9347614,0.91726017,True
waste_type_identification/plastic/plastic412.jpg,6,Plastic,6,Plastic,0.65517366,0.520194,True
waste_type_identification/plastic/plastic418.jpg,6,Plastic,6,Plastic,0.9039151,0.88206106,True
waste_type_identification/plastic/plastic434.jpg,6,Plastic,6,Plastic,0.8060183,0.75423026,True
waste_type_identification/plastic/plastic443.jpg,6,Plastic,6,Plastic,0.85407305,0.81432796,True
waste_type_identification/plastic/plastic452.jpg,6,Plastic,6,Plastic,0.95323586,0.94375634,True
waste_type_identification/plastic/plastic457.jpg,6,Plastic,6,Plastic,0.77727216,0.7365051,True
waste_type_identification/plastic/plastic458.jpg,6,Plastic,6,Plastic,0.87649405,0.8393334,True
waste_type_identification/plastic/plastic459.jpg,6,Plastic,5,Papery,0.5759452,0.4346825,False
waste_type_identification/plastic/plastic461.jpg,6,Plastic,6,Plastic,0.68218833,0.47959578,True
waste_type_identification/plastic/plastic472.jpg,6,Plastic,6,Plastic,0.6247941,0.39746162,True
waste_type_identification/plastic/plastic477.jpg,6,Plastic,6,Plastic,0.92673224,0.91162485,True
waste_type_identification/plastic/plastic479.jpg,6,Plastic,2,Glass,0.4724737,0.24643552,False
waste_type_identification/plastic/plastic484.jpg,6,Plastic,5,Papery,0.37283862,0.14427155,False
waste_type_identification/plastic/plastic490.jpg,6,Plastic,6,Plastic,0.62608945,0.36630002,True
waste_type_identification/plastic/plastic497.jpg,6,Plastic,6,Plastic,0.42895335,0.11722061,True
waste_type_identification/plastic/plastic504.jpg,6,Plastic,6,Plastic,0.91745776,0.8926257,True
waste_type_identification/plastic/plastic510.jpg,6,Plastic,6,Plastic,0.9505074,0.9399044,True
waste_type_identification/plastic/plastic514.jpg,6,Plastic,6,Plastic,0.81954265,0.78160393,True
waste_type_identification/plastic/plastic530.jpg,6,Plastic,6,Plastic,0.9551111,0.9463538,True
waste_type_identification/plastic/plastic533.jpg,6,Plastic,6,Plastic,0.43579394,0.16249335,True
waste_type_identification/plastic/plastic547.jpg,6,Plastic,6,Plastic,0.87524015,0.85145706,True
waste_type_identification/plastic/plastic55.jpg,6,Plastic,6,Plastic,0.9296889,0.9156265,True
waste_type_identification/plastic/plastic551.jpg,6,Plastic,6,Plastic,0.93224746,0.9169286,True
waste_type_identification/plastic/plastic552.jpg,6,Plastic,6,Plastic,0.9089519,0.8812228,True
waste_type_identification/plastic/plastic556.jpg,6,Plastic,2,Glass,0.920731,0.9038647,False
waste_type_identification/plastic/plastic559.jpg,6,Plastic,6,Plastic,0.91637886,0.897308,True
waste_type_identification/plastic/plastic564.jpg,6,Plastic,6,Plastic,0.7251819,0.60699743,True
waste_type_identification/plastic/plastic567.jpg,6,Plastic,6,Plastic,0.91920763,0.90273607,True
waste_type_identification/plastic/plastic575.jpg,6,Plastic,2,Glass,0.54231644,0.349585,False
waste_type_identification/plastic/plastic576.jpg,6,Plastic,6,Plastic,0.9512861,0.93821895,True
waste_type_identification/plastic/plastic584.jpg,6,Plastic,6,Plastic,0.92984843,0.91156405,True
waste_type_identification/plastic/plastic587.jpg,6,Plastic,6,Plastic,0.90597105,0.884311,True
waste_type_identification/plastic/plastic589.jpg,6,Plastic,6,Plastic,0.905201,0.8809286,True
waste_type_identification/plastic/plastic597.jpg,6,Plastic,6,Plastic,0.9025374,0.8805364,True
waste_type_identification/plastic/plastic599.jpg,6,Plastic,6,Plastic,0.89384717,0.8673657,True
waste_type_identification/plastic/plastic6.jpg,6,Plastic,2,Glass,0.80874455,0.7576504,False
waste_type_identification/plastic/plastic60.jpg,6,Plastic,6,Plastic,0.8001471,0.7523715,True
waste_type_identification/plastic/plastic616.jpg,6,Plastic,6,Plastic,0.848873,0.811269,True
waste_type_identification/plastic/plastic62.jpg,6,Plastic,6,Plastic,0.93204147,0.9138922,True
waste_type_identification/plastic/plastic624.jpg,6,Plastic,6,Plastic,0.8855912,0.84795445,True
waste_type_identification/plastic/plastic630.jpg,6,Plastic,6,Plastic,0.8247748,0.7481983,True
waste_type_identification/plastic/plastic635.jpg,6,Plastic,6,Plastic,0.89454824,0.8729494,True
waste_type_identification/plastic/plastic646.jpg,6,Plastic,6,Plastic,0.89393705,0.8682667,True
waste_type_identification/plastic/plastic65.jpg,6,Plastic,6,Plastic,0.9283489,0.90956867,True
waste_type_identification/plastic/plastic655.jpg,6,Plastic,6,Plastic,0.63769865,0.53365487,True
waste_type_identification/plastic/plastic661.jpg,6,Plastic,6,Plastic,0.85828066,0.8183111,True
waste_type_identification/plastic/plastic662.jpg,6,Plastic,6,Plastic,0.9258311,0.9112153,True
waste_type_identification/plastic/plastic665.jpg,6,Plastic,6,Plastic,0.8382686,0.7853671,True
waste_type_identification/plastic/plastic668.jpg,6,Plastic,6,Plastic,0.71456355,0.5920687,True
waste_type_identification/plastic/plastic67.jpg,6,Plastic,2,Glass,0.8369358,0.780248,False
waste_type_identification/plastic/plastic671.jpg,6,Plastic,6,Plastic,0.9064428,0.8868025,True
waste_type_identification/plastic/plastic675.jpg,6,Plastic,6,Plastic,0.5515543,0.35635525,True
waste_type_identification/plastic/plastic677.jpg,6,Plastic,2,Glass,0.49865845,0.19863105,False
waste_type_identification/plastic/plastic679.jpg,6,Plastic,6,Plastic,0.9629761,0.9550233,True
waste_type_identification/plastic/plastic681.jpg,6,Plastic,6,Plastic,0.7797721,0.7327654,True
waste_type_identification/plastic/plastic683.jpg,6,Plastic,6,Plastic,0.7702523,0.63566256,True
waste_type_identification/plastic/plastic686.jpg,6,Plastic,7,Undifferentiated,0.46813238,0.13191682,False
waste_type_identification/plastic/plastic698.jpg,6,Plastic,6,Plastic,0.9348305,0.9213878,True
waste_type_identification/plastic/plastic699.jpg,6,Plastic,6,Plastic,0.915677,0.8932615,True
waste_type_identification/plastic/plastic700.jpg,6,Plastic,6,Plastic,0.87363696,0.8427961,True
waste_type_identification/plastic/plastic707.jpg,6,Plastic,6,Plastic,0.88341355,0.8531237,True
waste_type_identification/plastic/plastic722.jpg,6,Plastic,6,Plastic,0.9256007,0.9014899,True
waste_type_identification/plastic/plastic724.jpg,6,Plastic,6,Plastic,0.9464907,0.9360205,True
waste_type_identification/plastic/plastic726.jpg,6,Plastic,6,Plastic,0.55120873,0.2823167,True
waste_type_identification/plastic/plastic727.jpg,6,Plastic,6,Plastic,0.9353885,0.92145723,True
waste_type_identification/plastic/plastic729.jpg,6,Plastic,6,Plastic,0.9130498,0.8970284,True
waste_type_identification/plastic/plastic731.jpg,6,Plastic,6,Plastic,0.94828737,0.93490857,True
waste_type_identification/plastic/plastic733.jpg,6,Plastic,6,Plastic,0.94043237,0.92641735,True
waste_type_identification/plastic/plastic736.jpg,6,Plastic,6,Plastic,0.9370891,0.9252486,True
waste_type_identification/plastic/plastic743.jpg,6,Plastic,6,Plastic,0.5419801,0.29093814,True
waste_type_identification/plastic/plastic744.jpg,6,Plastic,6,Plastic,0.5697833,0.34983835,True
waste_type_identification/plastic/plastic749.jpg,6,Plastic,6,Plastic,0.6344588,0.38615742,True
waste_type_identification/plastic/plastic750.jpg,6,Plastic,6,Plastic,0.5295066,0.4223612,True
waste_type_identification/plastic/plastic755.jpg,6,Plastic,6,Plastic,0.49274737,0.27809113,True
waste_type_identification/plastic/plastic761.jpg,6,Plastic,6,Plastic,0.7160806,0.54213375,True
waste_type_identification/plastic/plastic768.jpg,6,Plastic,6,Plastic,0.81283253,0.7535173,True
waste_type_identification/plastic/plastic773.jpg,6,Plastic,6,Plastic,0.6830647,0.48438632,True
waste_type_identification/plastic/plastic777.jpg,6,Plastic,6,Plastic,0.9080674,0.8742502,True
waste_type_identification/plastic/plastic780.jpg,6,Plastic,6,Plastic,0.93789583,0.9233111,True
waste_type_identification/plastic/plastic784.jpg,6,Plastic,6,Plastic,0.61022455,0.43841952,True
waste_type_identification/plastic/plastic791.jpg,6,Plastic,6,Plastic,0.8834318,0.85269445,True
waste_type_identification/plastic/plastic803.jpg,6,Plastic,6,Plastic,0.82760864,0.7619382,True
waste_type_identification/plastic/plastic816.jpg,6,Plastic,6,Plastic,0.87700397,0.8228924,True
waste_type_identification/plastic/plastic827.jpg,6,Plastic,6,Plastic,0.9225551,0.90594107,True
waste_type_identification/plastic/plastic838.jpg,6,Plastic,2,Glass,0.6653778,0.5098324,False
waste_type_identification/plastic/plastic839.jpg,6,Plastic,6,Plastic,0.91283685,0.8869389,True
waste_type_identification/plastic/plastic842.jpg,6,Plastic,6,Plastic,0.86705625,0.8291305,True
waste_type_identification/plastic/plastic843.jpg,6,Plastic,6,Plastic,0.9220371,0.9045265,True
waste_type_identification/plastic/plastic846.jpg,6,Plastic,6,Plastic,0.6953491,0.53733987,True
waste_type_identification/plastic/plastic848.jpg,6,Plastic,6,Plastic,0.931535,0.9127714,True
waste_type_identification/plastic/plastic85.jpg,6,Plastic,6,Plastic,0.8797868,0.84643644,True
waste_type_identification/plastic/plastic850.jpg,6,Plastic,6,Plastic,0.8801932,0.83571684,True
waste_type_identification/plastic/plastic852.jpg,6,Plastic,6,Plastic,0.75589526,0.64988935,True
waste_type_identification/plastic/plastic853.jpg,6,Plastic,6,Plastic,0.811472,0.75490147,True
waste_type_identification/plastic/plastic855.jpg,6,Plastic,6,Plastic,0.9366458,0.9217002,True
waste_type_identification/plastic/plastic860.jpg,6,Plastic,6,Plastic,0.887351,0.85358196,True
waste_type_identification/plastic/plastic88.jpg,6,Plastic,6,Plastic,0.86000526,0.8107443,True
waste_type_identification/plastic/plastic98.jpg,6,Plastic,6,Plastic,0.92750293,0.9139247,True
waste_type_identification/undifferentiated/undifferentiated102.jpg,7,Undifferentiated,7,Undifferentiated,0.9207299,0.90055066,True
waste_type_identification/undifferentiated/undifferentiated103.jpg,7,Undifferentiated,7,Undifferentiated,0.9153138,0.89842147,True
waste_type_identification/undifferentiated/undifferentiated111.jpg,7,Undifferentiated,7,Undifferentiated,0.91396505,0.88633573,True
waste_type_identification/undifferentiated/undifferentiated119.jpg,7,Undifferentiated,7,Undifferentiated,0.9271032,0.9124666,True
waste_type_identification/undifferentiated/undifferentiated130.jpg,7,Undifferentiated,7,Undifferentiated,0.9397161,0.9224681,True
waste_type_identification/undifferentiated/undifferentiated132.jpg,7,Undifferentiated,7,Undifferentiated,0.9351719,0.91667867,True
waste_type_identification/undifferentiated/undifferentiated134.jpg,7,Undifferentiated,7,Undifferentiated,0.9404074,0.9285645,True
waste_type_identification/undifferentiated/undifferentiated137.jpg,7,Undifferentiated,7,Undifferentiated,0.9531481,0.94224423,True
waste_type_identification/undifferentiated/undifferentiated138.jpg,7,Undifferentiated,7,Undifferentiated,0.90452313,0.8746051,True
waste_type_identification/undifferentiated/undifferentiated151.jpg,7,Undifferentiated,7,Undifferentiated,0.9388184,0.9183509,True
waste_type_identification/undifferentiated/undifferentiated16.jpg,7,Undifferentiated,7,Undifferentiated,0.8633617,0.7942537,True
waste_type_identification/undifferentiated/undifferentiated160.jpg,7,Undifferentiated,7,Undifferentiated,0.9198607,0.9024861,True
waste_type_identification/undifferentiated/undifferentiated164.jpg,7,Undifferentiated,7,Undifferentiated,0.9580197,0.9493059,True
waste_type_identification/undifferentiated/undifferentiated171.jpg,7,Undifferentiated,7,Undifferentiated,0.93080115,0.9118256,True
waste_type_identification/undifferentiated/undifferentiated177.jpg,7,Undifferentiated,7,Undifferentiated,0.90490365,0.87314194,True
waste_type_identification/undifferentiated/undifferentiated180.jpg,7,Undifferentiated,7,Undifferentiated,0.95681256,0.94493914,True
waste_type_identification/undifferentiated/undifferentiated181.jpg,7,Undifferentiated,7,Undifferentiated,0.9067699,0.8839274,True
waste_type_identification/undifferentiated/undifferentiated185.jpg,7,Undifferentiated,7,Undifferentiated,0.9420776,0.9252043,True
waste_type_identification/undifferentiated/undifferentiated188.jpg,7,Undifferentiated,7,Undifferentiated,0.8901657,0.8586624,True
waste_type_identification/undifferentiated/undifferentiated197.jpg,7,Undifferentiated,7,Undifferentiated,0.9300704,0.91447425,True
waste_type_identification/undifferentiated/undifferentiated199.jpg,7,Undifferentiated,7,Undifferentiated,0.9225291,0.9057163,True
waste_type_identification/undifferentiated/undifferentiated201.jpg,7,Undifferentiated,7,Undifferentiated,0.9522506,0.9420581,True
waste_type_identification/undifferentiated/undifferentiated209.jpg,7,Undifferentiated,7,Undifferentiated,0.8927997,0.85873246,True
waste_type_identification/undifferentiated/undifferentiated220.jpg,7,Undifferentiated,7,Undifferentiated,0.9574522,0.9474577,True
waste_type_identification/undifferentiated/undifferentiated226.jpg,7,Undifferentiated,7,Undifferentiated,0.9088039,0.89227533,True
waste_type_identification/undifferentiated/undifferentiated23.jpg,7,Undifferentiated,7,Undifferentiated,0.9439743,0.93334,True
waste_type_identification/undifferentiated/undifferentiated230.jpg,7,Undifferentiated,7,Undifferentiated,0.94961613,0.93771935,True
waste_type_identification/undifferentiated/undifferentiated232.jpg,7,Undifferentiated,7,Undifferentiated,0.9515621,0.9366099,True
waste_type_identification/undifferentiated/undifferentiated235.jpg,7,Undifferentiated,7,Undifferentiated,0.9396611,0.92838985,True
waste_type_identification/undifferentiated/undifferentiated236.jpg,7,Undifferentiated,7,Undifferentiated,0.91308,0.8924607,True
waste_type_identification/undifferentiated/undifferentiated237.jpg,7,Undifferentiated,7,Undifferentiated,0.90793043,0.89018226,True
waste_type_identification/undifferentiated/undifferentiated239.jpg,7,Undifferentiated,7,Undifferentiated,0.9327883,0.919876,True
waste_type_identification/undifferentiated/undifferentiated24.jpg,7,Undifferentiated,7,Undifferentiated,0.92193395,0.9027189,True
waste_type_identification/undifferentiated/undifferentiated244.jpg,7,Undifferentiated,7,Undifferentiated,0.94699514,0.9346897,True
waste_type_identification/undifferentiated/undifferentiated249.jpg,7,Undifferentiated,7,Undifferentiated,0.9360868,0.9224694,True
waste_type_identification/undifferentiated/undifferentiated25.jpg,7,Undifferentiated,7,Undifferentiated,0.93069583,0.91500205,True
waste_type_identification/undifferentiated/undifferentiated250.jpg,7,Undifferentiated,7,Undifferentiated,0.93887806,0.92499083,True
waste_type_identification/undifferentiated/undifferentiated256.jpg,7,Undifferentiated,7,Undifferentiated,0.9517266,0.94134337,True
waste_type_identification/undifferentiated/undifferentiated265.jpg,7,Undifferentiated,7,Undifferentiated,0.6523296,0.51371515,True
waste_type_identification/undifferentiated/undifferentiated266.jpg,7,Undifferentiated,7,Undifferentiated,0.7413109,0.6153003,True
waste_type_identification/undifferentiated/undifferentiated270.jpg,7,Undifferentiated,7,Undifferentiated,0.94866586,0.93748176,True
waste_type_identification/undifferentiated/undifferentiated272.jpg,7,Undifferentiated,7,Undifferentiated,0.9262161,0.91206235,True
waste_type_identification/undifferentiated/undifferentiated273.jpg,7,Undifferentiated,7,Undifferentiated,0.9347367,0.91891557,True
waste_type_identification/undifferentiated/undifferentiated28.jpg,7,Undifferentiated,7,Undifferentiated,0.9513982,0.9387974,True
waste_type_identification/undifferentiated/undifferentiated280.jpg,7,Undifferentiated,7,Undifferentiated,0.9431618,0.9293907,True
waste_type_identification/undifferentiated/undifferentiated282.jpg,7,Undifferentiated,7,Undifferentiated,0.923592,0.9038937,True
waste_type_identification/undifferentiated/undifferentiated290.jpg,7,Undifferentiated,7,Undifferentiated,0.9280187,0.91462487,True
waste_type_identification/undifferentiated/undifferentiated291.jpg,7,Undifferentiated,7,Undifferentiated,0.91361606,0.8940766,True
waste_type_identification/undifferentiated/undifferentiated30.jpg,7,Undifferentiated,7,Undifferentiated,0.9015367,0.87255436,True
waste_type_identification/undifferentiated/undifferentiated301.jpg,7,Undifferentiated,7,Undifferentiated,0.9354266,0.92316586,True
waste_type_identification/undifferentiated/undifferentiated303.jpg,7,Undifferentiated,7,Undifferentiated,0.94392896,0.932503,True
waste_type_identification/undifferentiated/undifferentiated305.jpg,7,Undifferentiated,7,Undifferentiated,0.9376524,0.9247642,True
waste_type_identification/undifferentiated/undifferentiated306.jpg,7,Undifferentiated,7,Undifferentiated,0.91615695,0.90055686,True
waste_type_identification/undifferentiated/undifferentiated315.jpg,7,Undifferentiated,7,Undifferentiated,0.9388991,0.9261161,True
waste_type_identification/undifferentiated/undifferentiated318.jpg,7,Undifferentiated,7,Undifferentiated,0.8365438,0.79940456,True
waste_type_identification/undifferentiated/undifferentiated331.jpg,7,Undifferentiated,7,Undifferentiated,0.93617517,0.9184824,True
waste_type_identification/undifferentiated/undifferentiated334.jpg,7,Undifferentiated,7,Undifferentiated,0.9430758,0.93228376,True
waste_type_identification/undifferentiated/undifferentiated338.jpg,7,Undifferentiated,7,Undifferentiated,0.9282924,0.91495436,True
waste_type_identification/undifferentiated/undifferentiated342.jpg,7,Undifferentiated,7,Undifferentiated,0.87714,0.8279986,True
waste_type_identification/undifferentiated/undifferentiated350.jpg,7,Undifferentiated,7,Undifferentiated,0.939272,0.92762184,True
waste_type_identification/undifferentiated/undifferentiated36.jpg,7,Undifferentiated,7,Undifferentiated,0.92847496,0.8952783,True
waste_type_identification/undifferentiated/undifferentiated363.jpg,7,Undifferentiated,7,Undifferentiated,0.90857196,0.8899433,True
waste_type_identification/undifferentiated/undifferentiated370.jpg,7,Undifferentiated,7,Undifferentiated,0.89679664,0.8740745,True
waste_type_identification/undifferentiated/undifferentiated371.jpg,7,Undifferentiated,7,Undifferentiated,0.9240907,0.9100287,True
waste_type_identification/undifferentiated/undifferentiated378.jpg,7,Undifferentiated,7,Undifferentiated,0.9049381,0.8760324,True
waste_type_identification/undifferentiated/undifferentiated38.jpg,7,Undifferentiated,7,Undifferentiated,0.9231224,0.9008917,True
waste_type_identification/undifferentiated/undifferentiated399.jpg,7,Undifferentiated,7,Undifferentiated,0.9350612,0.91655385,True
waste_type_identification/undifferentiated/undifferentiated400.jpg,7,Undifferentiated,7,Undifferentiated,0.939084,0.9264297,True
waste_type_identification/undifferentiated/undifferentiated403.jpg,7,Undifferentiated,7,Undifferentiated,0.9579144,0.9484754,True
waste_type_identification/undifferentiated/undifferentiated409.jpg,7,Undifferentiated,7,Undifferentiated,0.93522686,0.9205815,True
waste_type_identification/undifferentiated/undifferentiated41.jpg,7,Undifferentiated,7,Undifferentiated,0.9591064,0.9498491,True
waste_type_identification/undifferentiated/undifferentiated413.jpg,7,Undifferentiated,7,Undifferentiated,0.9277299,0.91113955,True
waste_type_identification/undifferentiated/undifferentiated414.jpg,7,Undifferentiated,7,Undifferentiated,0.9635814,0.954297,True
waste_type_identification/undifferentiated/undifferentiated417.jpg,7,Undifferentiated,7,Undifferentiated,0.9358929,0.91217935,True
waste_type_identification/undifferentiated/undifferentiated421.jpg,7,Undifferentiated,7,Undifferentiated,0.92073,0.9013288,True
waste_type_identification/undifferentiated/undifferentiated43.jpg,7,Undifferentiated,7,Undifferentiated,0.9418251,0.93111384,True
waste_type_identification/undifferentiated/undifferentiated435.jpg,7,Undifferentiated,7,Undifferentiated,0.92016524,0.90238506,True
waste_type_identification/undifferentiated/undifferentiated437.jpg,7,Undifferentiated,7,Undifferentiated,0.89957744,0.86932707,True
waste_type_identification/undifferentiated/undifferentiated45.jpg,7,Undifferentiated,7,Undifferentiated,0.9283305,0.91376835,True
waste_type_identification/undifferentiated/undifferentiated455.jpg,7,Undifferentiated,7,Undifferentiated,0.91389346,0.8851366,True
waste_type_identification/undifferentiated/undifferentiated459.jpg,7,Undifferentiated,7,Undifferentiated,0.4267212,0.08880088,True
waste_type_identification/undifferentiated/undifferentiated460.jpg,7,Undifferentiated,7,Undifferentiated,0.44951817,0.275687,True
waste_type_identification/undifferentiated/undifferentiated470.jpg,7,Undifferentiated,7,Undifferentiated,0.9480294,0.9352205,True
waste_type_identification/undifferentiated/undifferentiated476.jpg,7,Undifferentiated,7,Undifferentiated,0.92136246,0.9040169,True
waste_type_identification/undifferentiated/undifferentiated48.jpg,7,Undifferentiated,7,Undifferentiated,0.92489064,0.9064922,True
waste_type_identification/undifferentiated/undifferentiated486.jpg,7,Undifferentiated,7,Undifferentiated,0.9337968,0.91974336,True
waste_type_identification/undifferentiated/undifferentiated488.jpg,7,Undifferentiated,7,Undifferentiated,0.9161603,0.90082794,True
waste_type_identification/undifferentiated/undifferentiated490.jpg,7,Undifferentiated,7,Undifferentiated,0.91677356,0.8983323,True
waste_type_identification/undifferentiated/undifferentiated494.jpg,7,Undifferentiated,7,Undifferentiated,0.52517474,0.24793023,True
waste_type_identification/undifferentiated/undifferentiated498.jpg,7,Undifferentiated,7,Undifferentiated,0.93314034,0.9183117,True
waste_type_identification/undifferentiated/undifferentiated513.jpg,7,Undifferentiated,7,Undifferentiated,0.9165856,0.8963968,True
waste_type_identification/undifferentiated/undifferentiated518.jpg,7,Undifferentiated,7,Undifferentiated,0.87976617,0.8453904,True
waste_type_identification/undifferentiated/undifferentiated524.jpg,7,Undifferentiated,7,Undifferentiated,0.9217835,0.90558094,True
waste_type_identification/undifferentiated/undifferentiated531.jpg,7,Undifferentiated,7,Undifferentiated,0.9192583,0.904127,True
waste_type_identification/undifferentiated/undifferentiated541.jpg,7,Undifferentiated,7,Undifferentiated,0.92605245,0.91176844,True
waste_type_identification/undifferentiated/undifferentiated543.jpg,7,Undifferentiated,7,Undifferentiated,0.95443994,0.94269127,True
waste_type_identification/undifferentiated/undifferentiated549.jpg,7,Undifferentiated,7,Undifferentiated,0.9535399,0.9433544,True
waste_type_identification/undifferentiated/undifferentiated552.jpg,7,Undifferentiated,7,Undifferentiated,0.9150381,0.896995,True
waste_type_identification/undifferentiated/undifferentiated555.jpg,7,Undifferentiated,7,Undifferentiated,0.92996603,0.9139958,True
waste_type_identification/undifferentiated/undifferentiated558.jpg,7,Undifferentiated,7,Undifferentiated,0.93318653,0.9177034,True
waste_type_identification/undifferentiated/undifferentiated564.jpg,7,Undifferentiated,7,Undifferentiated,0.89543116,0.86959386,True
waste_type_identification/undifferentiated/undifferentiated566.jpg,7,Undifferentiated,7,Undifferentiated,0.9552597,0.9457559,True
waste_type_identification/undifferentiated/undifferentiated569.jpg,7,Undifferentiated,7,Undifferentiated,0.9291241,0.9143593,True
waste_type_identification/undifferentiated/undifferentiated570.jpg,7,Undifferentiated,7,Undifferentiated,0.469472,0.29134643,True
waste_type_identification/undifferentiated/undifferentiated572.jpg,7,Undifferentiated,7,Undifferentiated,0.9365889,0.92414236,True
waste_type_identification/undifferentiated/undifferentiated577.jpg,7,Undifferentiated,7,Undifferentiated,0.9029784,0.8831882,True
waste_type_identification/undifferentiated/undifferentiated578.jpg,7,Undifferentiated,7,Undifferentiated,0.9302523,0.91285145,True
waste_type_identification/undifferentiated/undifferentiated579.jpg,7,Undifferentiated,7,Undifferentiated,0.8963229,0.87553275,True
waste_type_identification/undifferentiated/undifferentiated582.jpg,7,Undifferentiated,7,Undifferentiated,0.95289725,0.94318336,True
waste_type_identification/undifferentiated/undifferentiated583.jpg,7,Undifferentiated,7,Undifferentiated,0.9423014,0.93125767,True
waste_type_identification/undifferentiated/undifferentiated585.jpg,7,Undifferentiated,7,Undifferentiated,0.8993554,0.8717039,True
waste_type_identification/undifferentiated/undifferentiated594.jpg,7,Undifferentiated,7,Undifferentiated,0.9203543,0.9021824,True
waste_type_identification/undifferentiated/undifferentiated598.jpg,7,Undifferentiated,7,Undifferentiated,0.8870601,0.8653063,True
waste_type_identification/undifferentiated/undifferentiated60.jpg,7,Undifferentiated,7,Undifferentiated,0.94914436,0.9367868,True
waste_type_identification/undifferentiated/undifferentiated601.jpg,7,Undifferentiated,7,Undifferentiated,0.9537646,0.9440735,True
waste_type_identification/undifferentiated/undifferentiated604.jpg,7,Undifferentiated,0,Battery,0.5937975,0.45341974,False
waste_type_identification/undifferentiated/undifferentiated608.jpg,7,Undifferentiated,7,Undifferentiated,0.93684316,0.92437816,True
waste_type_identification/undifferentiated/undifferentiated620.jpg,7,Undifferentiated,7,Undifferentiated,0.93625426,0.9229399,True
waste_type_identification/undifferentiated/undifferentiated624.jpg,7,Undifferentiated,7,Undifferentiated,0.9243451,0.90826255,True
waste_type_identification/undifferentiated/undifferentiated626.jpg,7,Undifferentiated,7,Undifferentiated,0.9244296,0.9081471,True
waste_type_identification/undifferentiated/undifferentiated637.jpg,7,Undifferentiated,7,Undifferentiated,0.91754085,0.9003694,True
waste_type_identification/undifferentiated/undifferentiated647.jpg,7,Undifferentiated,7,Undifferentiated,0.8278561,0.78413206,True
waste_type_identification/undifferentiated/undifferentiated652.jpg,7,Undifferentiated,7,Undifferentiated,0.92565656,0.909389,True
waste_type_identification/undifferentiated/undifferentiated657.jpg,7,Undifferentiated,7,Undifferentiated,0.9224297,0.90087897,True
waste_type_identification/undifferentiated/undifferentiated658.jpg,7,Undifferentiated,7,Undifferentiated,0.9287867,0.9116196,True
waste_type_identification/undifferentiated/undifferentiated662.jpg,7,Undifferentiated,7,Undifferentiated,0.9333938,0.9200527,True
waste_type_identification/undifferentiated/undifferentiated671.jpg,7,Undifferentiated,7,Undifferentiated,0.53304535,0.37415397,True
waste_type_identification/undifferentiated/undifferentiated673.jpg,7,Undifferentiated,7,Undifferentiated,0.8964703,0.87223613,True
waste_type_identification/undifferentiated/undifferentiated680.jpg,7,Undifferentiated,7,Undifferentiated,0.95726764,0.9483303,True
waste_type_identification/undifferentiated/undifferentiated684.jpg,7,Undifferentiated,7,Undifferentiated,0.95444906,0.943417,True
waste_type_identification/undifferentiated/undifferentiated687.jpg,7,Undifferentiated,7,Undifferentiated,0.30773795,0.06726956,True
waste_type_identification/undifferentiated/undifferentiated690.jpg,7,Undifferentiated,7,Undifferentiated,0.93506473,0.91900235,True
waste_type_identification/undifferentiated/undifferentiated691.jpg,7,Undifferentiated,7,Undifferentiated,0.8084675,0.71894825,True
waste_type_identification/undifferentiated/undifferentiated692.jpg,7,Undifferentiated,7,Undifferentiated,0.87439287,0.8335294,True
waste_type_identification/undifferentiated/undifferentiated696.jpg,7,Undifferentiated,7,Undifferentiated,0.89904696,0.87837553,True
waste_type_identification/undifferentiated/undifferentiated70.jpg,7,Undifferentiated,7,Undifferentiated,0.90240103,0.87964475,True
waste_type_identification/undifferentiated/undifferentiated81.jpg,7,Undifferentiated,7,Undifferentiated,0.9525425,0.94130707,True
waste_type_identification/undifferentiated/undifferentiated84.jpg,7,Undifferentiated,7,Undifferentiated,0.9451151,0.93358237,True
waste_type_identification/undifferentiated/undifferentiated97.jpg,7,Undifferentiated,7,Undifferentiated,0.9405098,0.92723846,True
